# PUBLIC SHELL OBJ - display only, not CAD source
# Precision intentionally degraded; multi-part structure removed
o shell
v -12.525 -14.597 23.828
v -12.807 -18.411 22.745
v -10.742 -19.687 22.741
v -14.734 -16.901 22.747
v -16.482 -15.211 22.744
v -7.718 -14.123 24.913
v -9.188 -13.189 24.908
v -10.548 -12.149 24.91
v -11.817 -10.923 24.912
v -15.298 -11.674 23.83
v -18.034 -13.325 22.745
v -19.353 -11.301 22.745
v -12.901 -9.558 24.911
v -13.896 -8.103 24.908
v -17.427 -8.243 23.825
v -20.488 -9.186 22.742
v -21.334 -6.877 22.743
v -14.696 -6.595 24.908
v -15.304 -4.944 24.91
v -18.746 -4.429 23.825
v -21.939 -4.564 22.747
v -22.322 -2.167 22.743
v -15.729 -3.25 24.91
v -16.014 -1.556 24.909
v -19.255 -0.468 23.83
v -22.41 0.286 22.746
v -22.269 2.687 22.746
v -16.102 0.19 24.912
v -15.969 1.926 24.907
v -18.93 3.579 23.827
v -21.851 5.085 22.743
v -21.139 7.443 22.746
v -15.678 3.675 24.912
v -15.159 5.324 24.912
v -17.759 7.389 23.824
v -20.244 9.656 22.746
v -14.5 6.925 24.912
v -15.82 10.926 23.828
v -19.075 11.817 22.742
v -17.705 13.797 22.744
v -13.662 8.472 24.907
v -12.67 9.887 24.909
v -13.231 13.986 23.828
v -16.11 15.63 22.742
v -14.32 17.279 22.742
v -11.533 11.21 24.912
v -10.261 12.388 24.913
v -10.033 16.432 23.826
v -12.334 18.744 22.746
v -10.26 19.97 22.747
v -8.859 13.416 24.907
v -7.344 14.317 24.911
v -6.404 18.177 23.828
v -8.055 20.953 22.743
v -5.746 21.708 22.744
v -5.744 15.022 24.911
v -4.103 15.535 24.907
v -2.454 19.115 23.825
v -3.34 22.181 22.746
v -0.938 22.417 22.746
v -2.399 15.918 24.912
v -0.66 16.057 24.91
v 1.556 19.214 23.828
v 1.504 22.365 22.743
v 3.909 22.085 22.744
v 1.086 16.059 24.912
v 2.779 15.822 24.911
v 5.509 18.458 23.827
v 7.727 14.13 24.912
v 10.733 19.681 22.742
v 6.257 21.516 22.741
v 8.569 20.718 22.743
v 4.472 15.444 24.91
v 6.119 14.879 24.909
v -12.853 -18.457 18.696
v -10.789 -19.734 18.692
v -10.881 -19.921 18.834
v -12.955 -18.604 22.553
v -10.872 -19.868 22.558
v -13.047 -18.744 22.366
v -10.927 -20.062 22.366
v -13.134 -18.88 22.181
v -11.024 -20.205 22.176
v -13.236 -19.027 21.942
v -11.116 -20.345 21.942
v -13.323 -19.116 21.71
v -11.165 -20.44 21.706
v -13.377 -19.168 21.471
v -11.201 -20.526 21.476
v -13.422 -19.261 21.236
v -11.258 -20.58 21.236
v -13.417 -19.257 20.957
v -11.257 -20.627 20.954
v -13.423 -19.308 20.671
v -11.256 -20.626 20.671
v -13.417 -19.257 20.439
v -11.253 -20.624 20.438
v -14.878 -17.092 22.557
v -13.425 -19.263 20.152
v -11.259 -20.581 20.152
v -15.016 -17.231 22.37
v -13.368 -19.209 19.921
v -11.205 -20.53 19.92
v -15.111 -17.326 22.181
v -13.321 -19.115 19.686
v -11.163 -20.439 19.682
v -15.205 -17.467 21.946
v -13.233 -19.025 19.448
v -11.114 -20.343 19.448
v -15.309 -17.568 21.706
v -13.188 -18.932 19.211
v -11.072 -20.206 19.21
v -15.35 -17.611 21.473
v -13.096 -18.792 19.022
v -10.974 -20.061 19.023
v -15.4 -17.66 21.237
v -12.992 -18.644 18.838
v -14.788 -16.953 18.694
v -15.45 -17.709 20.952
v -15.449 -17.708 20.67
v -15.444 -17.705 20.437
v -16.621 -15.35 22.557
v -15.392 -17.701 20.157
v -16.768 -15.495 22.365
v -15.357 -17.615 19.916
v -16.903 -15.632 22.18
v -15.298 -17.56 19.686
v -16.993 -15.723 21.947
v -15.215 -17.474 19.445
v -17.094 -15.776 21.708
v -15.109 -17.372 19.216
v -17.188 -15.869 21.473
v -15.028 -17.239 19.021
v -17.235 -15.916 21.237
v -14.921 -17.136 18.839
v -17.237 -15.965 20.953
v -17.277 -15.96 20.675
v -17.231 -15.961 20.439
v -18.182 -13.471 22.553
v -17.238 -15.919 20.153
v -18.365 -13.609 22.367
v -17.183 -15.866 19.921
v -18.51 -13.706 22.177
v -17.095 -15.823 19.683
v -18.606 -13.801 21.941
v -17.044 -15.726 19.449
v -18.701 -13.849 21.705
v -16.905 -15.633 19.213
v -18.787 -13.89 21.474
v -16.813 -15.541 19.023
v -18.836 -13.939 21.237
v -16.67 -15.398 18.836
v -16.532 -15.26 18.693
v -18.084 -13.374 18.694
v -18.887 -13.988 20.953
v -18.883 -13.986 20.672
v -18.883 -13.986 20.437
v -19.542 -11.442 22.556
v -18.839 -13.941 20.153
v -19.735 -11.54 22.365
v -18.786 -13.937 19.92
v -19.867 -11.628 22.181
v -18.74 -13.843 19.684
v -19.969 -11.681 21.942
v -18.644 -13.795 19.45
v -20.11 -11.774 21.707
v -18.51 -13.706 19.211
v -20.196 -11.816 21.475
v -18.415 -13.611 19.023
v -20.249 -11.82 21.237
v -18.218 -13.511 18.838
v -20.292 -11.864 20.956
v -20.295 -11.866 20.672
v -20.291 -11.863 20.439
v -20.673 -9.23 22.555
v -20.247 -11.818 20.155
v -20.865 -9.327 22.365
v -20.205 -11.822 19.917
v -21.002 -9.418 22.179
v -20.113 -11.777 19.68
v -21.145 -9.466 21.943
v -20.009 -11.723 19.45
v -21.236 -9.511 21.709
v -19.876 -11.634 19.21
v -21.338 -9.564 21.469
v -19.784 -11.541 19.021
v -21.422 -9.556 21.239
v -19.591 -11.444 18.835
v -19.443 -11.345 18.697
v -21.429 -9.609 20.953
v -21.473 -9.606 20.672
v -21.429 -9.608 20.435
v -21.568 -6.97 22.555
v -21.428 -9.561 20.153
v -21.704 -7.013 22.37
v -21.337 -9.563 19.916
v -21.897 -7.063 22.179
v -21.281 -9.51 19.685
v -22.035 -7.108 21.945
v -21.147 -9.468 19.446
v -22.133 -7.158 21.708
v -21.048 -9.417 19.213
v -22.224 -7.203 21.474
v -20.905 -9.369 19.026
v -22.321 -7.205 21.237
v -20.717 -9.275 18.837
v -20.528 -9.18 18.696
v -22.371 -7.207 20.953
v -22.369 -7.206 20.672
v -22.373 -7.209 20.434
v -22.175 -4.565 22.558
v -22.326 -7.208 20.152
v -22.365 -4.613 22.369
v -22.269 -7.201 19.921
v -22.503 -4.658 22.182
v -22.183 -7.16 19.681
v -22.694 -4.707 21.945
v -22.036 -7.109 19.449
v -22.795 -4.711 21.707
v -21.937 -7.059 19.216
v -22.89 -4.759 21.471
v -21.759 -7.019 19.022
v -22.983 -4.759 21.235
v -21.614 -6.969 18.836
v -21.431 -6.926 18.692
v -22.045 -4.572 18.691
v -23.023 -4.754 20.957
v -23.03 -4.759 20.67
v -23.021 -4.752 20.44
v -22.553 -2.164 22.557
v -22.982 -4.757 20.153
v -22.743 -2.165 22.368
v -22.883 -4.754 19.92
v -22.882 -2.211 22.181
v -22.794 -4.711 19.682
v -23.03 -2.216 21.942
v -22.703 -4.713 19.445
v -23.162 -2.209 21.711
v -22.559 -4.664 19.211
v -23.26 -2.212 21.474
v -22.42 -4.665 19.022
v -23.355 -2.259 21.238
v -22.225 -4.614 18.836
v -23.399 -2.257 20.957
v -23.404 -2.261 20.672
v -23.402 -2.259 20.438
v -22.652 0.281 22.555
v -23.355 -2.259 20.155
v -22.832 0.287 22.371
v -23.26 -2.259 19.92
v -23.031 0.28 22.177
v -23.162 -2.209 19.687
v -23.168 0.283 21.944
v -23.07 -2.21 19.45
v -23.262 0.282 21.708
v -22.927 -2.209 19.215
v -23.35 0.287 21.476
v -22.79 -2.165 19.025
v -23.456 0.279 21.235
v -22.6 -2.164 18.837
v -22.413 -2.165 18.695
v -23.496 0.284 20.956
v -23.503 0.279 20.669
v -23.497 0.283 20.437
v -22.457 2.734 22.558
v -23.455 0.28 20.152
v -22.646 2.734 22.369
v -23.401 0.284 19.92
v -22.839 2.778 22.179
v -23.308 0.283 19.684
v -22.976 2.781 21.945
v -23.172 0.28 19.446
v -23.118 2.827 21.71
v -23.029 0.281 19.212
v -23.215 2.825 21.473
v -22.886 0.282 19.024
v -23.258 2.828 21.24
v -22.691 0.287 18.839
v -22.507 0.284 18.695
v -23.305 2.828 20.957
v -23.354 2.827 20.674
v -23.31 2.825 20.437
v -22.035 5.135 22.557
v -23.256 2.83 20.158
v -22.232 5.175 22.364
v -23.222 2.821 19.916
v -22.408 5.232 22.182
v -23.123 2.824 19.682
v -22.559 5.272 21.942
v -23.023 2.781 19.45
v -22.655 5.27 21.706
v -22.884 2.779 19.213
v -22.748 5.318 21.471
v -22.7 2.776 19.023
v -22.839 5.321 21.237
v -22.555 2.732 18.836
v -22.326 2.727 18.692
v -22.888 5.32 20.954
v -22.887 5.32 20.671
v -22.886 5.321 20.437
v -21.375 7.49 22.558
v -22.833 5.325 20.157
v -21.568 7.581 22.367
v -22.79 5.322 19.92
v -21.712 7.626 22.177
v -22.693 5.277 19.685
v -21.847 7.677 21.945
v -22.557 5.273 19.447
v -21.939 7.726 21.711
v -22.459 5.229 19.214
v -22.033 7.726 21.475
v -22.275 5.179 19.023
v -22.135 7.768 21.236
v -22.133 5.179 18.835
v -21.9 5.13 18.693
v -22.182 7.768 20.953
v -22.183 7.767 20.67
v -22.182 7.768 20.436
v -20.434 9.75 22.557
v -22.136 7.767 20.152
v -20.629 9.839 22.366
v -22.088 7.721 19.917
v -20.768 9.935 22.178
v -21.991 7.722 19.683
v -20.912 9.98 21.942
v -21.899 7.674 19.447
v -21.002 10.03 21.708
v -21.761 7.624 19.21
v -21.092 10.08 21.475
v -21.616 7.58 19.023
v -21.143 10.124 21.237
v -21.419 7.539 18.839
v -21.232 7.444 18.697
v -21.186 10.127 20.957
v -21.193 10.122 20.671
v -21.194 10.121 20.435
v -19.254 11.917 22.559
v -21.147 10.122 20.152
v -19.401 12.008 22.367
v -21.092 10.08 19.921
v -19.542 12.102 22.179
v -21.002 10.03 19.683
v -19.689 12.193 21.941
v -20.909 9.982 19.447
v -19.782 12.24 21.706
v -20.815 9.935 19.212
v -19.874 12.289 21.472
v -20.619 9.893 19.027
v -19.914 12.341 21.24
v -20.486 9.793 18.835
v -20.29 9.705 18.697
v -19.962 12.388 20.957
v -19.972 12.38 20.669
v -19.973 12.38 20.433
v -17.847 13.938 22.556
v -19.96 12.342 20.157
v -17.99 14.031 22.367
v -19.876 12.288 19.917
v -18.127 14.175 22.18
v -19.826 12.242 19.683
v -18.265 14.225 21.947
v -19.73 12.197 19.448
v -18.363 14.316 21.709
v -19.587 12.151 19.214
v -18.412 14.362 21.473
v -19.451 12.053 19.022
v -18.502 14.412 21.239
v -19.308 11.96 18.835
v -19.114 11.87 18.697
v -18.502 14.459 20.957
v -18.549 14.459 20.674
v -18.506 14.457 20.437
v -16.251 15.771 22.553
v -18.506 14.41 20.155
v -16.388 15.916 22.367
v -18.46 14.409 19.918
v -16.488 16.006 22.176
v -18.359 14.32 19.687
v -16.627 16.148 21.941
v -18.265 14.272 19.451
v -16.723 16.195 21.705
v -18.173 14.177 19.214
v -16.758 16.297 21.476
v -18.03 14.084 19.027
v -16.809 16.341 21.238
v -17.893 13.986 18.836
v -17.753 13.844 18.694
v -16.859 16.386 20.954
v -16.857 16.388 20.673
v -16.851 16.392 20.44
v -14.458 17.422 22.555
v -16.807 16.343 20.156
v -14.548 17.566 22.369
v -16.766 16.291 19.918
v -14.687 17.709 22.181
v -16.72 16.243 19.682
v -14.787 17.846 21.943
v -16.621 16.153 19.449
v -14.837 17.938 21.706
v -16.534 16.054 19.21
v -14.93 17.986 21.471
v -16.436 15.962 19.023
v -14.971 18.085 21.239
v -16.3 15.817 18.832
v -16.147 15.684 18.697
v -14.356 17.333 18.698
v -14.973 18.083 20.956
v -14.973 18.083 20.673
v -14.974 18.082 20.437
v -12.481 18.882 22.555
v -14.975 18.082 20.154
v -12.569 19.074 22.369
v -14.921 18.04 19.922
v -12.669 19.211 22.178
v -14.874 17.945 19.686
v -12.759 19.308 21.945
v -14.787 17.846 19.447
v -12.814 19.444 21.705
v -14.692 17.753 19.212
v -12.856 19.495 21.473
v -14.593 17.615 19.027
v -12.908 19.586 21.235
v -14.505 17.469 18.835
v -12.944 19.593 20.957
v -12.952 19.635 20.671
v -12.955 19.586 20.434
v -10.361 20.154 22.555
v -12.903 19.589 20.154
v -10.459 20.292 22.365
v -12.896 19.547 19.922
v -10.504 20.435 22.178
v -12.859 19.445 19.682
v -10.59 20.582 21.946
v -12.763 19.352 19.447
v -10.636 20.724 21.711
v -12.713 19.213 19.213
v -10.694 20.81 21.47
v -12.624 19.116 19.022
v -10.74 20.858 21.235
v -12.525 18.93 18.836
v -12.381 18.792 18.697
v -10.733 20.91 20.957
v -10.74 20.905 20.67
v -10.74 20.905 20.435
v -8.094 21.147 22.558
v -10.731 20.865 20.157
v -8.2 21.327 22.364
v -10.684 20.818 19.922
v -8.245 21.47 22.177
v -10.64 20.721 19.685
v -8.288 21.614 21.943
v -10.589 20.63 19.451
v -8.33 21.758 21.71
v -10.547 20.485 19.213
v -8.384 21.801 21.472
v -10.456 20.341 19.023
v -8.428 21.897 21.238
v -10.365 20.198 18.833
v -10.313 20.013 18.694
v -8.425 21.946 20.957
v -8.425 21.947 20.675
v -8.431 21.943 20.436
v -5.795 21.894 22.554
v -8.428 21.897 20.155
v -5.841 22.084 22.367
v -8.378 21.852 19.921
v -5.889 22.224 22.178
v -8.339 21.752 19.681
v -5.939 22.364 21.941
v -8.283 21.665 19.45
v -5.939 22.504 21.705
v -8.246 21.516 19.21
v -5.976 22.606 21.475
v -8.196 21.377 19.023
v -5.987 22.646 21.234
v -8.15 21.188 18.834
v -8.049 21.004 18.696
v -5.982 22.696 20.954
v -6.033 22.74 20.67
v -5.978 22.698 20.438
v -3.39 22.368 22.556
v -5.983 22.695 20.153
v -3.386 22.559 22.37
v -5.985 22.6 19.917
v -3.441 22.742 22.177
v -5.929 22.512 19.686
v -3.441 22.883 21.942
v -5.931 22.416 19.449
v -3.49 23.023 21.706
v -5.888 22.272 19.212
v -3.484 23.122 21.473
v -5.844 22.129 19.022
v -3.48 23.171 21.24
v -5.797 21.94 18.833
v -5.747 21.754 18.694
v -3.35 22.269 18.691
v -3.532 23.215 20.955
v -3.528 23.265 20.674
v -3.532 23.215 20.437
v -0.94 22.604 22.557
v -3.49 23.164 20.152
v -0.947 22.787 22.365
v -3.481 23.123 19.921
v -0.942 22.98 22.179
v -3.491 23.022 19.68
v -0.938 23.124 21.946
v -3.48 22.936 19.45
v -0.994 23.258 21.706
v -3.444 22.787 19.21
v -0.987 23.358 21.474
v -3.432 22.654 19.027
v -0.989 23.45 21.237
v -3.388 22.464 18.837
v -0.988 23.451 20.955
v -0.993 23.495 20.67
v -0.992 23.449 20.436
v 1.509 22.605 22.557
v -0.993 23.448 20.152
v 1.51 22.793 22.369
v -0.992 23.354 19.917
v 1.56 22.937 22.182
v -0.994 23.259 19.681
v 1.55 23.118 21.942
v -0.986 23.17 19.449
v 1.557 23.218 21.71
v -0.942 23.027 19.213
v 1.547 23.305 21.469
v -0.948 22.881 19.021
v 1.557 23.405 21.239
v -0.939 22.699 18.837
v -0.945 22.506 18.693
v 1.511 22.464 18.696
v 1.558 23.454 20.957
v 1.548 23.446 20.669
v 1.549 23.447 20.434
v 3.956 22.274 22.556
v 1.558 23.406 20.156
v 3.95 22.505 22.365
v 1.554 23.357 19.919
v 4.006 22.652 22.181
v 1.555 23.263 19.684
v 4.054 22.794 21.946
v 1.554 23.121 19.448
v 4.051 22.934 21.709
v 1.553 22.979 19.212
v 4.049 23.026 21.473
v 1.513 22.843 19.027
v 4.098 23.075 21.238
v 1.502 22.647 18.833
v 3.907 22.178 18.694
v 4.102 23.125 20.957
v 4.094 23.166 20.671
v 4.101 23.124 20.439
v 6.306 21.752 22.554
v 4.1 23.076 20.156
v 6.404 21.944 22.368
v 4.047 23.025 19.917
v 6.447 22.082 22.177
v 4.043 22.928 19.68
v 6.454 22.228 21.945
v 4.055 22.842 19.45
v 6.495 22.365 21.707
v 3.997 22.693 19.21
v 6.548 22.464 21.474
v 3.999 22.554 19.023
v 6.552 22.513 21.241
v 3.961 22.372 18.839
v 6.543 22.554 20.954
v 6.595 22.558 20.674
v 6.542 22.553 20.435
v 8.662 20.906 22.555
v 10.871 19.867 22.553
v 6.546 22.509 20.155
v 8.717 21.1 22.37
v 10.929 20.063 22.37
v 11.025 20.206 22.182
v 6.546 22.462 19.919
v 8.809 21.287 22.181
v 6.504 22.371 19.686
v 8.853 21.379 21.944
v 11.112 20.342 21.943
v 6.493 22.27 19.445
v 8.906 21.524 21.711
v 11.167 20.441 21.711
v 11.209 20.532 21.474
v 6.453 22.133 19.213
v 8.951 21.617 21.475
v 6.401 21.988 19.022
v 8.941 21.657 21.234
v 11.259 20.581 21.24
v 6.358 21.803 18.836
v 6.306 21.611 18.692
v 8.95 21.71 20.956
v 11.256 20.626 20.955
v 11.251 20.623 20.671
v 8.996 21.709 20.673
v 8.944 21.706 20.435
v 11.255 20.626 20.437
v 8.947 21.661 20.154
v 11.261 20.582 20.157
v 11.206 20.53 19.918
v 8.948 21.615 19.919
v 8.9 21.52 19.683
v 11.157 20.435 19.682
v 8.858 21.43 19.451
v 11.12 20.347 19.451
v 8.812 21.289 19.216
v 11.062 20.199 19.21
v 10.97 20.059 19.023
v 8.755 21.14 19.022
v 8.663 21.001 18.835
v 10.873 19.916 18.833
v 10.789 19.734 18.697
v 8.576 20.817 18.697
v 7.305 17.71 15.966
v 9.139 16.719 16.012
v 9.179 16.808 15.962
v 7.199 17.466 17.655
v 9.037 16.573 17.657
v 9.039 16.527 17.611
v -9.139 -16.719 16.009
v -10.883 -15.637 16.008
v -9.18 -16.809 15.965
v -10.928 -15.73 15.962
v -9.09 -16.624 16.056
v -10.832 -15.54 16.057
v -9.04 -16.575 16.105
v -10.786 -15.494 16.103
v -8.998 -16.484 16.197
v -10.741 -15.401 16.196
v -8.996 -16.436 16.292
v -10.688 -15.35 16.293
v -8.95 -16.389 16.338
v -10.646 -15.307 16.338
v -8.906 -16.345 16.478
v -10.647 -15.26 16.479
v -8.899 -16.293 16.576
v -10.597 -15.211 16.575
v -10.596 -15.211 16.669
v -8.894 -16.241 16.673
v -8.856 -16.248 16.762
v -10.594 -15.209 16.764
v -8.855 -16.247 16.857
v -10.602 -15.167 16.855
v -8.859 -16.25 16.996
v -10.597 -15.211 16.999
v -10.599 -15.213 17.091
v -8.899 -16.245 17.094
v -10.591 -15.207 17.19
v -8.903 -16.295 17.186
v -10.648 -15.261 17.279
v -8.902 -16.295 17.281
v -10.648 -15.308 17.373
v -8.947 -16.34 17.376
v -10.683 -15.347 17.473
v -8.944 -16.385 17.472
v -10.735 -15.397 17.565
v -8.994 -16.481 17.565
v -10.783 -15.492 17.659
v -10.732 -15.442 17.614
v -9.035 -16.571 17.662
v -9.035 -16.524 17.614
v -12.525 -14.362 16.011
v -12.57 -14.454 15.965
v -12.426 -14.264 16.06
v -12.381 -14.218 16.106
v -12.34 -14.176 16.198
v -12.284 -14.123 16.296
v -12.241 -14.078 16.341
v -12.201 -14.036 16.479
v -12.198 -13.987 16.575
v -12.152 -13.988 16.668
v -12.15 -13.939 16.763
v -12.152 -13.94 16.857
v -12.15 -13.939 16.999
v -12.148 -13.985 17.094
v -12.202 -13.989 17.185
v -12.199 -14.035 17.28
v -12.249 -14.037 17.373
v -12.294 -14.082 17.469
v -12.344 -14.132 17.561
v -12.437 -14.272 17.656
v -12.391 -14.178 17.608
v -13.986 -12.903 16.01
v -14.074 -12.992 15.966
v -13.945 -12.86 16.054
v -13.846 -12.81 16.104
v -13.795 -12.76 16.2
v -13.749 -12.714 16.293
v -13.708 -12.671 16.337
v -13.662 -12.624 16.478
v -13.606 -12.571 16.577
v -13.611 -12.575 16.668
v -13.608 -12.573 16.764
v -13.602 -12.568 16.861
v -13.608 -12.572 17
v -13.614 -12.576 17.091
v -13.615 -12.577 17.185
v -13.65 -12.616 17.285
v -13.705 -12.668 17.375
v -13.745 -12.664 17.473
v -13.802 -12.717 17.562
v -13.841 -12.759 17.613
v -13.896 -12.812 17.656
v -15.299 -11.345 16.013
v -15.401 -11.397 15.962
v -15.213 -11.304 16.056
v -15.162 -11.207 16.105
v -15.118 -11.162 16.198
v -15.022 -11.114 16.293
v -14.974 -11.113 16.34
v -14.928 -11.067 16.481
v -14.921 -11.062 16.579
v -14.877 -11.017 16.671
v -14.877 -11.017 16.766
v -14.885 -11.022 16.856
v -14.885 -11.022 16.997
v -14.885 -11.022 17.091
v -14.931 -11.021 17.186
v -14.927 -11.066 17.282
v -14.977 -11.115 17.375
v -15.019 -11.111 17.472
v -15.062 -11.156 17.568
v -15.117 -11.208 17.611
v -15.205 -11.251 17.661
v -16.429 -9.603 16.013
v -16.525 -9.651 15.965
v -16.34 -9.559 16.058
v -16.291 -9.51 16.106
v -16.195 -9.462 16.201
v -16.148 -9.462 16.295
v -16.11 -9.422 16.337
v -16.059 -9.372 16.48
v -16.016 -9.375 16.573
v -16.008 -9.369 16.671
v -15.959 -9.32 16.766
v -15.963 -9.323 16.858
v -15.967 -9.326 16.997
v -16.004 -9.366 17.097
v -16.009 -9.37 17.188
v -16.064 -9.375 17.279
v -16.107 -9.419 17.375
v -16.15 -9.417 17.471
v -16.199 -9.465 17.564
v -16.243 -9.51 17.613
v -16.336 -9.557 17.66
v -17.372 -7.767 16.013
v -17.472 -7.818 15.962
v -17.276 -7.718 16.061
v -17.231 -7.72 16.106
v -17.144 -7.678 16.197
v -17.087 -7.624 16.296
v -17.046 -7.628 16.34
v -17.003 -7.584 16.479
v -16.952 -7.581 16.576
v -16.907 -7.582 16.669
v -16.905 -7.582 16.764
v -16.902 -7.579 16.86
v -16.905 -7.581 17
v -16.903 -7.58 17.095
v -16.958 -7.585 17.185
v -16.949 -7.579 17.284
v -16.995 -7.626 17.378
v -17.052 -7.632 17.467
v -17.141 -7.676 17.564
v -17.182 -7.672 17.614
v -17.241 -7.727 17.656
v -18.13 -5.839 16.01
v -18.222 -5.885 15.964
v -18.037 -5.84 16.057
v -17.938 -5.79 16.106
v -17.9 -5.796 16.196
v -17.803 -5.747 16.291
v -17.747 -5.741 16.343
v -17.704 -5.697 16.482
v -17.66 -5.699 16.575
v -17.616 -5.701 16.667
v -17.613 -5.699 16.763
v -17.607 -5.695 16.86
v -17.612 -5.698 16.999
v -17.606 -5.694 17.096
v -17.657 -5.696 17.189
v -17.704 -5.697 17.283
v -17.747 -5.741 17.379
v -17.794 -5.741 17.473
v -17.846 -5.744 17.565
v -17.888 -5.788 17.614
v -17.982 -5.788 17.662
v -18.651 -3.864 16.009
v -18.748 -3.866 15.96
v -18.552 -3.86 16.058
v -18.466 -3.819 16.101
v -18.417 -3.817 16.196
v -18.314 -3.811 16.295
v -18.265 -3.763 16.343
v -18.219 -3.764 16.484
v -18.181 -3.77 16.573
v -18.131 -3.768 16.669
v -18.124 -3.763 16.767
v -18.129 -3.767 16.858
v -18.133 -3.77 16.998
v -18.131 -3.769 17.093
v -18.181 -3.77 17.185
v -18.224 -3.767 17.282
v -18.265 -3.763 17.379
v -18.317 -3.767 17.47
v -18.369 -3.817 17.563
v -18.414 -3.816 17.61
v -18.505 -3.814 17.659
v -18.837 -1.79 17.658
v -18.984 -1.841 16.007
v -19.077 -1.841 15.96
v -18.88 -1.787 16.059
v -18.788 -1.789 16.105
v -18.699 -1.793 16.196
v -18.652 -1.793 16.29
v -18.553 -1.789 16.34
v -18.508 -1.791 16.48
v -18.458 -1.789 16.576
v -18.464 -1.793 16.667
v -18.416 -1.792 16.762
v -18.405 -1.785 16.861
v -18.412 -1.789 17
v -18.456 -1.787 17.095
v -18.458 -1.789 17.188
v -18.507 -1.79 17.281
v -18.557 -1.792 17.374
v -18.598 -1.788 17.471
v -18.647 -1.789 17.564
v -18.745 -1.792 17.61
v -19.021 0.237 16.012
v -19.121 0.234 15.962
v -18.926 0.238 16.06
v -18.885 0.234 16.104
v -18.783 0.239 16.201
v -18.69 0.239 16.295
v -18.649 0.234 16.339
v -18.604 0.233 16.48
v -18.557 0.233 16.573
v -18.512 0.231 16.667
v -18.501 0.239 16.767
v -18.511 0.232 16.855
v -18.512 0.231 16.996
v -18.5 0.24 17.097
v -18.556 0.233 17.186
v -18.601 0.235 17.282
v -18.647 0.236 17.376
v -18.694 0.236 17.471
v -18.743 0.235 17.564
v -18.83 0.239 17.614
v -18.882 0.236 17.659
v -18.787 2.261 17.659
v -18.881 2.309 16.012
v -19.02 2.31 15.965
v -18.793 2.305 16.056
v -18.744 2.259 16.103
v -18.645 2.262 16.2
v -18.549 2.263 16.295
v -18.511 2.257 16.338
v -18.463 2.258 16.479
v -18.407 2.264 16.578
v -18.416 2.21 16.667
v -18.359 2.217 16.767
v -18.358 2.218 16.861
v -18.359 2.217 17.002
v -18.414 2.212 17.092
v -18.405 2.218 17.191
v -18.46 2.26 17.282
v -18.506 2.26 17.376
v -18.557 2.258 17.469
v -18.604 2.258 17.562
v -18.688 2.265 17.615
v -18.556 4.33 16.009
v -18.654 4.328 15.96
v -18.46 4.285 16.057
v -18.371 4.281 16.101
v -18.276 4.281 16.196
v -18.23 4.234 16.29
v -18.174 4.24 16.341
v -18.127 4.24 16.482
v -18.084 4.237 16.575
v -18.036 4.19 16.669
v -18.041 4.187 16.761
v -18.04 4.187 16.856
v -18.031 4.194 17.001
v -18.035 4.191 17.094
v -18.08 4.24 17.189
v -18.083 4.238 17.282
v -18.134 4.235 17.374
v -18.222 4.239 17.471
v -18.277 4.234 17.561
v -18.32 4.283 17.61
v -18.407 4.289 17.661
v -17.983 6.313 16.013
v -18.087 6.354 15.961
v -17.897 6.261 16.056
v -17.794 6.267 16.107
v -17.71 6.213 16.197
v -17.662 6.213 16.291
v -17.606 6.173 16.343
v -17.564 6.169 16.482
v -17.514 6.171 16.577
v -17.47 6.122 16.67
v -17.475 6.118 16.761
v -17.468 6.123 16.859
v -17.476 6.118 16.997
v -17.469 6.123 17.094
v -17.516 6.122 17.188
v -17.518 6.168 17.282
v -17.563 6.17 17.377
v -17.655 6.171 17.472
v -17.708 6.214 17.563
v -17.748 6.219 17.614
v -17.849 6.262 17.658
v -17.192 8.191 16.008
v -17.289 8.236 15.96
v -17.096 8.192 16.056
v -17.002 8.145 16.103
v -16.953 8.099 16.198
v -16.905 8.052 16.293
v -16.811 8.052 16.34
v -16.764 8.005 16.481
v -16.765 8.005 16.575
v -16.713 8.008 16.671
v -16.712 8.009 16.766
v -16.716 7.958 16.858
v -16.716 8.006 17
v -16.721 8.002 17.091
v -16.719 8.003 17.186
v -16.77 8.001 17.279
v -16.815 8.049 17.374
v -16.853 8.056 17.473
v -16.905 8.099 17.564
v -17.003 8.097 17.61
v -17.043 8.149 17.66
v -16.205 10.026 16.007
v -16.298 10.073 15.961
v -16.103 9.984 16.058
v -16.059 9.935 16.104
v -15.959 9.891 16.201
v -15.918 9.841 16.292
v -15.873 9.792 16.338
v -15.819 9.797 16.483
v -15.778 9.745 16.574
v -15.775 9.748 16.67
v -15.732 9.745 16.762
v -15.732 9.744 16.856
v -15.724 9.75 17.001
v -15.773 9.749 17.094
v -15.78 9.744 17.185
v -15.818 9.798 17.284
v -15.87 9.794 17.376
v -15.915 9.842 17.471
v -15.961 9.89 17.565
v -16.008 9.891 17.613
v -16.061 9.933 17.657
v -14.928 11.631 17.658
v -15.017 11.729 16.013
v -15.121 11.769 15.961
v -14.932 11.675 16.055
v -14.875 11.588 16.107
v -14.785 11.537 16.199
v -14.744 11.486 16.29
v -14.688 11.492 16.342
v -14.644 11.443 16.482
v -14.648 11.393 16.574
v -14.598 11.396 16.67
v -14.603 11.392 16.761
v -14.6 11.394 16.857
v -14.596 11.397 17
v -14.597 11.396 17.094
v -14.651 11.392 17.185
v -14.651 11.439 17.279
v -14.694 11.441 17.375
v -14.743 11.487 17.468
v -14.787 11.536 17.564
v -14.837 11.581 17.609
v -13.557 13.188 17.661
v -13.663 13.275 16.007
v -13.744 13.33 15.966
v -13.603 13.189 16.06
v -13.518 13.135 16.103
v -13.463 13.094 16.201
v -13.424 13.042 16.291
v -13.376 12.995 16.339
v -13.323 12.952 16.483
v -13.321 12.953 16.578
v -13.284 12.899 16.667
v -13.281 12.902 16.763
v -13.279 12.902 16.858
v -13.276 12.905 17.001
v -13.278 12.904 17.094
v -13.326 12.95 17.188
v -13.32 12.954 17.285
v -13.368 13.001 17.379
v -13.415 13.047 17.473
v -13.471 13.042 17.563
v -13.517 13.136 17.61
v -12.153 14.642 16.008
v -12.195 14.74 15.964
v -12.109 14.593 16.054
v -12.003 14.554 16.107
v -11.967 14.452 16.196
v -11.911 14.411 16.294
v -11.916 14.36 16.339
v -11.862 14.319 16.484
v -11.824 14.312 16.573
v -11.819 14.268 16.67
v -11.823 14.266 16.762
v -11.825 14.264 16.855
v -11.818 14.269 17
v -11.815 14.271 17.096
v -11.818 14.269 17.188
v -11.863 14.318 17.284
v -11.869 14.36 17.375
v -11.908 14.413 17.473
v -11.955 14.46 17.567
v -12.013 14.5 17.609
v -12.049 14.555 17.662
v -10.409 15.773 17.657
v -10.497 15.919 16.012
v -10.55 15.962 15.962
v -10.461 15.817 16.054
v -10.41 15.726 16.103
v -10.357 15.683 16.2
v -10.308 15.637 16.295
v -10.265 15.587 16.34
v -10.268 15.538 16.48
v -10.224 15.489 16.573
v -10.223 15.442 16.667
v -10.219 15.445 16.764
v -10.174 15.443 16.857
v -10.214 15.449 17.002
v -10.22 15.445 17.093
v -10.216 15.494 17.189
v -10.217 15.494 17.283
v -10.271 15.536 17.373
v -10.307 15.59 17.473
v -10.319 15.629 17.561
v -10.362 15.726 17.61
v -8.718 16.948 16.007
v -8.758 17.047 15.964
v -8.662 16.86 16.059
v -8.615 16.766 16.106
v -8.571 16.716 16.198
v -8.575 16.62 16.291
v -8.523 16.576 16.34
v -8.519 16.531 16.484
v -8.477 16.481 16.575
v -8.48 16.479 16.668
v -8.479 16.479 16.762
v -8.477 16.434 16.858
v -8.473 16.483 17.001
v -8.472 16.484 17.096
v -8.474 16.483 17.189
v -8.522 16.529 17.282
v -8.527 16.573 17.374
v -8.575 16.619 17.468
v -8.566 16.673 17.566
v -8.616 16.765 17.612
v -8.663 16.812 17.659
v -6.782 17.658 17.658
v -6.823 17.803 16.013
v -6.877 17.845 15.962
v -6.782 17.705 16.057
v -6.783 17.61 16.104
v -6.735 17.516 16.198
v -6.682 17.474 16.295
v -6.692 17.42 16.338
v -6.688 17.375 16.481
v -6.637 17.331 16.577
v -6.637 17.284 16.671
v -6.638 17.283 16.765
v -6.641 17.281 16.857
v -6.644 17.279 16.997
v -6.638 17.283 17.094
v -6.638 17.33 17.188
v -6.684 17.378 17.283
v -6.681 17.38 17.379
v -6.692 17.467 17.468
v -6.728 17.521 17.567
v -6.736 17.563 17.61
v -4.852 18.269 17.658
v -4.857 18.407 16.007
v -4.893 18.509 15.966
v -4.854 18.315 16.056
v -4.804 18.223 16.104
v -4.799 18.18 16.201
v -4.798 18.086 16.296
v -4.75 18.039 16.343
v -4.752 17.991 16.484
v -4.754 17.943 16.577
v -4.763 17.889 16.666
v -4.708 17.895 16.765
v -4.707 17.896 16.859
v -4.711 17.892 16.998
v -4.757 17.893 17.093
v -4.751 17.945 17.19
v -4.759 17.986 17.28
v -4.751 18.039 17.379
v -4.754 18.084 17.471
v -4.802 18.13 17.565
v -4.801 18.225 17.613
v -2.824 18.695 17.659
v -2.831 18.832 16.008
v -2.879 18.926 15.96
v -2.825 18.742 16.058
v -2.829 18.645 16.103
v -2.83 18.55 16.197
v -2.783 18.503 16.29
v -2.783 18.455 16.337
v -2.784 18.408 16.479
v -2.779 18.364 16.575
v -2.774 18.321 16.672
v -2.776 18.319 16.765
v -2.778 18.318 16.858
v -2.782 18.315 16.998
v -2.772 18.322 17.097
v -2.781 18.363 17.186
v -2.775 18.367 17.283
v -2.783 18.409 17.374
v -2.78 18.458 17.469
v -2.827 18.552 17.564
v -2.83 18.597 17.609
v -0.801 19.024 16.01
v -0.799 19.119 15.964
v -0.794 18.934 16.061
v -0.8 18.836 16.105
v -0.799 18.79 16.2
v -0.804 18.692 16.291
v -0.756 18.645 16.339
v -0.752 18.601 16.482
v -0.749 18.556 16.578
v -0.754 18.506 16.669
v -0.757 18.504 16.762
v -0.756 18.504 16.857
v -0.754 18.506 16.999
v -0.752 18.507 17.094
v -0.749 18.556 17.19
v -0.758 18.55 17.28
v -0.754 18.6 17.375
v -0.8 18.695 17.47
v -0.798 18.744 17.566
v -0.799 18.79 17.612
v -0.805 18.88 17.657
v 1.275 18.885 17.66
v 1.276 19.027 16.013
v 1.272 19.119 15.964
v 1.271 18.929 16.057
v 1.276 18.839 16.107
v 1.271 18.742 16.199
v 1.23 18.651 16.296
v 1.23 18.604 16.343
v 1.221 18.551 16.479
v 1.23 18.51 16.578
v 1.222 18.504 16.668
v 1.23 18.463 16.767
v 1.224 18.459 16.858
v 1.22 18.456 16.997
v 1.23 18.51 17.096
v 1.222 18.505 17.187
v 1.227 18.555 17.283
v 1.223 18.599 17.375
v 1.228 18.65 17.472
v 1.274 18.696 17.566
v 1.271 18.789 17.611
v 3.301 18.745 16.013
v 3.349 18.84 15.966
v 3.297 18.648 16.058
v 3.3 18.556 16.106
v 3.243 18.502 16.196
v 3.247 18.411 16.292
v 3.243 18.36 16.337
v 3.252 18.32 16.483
v 3.246 18.269 16.574
v 3.256 18.228 16.673
v 3.203 18.224 16.764
v 3.205 18.226 16.86
v 3.207 18.227 17.002
v 3.243 18.219 17.091
v 3.246 18.269 17.186
v 3.243 18.313 17.279
v 3.253 18.368 17.378
v 3.245 18.409 17.468
v 3.247 18.457 17.563
v 3.298 18.555 17.613
v 3.297 18.601 17.659
v 5.268 18.126 17.656
v 5.32 18.27 16.01
v 5.373 18.368 15.966
v 5.274 18.177 16.058
v 5.273 18.129 16.104
v 5.28 18.039 16.202
v 5.232 17.991 16.295
v 5.224 17.892 16.338
v 5.185 17.851 16.484
v 5.179 17.799 16.575
v 5.176 17.797 16.668
v 5.185 17.756 16.766
v 5.181 17.753 16.858
v 5.183 17.755 17.001
v 5.175 17.796 17.091
v 5.182 17.801 17.189
v 5.184 17.85 17.284
v 5.222 17.891 17.374
v 5.233 17.945 17.473
v 5.221 17.984 17.561
v 5.27 18.079 17.609
v 7.257 17.615 16.013
v 9.082 16.618 16.054
v 7.249 17.515 16.056
v 9.041 16.575 16.104
v 7.208 17.426 16.106
v 7.161 17.378 16.2
v 8.989 16.478 16.196
v 8.989 16.431 16.29
v 7.154 17.28 16.291
v 7.113 17.237 16.341
v 8.95 16.389 16.341
v 7.108 17.186 16.48
v 8.894 16.336 16.478
v 7.058 17.137 16.573
v 8.898 16.292 16.575
v 7.064 17.141 16.67
v 8.901 16.246 16.67
v 7.062 17.092 16.763
v 8.85 16.244 16.763
v 7.067 17.096 16.86
v 8.849 16.243 16.856
v 7.06 17.091 16.998
v 8.849 16.243 16.997
v 7.069 17.144 17.096
v 8.899 16.245 17.093
v 7.068 17.144 17.19
v 8.905 16.297 17.19
v 7.115 17.191 17.284
v 8.894 16.289 17.279
v 7.113 17.236 17.377
v 8.944 16.338 17.374
v 7.161 17.284 17.472
v 8.944 16.385 17.469
v 7.161 17.332 17.566
v 8.999 16.485 17.567
v 7.204 17.422 17.611
v -7.209 -17.473 17.657
v 10.882 15.637 16.012
v 10.929 15.731 15.965
v 10.837 15.544 16.061
v 10.788 15.495 16.107
v 10.738 15.399 16.199
v 10.686 15.349 16.291
v 10.637 15.3 16.337
v 10.636 15.253 16.478
v 10.595 15.21 16.576
v 10.594 15.209 16.669
v 10.589 15.205 16.761
v 10.6 15.167 16.861
v 10.591 15.207 16.997
v 10.602 15.215 17.097
v 10.594 15.209 17.187
v 10.647 15.261 17.284
v 10.646 15.307 17.378
v 10.685 15.348 17.468
v 10.742 15.402 17.567
v 10.782 15.492 17.658
v 10.736 15.445 17.611
v 12.522 14.36 16.009
v 12.571 14.455 15.962
v 12.43 14.267 16.056
v 12.385 14.221 16.105
v 12.344 14.179 16.202
v 12.296 14.131 16.296
v 12.239 14.077 16.338
v 12.196 14.033 16.481
v 12.2 13.988 16.577
v 12.147 13.984 16.669
v 12.153 13.942 16.766
v 12.151 13.94 16.859
v 12.151 13.94 17
v 12.146 13.983 17.092
v 12.192 13.982 17.185
v 12.197 14.033 17.282
v 12.245 14.034 17.377
v 12.293 14.082 17.472
v 12.343 14.131 17.567
v 12.384 14.173 17.611
v 12.436 14.272 17.661
v 13.985 12.902 16.01
v 14.08 12.997 15.963
v 13.936 12.854 16.056
v 13.848 12.811 16.107
v 13.801 12.764 16.201
v 13.744 12.71 16.29
v 13.708 12.67 16.342
v 13.649 12.615 16.478
v 13.611 12.574 16.576
v 13.61 12.573 16.67
v 13.605 12.57 16.762
v 13.612 12.575 16.86
v 13.607 12.572 16.998
v 13.612 12.575 17.095
v 13.607 12.571 17.187
v 13.652 12.617 17.28
v 13.705 12.669 17.377
v 13.751 12.668 17.471
v 13.801 12.717 17.566
v 13.849 12.765 17.614
v 13.888 12.806 17.657
v 15.303 11.348 16.01
v 15.392 11.391 15.96
v 15.211 11.302 16.058
v 15.156 11.203 16.101
v 15.12 11.163 16.201
v 15.017 11.11 16.291
v 14.98 11.117 16.343
v 14.924 11.063 16.479
v 14.924 11.064 16.574
v 14.88 11.019 16.67
v 14.88 11.019 16.764
v 14.878 11.017 16.857
v 14.882 11.02 17
v 14.879 11.018 17.093
v 14.933 11.023 17.191
v 14.922 11.062 17.279
v 14.969 11.109 17.373
v 15.02 11.112 17.47
v 15.073 11.164 17.567
v 15.117 11.208 17.612
v 15.213 11.256 17.66
v 16.434 9.606 16.01
v 16.53 9.654 15.964
v 16.339 9.558 16.057
v 16.299 9.516 16.107
v 16.199 9.465 16.199
v 16.15 9.464 16.292
v 16.1 9.415 16.338
v 16.056 9.37 16.481
v 16.007 9.368 16.574
v 16.007 9.368 16.668
v 15.967 9.327 16.766
v 15.968 9.327 16.86
v 15.96 9.321 16.997
v 16.014 9.373 17.095
v 16.005 9.367 17.185
v 16.06 9.373 17.283
v 16.108 9.42 17.378
v 16.145 9.413 17.467
v 16.195 9.462 17.563
v 16.246 9.513 17.612
v 16.336 9.556 17.657
v 17.381 7.774 16.013
v 17.471 7.817 15.964
v 17.277 7.719 16.055
v 17.236 7.724 16.105
v 17.134 7.671 16.196
v 17.087 7.624 16.29
v 17.048 7.63 16.341
v 16.995 7.579 16.479
v 16.957 7.585 16.578
v 16.902 7.579 16.668
v 16.902 7.579 16.762
v 16.907 7.582 16.859
v 16.906 7.582 17
v 16.91 7.585 17.096
v 16.957 7.585 17.19
v 16.958 7.586 17.285
v 17.002 7.63 17.377
v 17.042 7.625 17.468
v 17.146 7.679 17.567
v 17.193 7.679 17.614
v 17.239 7.726 17.661
v 18.124 5.835 16.008
v 18.225 5.887 15.964
v 18.037 5.84 16.058
v 17.94 5.791 16.104
v 17.891 5.79 16.197
v 17.794 5.741 16.29
v 17.747 5.741 16.337
v 17.709 5.7 16.483
v 17.658 5.698 16.575
v 17.608 5.695 16.668
v 17.615 5.7 16.766
v 17.607 5.695 16.856
v 17.608 5.696 16.998
v 17.606 5.694 17.091
v 17.664 5.702 17.19
v 17.709 5.7 17.283
v 17.746 5.74 17.373
v 17.803 5.747 17.472
v 17.848 5.746 17.565
v 17.891 5.79 17.61
v 17.993 5.795 17.661
v 18.651 3.864 16.012
v 18.736 3.858 15.961
v 18.555 3.863 16.058
v 18.456 3.812 16.103
v 18.405 3.81 16.196
v 18.317 3.814 16.293
v 18.271 3.767 16.34
v 18.224 3.767 16.482
v 18.172 3.764 16.573
v 18.128 3.766 16.669
v 18.135 3.771 16.767
v 18.132 3.769 16.859
v 18.124 3.763 16.997
v 18.124 3.763 17.091
v 18.172 3.764 17.186
v 18.218 3.763 17.279
v 18.27 3.767 17.376
v 18.315 3.765 17.469
v 18.36 3.811 17.562
v 18.412 3.814 17.611
v 18.503 3.812 17.657
v 18.976 1.836 16.01
v 19.066 1.833 15.961
v 18.877 1.785 16.054
v 18.791 1.791 16.106
v 18.693 1.789 16.198
v 18.653 1.793 16.296
v 18.551 1.788 16.339
v 18.507 1.79 16.482
v 18.46 1.79 16.576
v 18.461 1.791 16.67
v 18.417 1.793 16.766
v 18.411 1.789 16.858
v 18.418 1.793 17.002
v 18.46 1.79 17.094
v 18.461 1.791 17.189
v 18.506 1.79 17.282
v 18.55 1.787 17.374
v 18.6 1.789 17.47
v 18.649 1.79 17.565
v 18.737 1.786 17.609
v 18.832 1.787 17.657
v 19.03 -0.231 16.014
v 19.112 -0.24 15.96
v 18.933 -0.233 16.059
v 18.885 -0.234 16.106
v 18.785 -0.238 16.197
v 18.694 -0.236 16.293
v 18.644 -0.238 16.338
v 18.599 -0.236 16.481
v 18.55 -0.238 16.574
v 18.504 -0.237 16.669
v 18.507 -0.235 16.764
v 18.5 -0.24 16.855
v 18.503 -0.237 16.998
v 18.511 -0.232 17.096
v 18.553 -0.235 17.188
v 18.606 -0.231 17.285
v 18.642 -0.239 17.373
v 18.694 -0.236 17.47
v 18.748 -0.231 17.567
v 18.841 -0.232 17.614
v 18.887 -0.232 17.661
v 18.885 -2.306 16.011
v 19.028 -2.305 15.965
v 18.79 -2.306 16.058
v 18.746 -2.257 16.107
v 18.65 -2.258 16.2
v 18.548 -2.264 16.29
v 18.504 -2.262 16.339
v 18.464 -2.257 16.484
v 18.413 -2.26 16.576
v 18.412 -2.213 16.67
v 18.366 -2.212 16.765
v 18.371 -2.209 16.861
v 18.366 -2.212 17
v 18.415 -2.211 17.095
v 18.416 -2.21 17.19
v 18.464 -2.257 17.284
v 18.5 -2.264 17.373
v 18.547 -2.265 17.467
v 18.595 -2.264 17.561
v 18.688 -2.265 17.608
v 18.79 -2.259 17.659
v 18.558 -4.329 16.013
v 18.644 -4.334 15.962
v 18.46 -4.284 16.058
v 18.364 -4.286 16.104
v 18.265 -4.289 16.196
v 18.221 -4.24 16.291
v 18.177 -4.238 16.34
v 18.133 -4.236 16.483
v 18.087 -4.235 16.578
v 18.032 -4.193 16.668
v 18.041 -4.187 16.767
v 18.035 -4.191 16.858
v 18.033 -4.193 16.998
v 18.031 -4.194 17.092
v 18.086 -4.235 17.19
v 18.083 -4.238 17.282
v 18.128 -4.239 17.375
v 18.223 -4.238 17.47
v 18.266 -4.241 17.562
v 18.316 -4.286 17.611
v 18.41 -4.286 17.658
v 17.984 -6.313 16.008
v 18.082 -6.357 15.963
v 17.897 -6.261 16.059
v 17.796 -6.266 16.103
v 17.699 -6.22 16.196
v 17.658 -6.216 16.293
v 17.615 -6.166 16.342
v 17.564 -6.169 16.481
v 17.516 -6.169 16.575
v 17.472 -6.121 16.67
v 17.469 -6.122 16.763
v 17.467 -6.124 16.856
v 17.465 -6.125 16.997
v 17.473 -6.119 17.095
v 17.52 -6.12 17.189
v 17.52 -6.167 17.283
v 17.56 -6.172 17.374
v 17.665 -6.165 17.473
v 17.705 -6.216 17.564
v 17.746 -6.221 17.608
v 17.845 -6.264 17.657
v 17.185 -8.195 16.009
v 17.286 -8.238 15.965
v 17.091 -8.196 16.056
v 16.996 -8.149 16.103
v 16.954 -8.098 16.2
v 16.899 -8.056 16.29
v 16.807 -8.055 16.338
v 16.765 -8.004 16.482
v 16.766 -8.003 16.577
v 16.711 -8.009 16.667
v 16.716 -8.006 16.763
v 16.717 -7.958 16.858
v 16.721 -8.002 17.001
v 16.714 -8.007 17.092
v 16.714 -8.007 17.186
v 16.763 -8.006 17.282
v 16.807 -8.055 17.374
v 16.858 -8.052 17.47
v 16.91 -8.096 17.567
v 16.998 -8.101 17.611
v 17.04 -8.151 17.655
v 16.203 -10.027 16.013
v 16.298 -10.074 15.966
v 16.098 -9.988 16.054
v 16.063 -9.932 16.108
v 15.96 -9.891 16.197
v 15.921 -9.839 16.295
v 15.863 -9.799 16.337
v 15.817 -9.798 16.479
v 15.777 -9.746 16.576
v 15.779 -9.745 16.672
v 15.724 -9.75 16.762
v 15.724 -9.75 16.856
v 15.724 -9.75 16.998
v 15.775 -9.747 17.094
v 15.776 -9.747 17.188
v 15.823 -9.794 17.282
v 15.87 -9.794 17.377
v 15.919 -9.84 17.471
v 15.969 -9.885 17.567
v 16.015 -9.886 17.614
v 16.064 -9.931 17.662
v 15.022 -11.725 16.011
v 15.12 -11.769 15.966
v 14.929 -11.677 16.058
v 14.884 -11.582 16.106
v 14.785 -11.538 16.198
v 14.738 -11.491 16.292
v 14.694 -11.489 16.341
v 14.641 -11.445 16.48
v 14.643 -11.397 16.575
v 14.597 -11.396 16.669
v 14.6 -11.394 16.765
v 14.604 -11.391 16.861
v 14.592 -11.399 16.997
v 14.6 -11.394 17.095
v 14.646 -11.395 17.188
v 14.648 -11.44 17.283
v 14.696 -11.44 17.378
v 14.742 -11.488 17.472
v 14.786 -11.537 17.565
v 14.831 -11.585 17.61
v 14.922 -11.635 17.656
v 13.649 -13.284 16.007
v 13.746 -13.329 15.961
v 13.607 -13.187 16.056
v 13.51 -13.141 16.102
v 13.461 -13.095 16.196
v 13.418 -13.046 16.292
v 13.372 -12.998 16.339
v 13.329 -12.947 16.483
v 13.33 -12.947 16.577
v 13.275 -12.905 16.668
v 13.284 -12.899 16.766
v 13.275 -12.905 16.856
v 13.276 -12.904 16.998
v 13.278 -12.903 17.093
v 13.329 -12.948 17.189
v 13.333 -12.945 17.285
v 13.378 -12.993 17.379
v 13.42 -13.044 17.47
v 13.474 -13.039 17.567
v 13.518 -13.136 17.613
v 13.556 -13.189 17.655
v 12.15 -14.644 16.011
v 12.202 -14.735 15.966
v 12.1 -14.599 16.056
v 12.005 -14.553 16.103
v 11.955 -14.46 16.196
v 11.92 -14.405 16.296
v 11.909 -14.366 16.338
v 11.86 -14.32 16.478
v 11.818 -14.316 16.575
v 11.819 -14.268 16.67
v 11.825 -14.264 16.767
v 11.818 -14.269 16.857
v 11.825 -14.264 17.002
v 11.824 -14.265 17.096
v 11.818 -14.269 17.187
v 11.863 -14.318 17.28
v 11.873 -14.358 17.379
v 11.913 -14.41 17.47
v 11.957 -14.459 17.563
v 12.012 -14.501 17.613
v 12.058 -14.548 17.66
v 10.503 -15.915 16.011
v 10.554 -15.959 15.966
v 10.452 -15.823 16.057
v 10.412 -15.724 16.107
v 10.358 -15.682 16.198
v 10.31 -15.635 16.292
v 10.266 -15.586 16.34
v 10.261 -15.543 16.479
v 10.224 -15.489 16.578
v 10.224 -15.442 16.672
v 10.213 -15.449 16.761
v 10.169 -15.447 16.857
v 10.216 -15.447 16.998
v 10.218 -15.446 17.093
v 10.215 -15.495 17.186
v 10.22 -15.491 17.283
v 10.261 -15.543 17.374
v 10.308 -15.59 17.468
v 10.306 -15.638 17.561
v 10.358 -15.729 17.611
v 10.405 -15.776 17.658
v 8.705 -16.957 16.007
v 8.763 -17.043 15.965
v 8.661 -16.86 16.056
v 8.623 -16.76 16.107
v 8.564 -16.721 16.196
v 8.574 -16.62 16.295
v 8.524 -16.575 16.341
v 8.517 -16.532 16.478
v 8.478 -16.48 16.577
v 8.481 -16.478 16.672
v 8.476 -16.482 16.764
v 8.47 -16.438 16.855
v 8.482 -16.477 17.002
v 8.477 -16.481 17.094
v 8.481 -16.478 17.19
v 8.529 -16.525 17.285
v 8.521 -16.577 17.375
v 8.566 -16.625 17.468
v 8.576 -16.666 17.567
v 8.624 -16.759 17.615
v 8.668 -16.809 17.66
v 6.827 -17.801 16.01
v 6.873 -17.849 15.962
v 6.776 -17.709 16.055
v 6.783 -17.61 16.106
v 6.74 -17.513 16.202
v 6.693 -17.466 16.296
v 6.68 -17.428 16.337
v 6.688 -17.375 16.482
v 6.643 -17.327 16.577
v 6.644 -17.278 16.672
v 6.64 -17.281 16.764
v 6.638 -17.283 16.857
v 6.638 -17.283 16.999
v 6.634 -17.285 17.091
v 6.635 -17.332 17.186
v 6.693 -17.371 17.285
v 6.687 -17.376 17.376
v 6.688 -17.469 17.471
v 6.734 -17.517 17.565
v 6.734 -17.565 17.611
v 6.787 -17.654 17.662
v 4.85 -18.412 16.01
v 4.897 -18.506 15.963
v 4.855 -18.315 16.06
v 4.809 -18.22 16.107
v 4.807 -18.174 16.2
v 4.807 -18.08 16.295
v 4.755 -18.036 16.34
v 4.761 -17.984 16.484
v 4.758 -17.939 16.577
v 4.752 -17.896 16.668
v 4.715 -17.889 16.767
v 4.705 -17.897 16.856
v 4.714 -17.891 17.002
v 4.76 -17.891 17.096
v 4.752 -17.944 17.186
v 4.755 -17.989 17.281
v 4.752 -18.038 17.374
v 4.761 -18.079 17.473
v 4.805 -18.128 17.565
v 4.804 -18.223 17.612
v 4.846 -18.274 17.656
v 2.825 -18.836 16.01
v 2.867 -18.934 15.961
v 2.824 -18.743 16.057
v 2.829 -18.645 16.106
v 2.821 -18.556 16.197
v 2.774 -18.509 16.291
v 2.778 -18.459 16.34
v 2.781 -18.41 16.483
v 2.773 -18.368 16.573
v 2.772 -18.322 16.667
v 2.778 -18.318 16.764
v 2.777 -18.319 16.857
v 2.783 -18.315 17.002
v 2.784 -18.314 17.096
v 2.776 -18.367 17.186
v 2.781 -18.363 17.283
v 2.781 -18.41 17.377
v 2.782 -18.456 17.472
v 2.83 -18.55 17.567
v 2.826 -18.6 17.612
v 2.831 -18.691 17.661
v 0.805 -19.021 16.013
v 0.8 -19.119 15.963
v 0.805 -18.927 16.06
v 0.799 -18.837 16.104
v 0.803 -18.787 16.2
v 0.798 -18.696 16.292
v 0.756 -18.645 16.342
v 0.757 -18.598 16.483
v 0.753 -18.554 16.575
v 0.751 -18.508 16.669
v 0.751 -18.508 16.762
v 0.756 -18.504 16.859
v 0.747 -18.511 16.996
v 0.752 -18.507 17.093
v 0.751 -18.555 17.186
v 0.756 -18.551 17.283
v 0.755 -18.599 17.377
v 0.799 -18.696 17.469
v 0.801 -18.741 17.565
v 0.8 -18.789 17.611
v 0.799 -18.884 17.658
v -1.275 -19.026 16.009
v -1.267 -19.115 15.966
v -1.277 -18.934 16.055
v -1.274 -18.838 16.103
v -1.267 -18.738 16.201
v -1.224 -18.647 16.293
v -1.22 -18.597 16.342
v -1.218 -18.549 16.485
v -1.219 -18.503 16.578
v -1.22 -18.503 16.672
v -1.231 -18.463 16.761
v -1.221 -18.457 16.86
v -1.218 -18.455 17.003
v -1.225 -18.507 17.093
v -1.228 -18.508 17.186
v -1.222 -18.551 17.283
v -1.218 -18.596 17.379
v -1.22 -18.644 17.472
v -1.272 -18.695 17.564
v -1.274 -18.791 17.61
v -1.275 -18.885 17.657
v -3.294 -18.74 16.012
v -3.34 -18.834 15.965
v -3.29 -18.643 16.061
v -3.301 -18.557 16.102
v -3.251 -18.508 16.198
v -3.251 -18.413 16.292
v -3.243 -18.36 16.343
v -3.252 -18.32 16.48
v -3.254 -18.274 16.573
v -3.249 -18.223 16.67
v -3.199 -18.222 16.765
v -3.2 -18.222 16.859
v -3.208 -18.227 16.997
v -3.251 -18.225 17.092
v -3.248 -18.27 17.188
v -3.244 -18.314 17.284
v -3.244 -18.361 17.379
v -3.243 -18.407 17.473
v -3.244 -18.456 17.567
v -3.297 -18.554 17.611
v -3.299 -18.602 17.657
v -5.328 -18.275 16.007
v -5.367 -18.364 15.964
v -5.275 -18.177 16.057
v -5.269 -18.126 16.107
v -5.272 -18.034 16.2
v -5.221 -17.984 16.296
v -5.223 -17.891 16.342
v -5.179 -17.846 16.482
v -5.185 -17.803 16.573
v -5.179 -17.799 16.67
v -5.177 -17.75 16.765
v -5.176 -17.75 16.86
v -5.176 -17.75 17.001
v -5.18 -17.8 17.093
v -5.174 -17.795 17.191
v -5.176 -17.844 17.284
v -5.23 -17.896 17.374
v -5.233 -17.945 17.467
v -5.223 -17.986 17.566
v -5.276 -18.084 17.61
v -5.276 -18.131 17.658
v -7.245 -17.607 16.014
v -7.302 -17.708 15.962
v -7.25 -17.516 16.058
v -7.206 -17.424 16.104
v -7.151 -17.371 16.202
v -7.155 -17.28 16.294
v -7.109 -17.234 16.341
v -7.107 -17.185 16.483
v -7.065 -17.142 16.575
v -7.058 -17.137 16.672
v -7.063 -17.093 16.764
v -7.063 -17.093 16.858
v -7.06 -17.091 17.001
v -7.065 -17.142 17.093
v -7.063 -17.14 17.188
v -7.111 -17.188 17.282
v -7.111 -17.235 17.376
v -7.155 -17.28 17.471
v -7.162 -17.332 17.562
v -7.206 -17.424 17.611
v -13.609 -19.495 14.127
v -11.391 -20.857 14.129
v -15.629 -17.938 14.129
v -17.473 -16.154 14.125
v -19.117 -14.173 14.127
v -20.537 -12.012 14.124
v -21.712 -9.703 14.125
v -22.656 -7.303 14.124
v -23.262 -4.803 14.127
v -23.692 -2.265 14.124
v -23.786 0.278 14.124
v -23.592 2.872 14.127
v -23.168 5.416 14.127
v -22.421 7.859 14.124
v -21.47 10.267 14.128
v -20.206 12.523 14.124
v -18.737 14.648 14.129
v -17.047 16.575 14.126
v -15.167 18.315 14.125
v -13.093 19.823 14.126
v -10.88 21.141 14.126
v -8.524 22.179 14.127
v -6.075 22.979 14.127
v -3.531 23.498 14.127
v -0.99 23.779 14.126
v 1.597 23.73 14.125
v 4.148 23.406 14.129
v 6.642 22.84 14.128
v 9.087 21.99 14.126
v 11.39 20.857 14.124
v 13.606 19.493 14.125
v 15.635 17.942 14.128
v 17.469 16.151 14.126
v 19.12 14.175 14.128
v 20.53 12.007 14.126
v 21.714 9.704 14.13
v 22.656 7.303 14.13
v 23.263 4.804 14.127
v 23.685 2.26 14.126
v 23.779 -0.283 14.126
v 23.597 -2.869 14.13
v 23.167 -5.416 14.126
v 22.412 -7.866 14.125
v 21.474 -10.264 14.128
v 20.195 -12.53 14.124
v 18.739 -14.646 14.126
v 17.041 -16.579 14.124
v 15.161 -18.319 14.126
v 13.095 -19.822 14.129
v 10.876 -21.144 14.126
v 8.521 -22.181 14.126
v 6.075 -22.98 14.127
v 3.535 -23.495 14.129
v 0.993 -23.777 14.129
v -1.597 -23.73 14.129
v -4.147 -23.405 14.126
v -6.643 -22.841 14.125
v -9.089 -21.991 14.126
v -13.791 -19.773 13.989
v -11.582 -21.189 13.987
v -13.992 -20.064 13.794
v -11.732 -21.477 13.794
v -14.126 -20.295 13.562
v -11.863 -21.706 13.564
v -14.317 -20.532 13.278
v -12.013 -21.994 13.277
v -14.459 -20.768 12.996
v -12.109 -22.184 12.993
v -14.551 -20.908 12.714
v -12.242 -22.366 12.715
v -14.696 -21.099 12.335
v -12.288 -22.554 12.339
v -15.876 -18.181 13.982
v -14.744 -21.194 12.005
v -12.389 -22.654 12.005
v -16.057 -18.459 13.797
v -14.834 -21.285 11.631
v -12.427 -22.741 11.634
v -16.249 -18.65 13.56
v -14.831 -21.33 11.255
v -12.482 -22.793 11.253
v -16.431 -18.881 13.281
v -14.883 -21.334 10.876
v -12.478 -22.838 10.878
v -16.617 -19.067 13
v -14.833 -21.331 10.501
v -12.482 -22.794 10.499
v -16.766 -19.214 12.713
v -14.837 -21.287 10.169
v -12.434 -22.746 10.17
v -16.855 -19.352 12.339
v -14.79 -21.193 9.793
v -12.38 -22.647 9.797
v -17.701 -16.384 13.988
v -16.959 -19.452 12.005
v -14.695 -21.098 9.463
v -12.338 -22.556 9.465
v -17.946 -16.579 13.795
v -14.596 -20.954 9.136
v -12.249 -22.419 9.132
v -17.042 -19.539 11.633
v -18.181 -16.814 13.559
v -14.506 -20.815 8.805
v -12.15 -22.227 8.805
v -17.088 -19.586 11.257
v -18.407 -16.996 13.282
v -14.369 -20.63 8.52
v -12.056 -22.039 8.523
v -11.916 -21.804 8.287
v -17.099 -19.593 10.875
v -18.549 -17.137 12.999
v -14.224 -20.392 8.286
v -17.099 -19.593 10.498
v -14.031 -20.153 8.053
v -11.777 -21.57 8.05
v -11.629 -21.283 7.865
v -18.739 -17.28 12.715
v -17.052 -19.546 10.169
v -13.848 -19.922 7.862
v -18.885 -17.424 12.337
v -16.956 -19.498 9.793
v -19.398 -14.36 13.987
v -13.662 -19.641 7.673
v -11.493 -21.004 7.674
v -18.978 -17.518 12.008
v -16.91 -19.404 9.463
v -19.642 -14.555 13.794
v -13.466 -19.353 7.535
v -11.305 -20.722 7.533
v -16.762 -19.258 9.136
v -19.025 -17.612 11.631
v -13.278 -19.07 7.441
v -11.166 -20.394 7.437
v -19.917 -14.738 13.563
v -16.62 -19.116 8.807
v -19.065 -17.607 11.258
v -13.089 -18.787 7.394
v -10.965 -20.056 7.396
v -10.785 -19.731 7.392
v -12.858 -18.461 7.392
v -20.11 -14.883 13.278
v -16.482 -18.93 8.523
v -19.123 -17.662 10.876
v -20.339 -15.066 12.999
v -16.341 -18.742 8.287
v -19.068 -17.609 10.503
v -16.157 -18.51 8.05
v -20.489 -15.166 12.712
v -19.028 -17.614 10.17
v -15.91 -18.266 7.867
v -20.624 -15.303 12.338
v -18.977 -17.517 9.795
v -20.816 -12.198 13.984
v -15.731 -18.037 7.674
v -20.765 -15.35 12.009
v -18.887 -17.426 9.463
v -21.089 -12.333 13.801
v -15.495 -17.801 7.533
v -18.737 -17.325 9.138
v -20.819 -15.449 11.628
v -15.261 -17.52 7.438
v -21.375 -12.476 13.564
v -18.595 -17.184 8.808
v -20.855 -15.442 11.257
v -15.016 -17.231 7.396
v -14.782 -16.949 7.395
v -21.607 -12.615 13.283
v -18.455 -17.043 8.525
v -20.913 -15.496 10.875
v -21.843 -12.757 13
v -18.267 -16.855 8.29
v -20.903 -15.442 10.503
v -18.029 -16.665 8.055
v -21.996 -12.859 12.711
v -20.863 -15.447 10.17
v -17.795 -16.478 7.866
v -22.174 -12.946 12.34
v -20.763 -15.396 9.796
v -22.042 -9.845 13.983
v -17.57 -16.249 7.673
v -22.279 -13.048 12.005
v -20.667 -15.301 9.467
v -22.315 -9.979 13.8
v -17.335 -16.014 7.531
v -20.529 -15.208 9.136
v -22.368 -13.092 11.631
v -17.043 -15.773 7.442
v -22.607 -10.127 13.56
v -20.346 -15.071 8.804
v -22.414 -13.137 11.255
v -16.811 -15.54 7.393
v -16.522 -15.252 7.396
v -22.842 -10.221 13.277
v -20.15 -14.924 8.525
v -22.465 -13.14 10.876
v -23.07 -10.31 12.999
v -19.972 -14.79 8.285
v -22.42 -13.142 10.498
v -19.731 -14.598 8.052
v -23.258 -10.404 12.716
v -22.367 -13.09 10.172
v -19.493 -14.455 7.865
v -23.454 -10.503 12.336
v -22.324 -13.046 9.793
v -22.984 -7.443 13.984
v -19.219 -14.225 7.672
v -23.588 -10.546 12.01
v -22.18 -12.998 9.464
v -23.266 -7.537 13.795
v -18.972 -14.029 7.537
v -22.038 -12.902 9.136
v -23.68 -10.591 11.634
v -18.7 -13.848 7.437
v -23.544 -7.628 13.562
v -21.895 -12.807 8.807
v -23.733 -10.595 11.255
v -18.361 -13.606 7.395
v -18.082 -13.373 7.393
v -23.825 -7.674 13.28
v -21.659 -12.666 8.524
v -23.73 -10.64 10.879
v -24.065 -7.772 12.995
v -21.479 -12.53 8.285
v -23.728 -10.591 10.504
v -21.194 -12.387 8.05
v -24.248 -7.815 12.716
v -23.689 -10.597 10.17
v -20.952 -12.241 7.865
v -24.435 -7.908 12.34
v -23.598 -10.552 9.791
v -23.641 -4.899 13.985
v -20.668 -12.099 7.678
v -24.577 -7.955 12.01
v -23.448 -10.499 9.466
v -23.974 -4.948 13.795
v -20.337 -11.91 7.537
v -23.31 -10.454 9.135
v -24.669 -7.954 11.634
v -20.06 -11.725 7.44
v -24.247 -5.036 13.564
v -23.122 -10.36 8.805
v -24.726 -8.008 11.253
v -19.734 -11.54 7.391
v -19.442 -11.344 7.396
v -20.531 -9.183 7.393
v -24.54 -5.09 13.276
v -22.932 -10.265 8.523
v -24.772 -8.007 10.876
v -24.772 -5.135 12.995
v -22.694 -10.169 8.289
v -24.728 -8.01 10.498
v -22.411 -10.028 8.054
v -24.96 -5.182 12.713
v -24.669 -7.954 10.174
v -22.125 -9.884 7.867
v -25.143 -5.225 12.339
v -24.579 -7.957 9.795
v -24.021 -2.311 13.983
v -21.846 -9.792 7.677
v -25.283 -5.224 12.01
v -24.439 -7.91 9.465
v -24.341 -2.352 13.799
v -21.523 -9.656 7.533
v -24.296 -7.863 9.136
v -25.384 -5.276 11.63
v -21.186 -9.509 7.442
v -24.631 -2.357 13.56
v -24.117 -7.774 8.802
v -25.424 -5.271 11.256
v -20.867 -9.328 7.39
v -24.91 -2.401 13.279
v -23.875 -7.723 8.523
v -25.477 -5.275 10.877
v -25.14 -2.397 13
v -23.644 -7.632 8.285
v -25.428 -5.274 10.501
v -23.362 -7.538 8.05
v -25.387 -2.453 12.711
v -25.375 -5.269 10.175
v -23.074 -7.44 7.864
v -25.573 -2.451 12.336
v -25.284 -5.225 9.796
v -24.114 0.28 13.984
v -22.794 -7.348 7.674
v -25.712 -2.45 12.007
v -25.191 -5.226 9.466
v -24.437 0.284 13.798
v -22.464 -7.254 7.533
v -25.01 -5.184 9.133
v -25.803 -2.495 11.632
v -22.131 -7.157 7.441
v -24.762 0.334 13.565
v -24.81 -5.128 8.809
v -25.856 -2.499 11.252
v -21.749 -7.012 7.396
v -21.422 -6.919 7.395
v -25.057 0.326 13.277
v -24.579 -5.084 8.524
v -25.895 -2.493 10.88
v -25.292 0.326 12.994
v -24.341 -5.036 8.29
v -25.848 -2.493 10.503
v -24.068 -4.995 8.05
v -25.48 0.327 12.712
v -25.799 -2.491 10.174
v -23.735 -4.898 7.863
v -25.658 0.334 12.34
v -25.714 -2.451 9.793
v -23.964 2.923 13.988
v -23.444 -4.846 7.679
v -25.799 0.334 12.011
v -25.565 -2.445 9.467
v -24.298 2.967 13.797
v -23.117 -4.8 7.536
v -25.434 -2.453 9.132
v -25.895 0.332 11.633
v -22.738 -4.704 7.443
v -24.581 2.966 13.562
v -25.247 -2.406 8.802
v -25.999 0.325 11.251
v -22.419 -4.618 7.391
v -22.031 -4.563 7.396
v -22.41 -2.163 7.395
v -24.87 3.009 13.276
v -25.007 -2.403 8.522
v -25.988 0.334 10.88
v -25.095 3.063 12.998
v -24.725 -2.357 8.286
v -25.991 0.331 10.502
v -24.438 -2.353 8.053
v -25.336 3.059 12.713
v -25.941 0.333 10.174
v -24.154 -2.306 7.865
v -25.477 3.107 12.337
v -25.847 0.333 9.797
v -23.501 5.46 13.984
v -23.825 -2.306 7.677
v -25.616 3.109 12.008
v -25.716 0.326 9.462
v -23.821 5.561 13.8
v -23.501 -2.262 7.533
v -25.517 0.333 9.138
v -25.754 3.11 11.633
v -23.124 -2.216 7.438
v -24.109 5.604 13.562
v -25.335 0.329 8.805
v -25.81 3.151 11.252
v -22.749 -2.169 7.391
v -24.387 5.702 13.282
v -25.104 0.326 8.52
v -25.799 3.159 10.881
v -24.632 5.742 12.995
v -24.861 0.331 8.289
v -25.811 3.15 10.498
v -24.58 0.33 8.053
v -24.822 5.788 12.711
v -25.754 3.11 10.173
v -24.254 0.281 7.863
v -25.001 5.842 12.339
v -25.665 3.107 9.794
v -22.747 8.003 13.984
v -23.925 0.28 7.674
v -25.146 5.886 12.008
v -25.518 3.111 9.467
v -23.07 8.102 13.799
v -23.596 0.279 7.532
v -25.339 3.058 9.133
v -25.235 5.89 11.634
v -23.209 0.287 7.443
v -23.362 8.19 13.559
v -25.146 3.061 8.806
v -25.286 5.887 11.255
v -22.888 0.281 7.392
v -22.502 0.287 7.396
v -23.639 8.287 13.279
v -24.907 3.016 8.525
v -25.34 5.882 10.875
v -23.869 8.386 12.999
v -24.678 3.012 8.286
v -25.291 5.884 10.499
v -24.397 2.964 8.05
v -24.069 8.425 12.711
v -25.244 5.884 10.17
v -24.065 2.918 7.863
v -24.247 8.526 12.34
v -25.144 5.887 9.796
v -21.756 10.406 13.985
v -23.731 2.874 7.677
v -24.351 8.566 12.005
v -25.054 5.837 9.464
v -22.091 10.544 13.794
v -23.398 2.829 7.537
v -24.868 5.788 9.133
v -24.436 8.573 11.633
v -23.071 2.78 7.442
v -22.32 10.69 13.562
v -24.673 5.747 8.807
v -24.528 8.621 11.257
v -22.694 2.78 7.394
v -22.323 2.73 7.392
v -21.896 5.133 7.394
v -22.605 10.782 13.278
v -24.433 5.702 8.526
v -24.534 8.617 10.878
v -22.795 10.922 12.995
v -24.21 5.646 8.285
v -24.528 8.621 10.504
v -23.922 5.603 8.052
v -23.033 11.015 12.711
v -24.481 8.574 10.174
v -23.64 5.509 7.863
v -23.168 11.066 12.337
v -24.39 8.572 9.796
v -20.532 12.713 13.985
v -23.315 5.411 7.673
v -23.304 11.117 12.01
v -24.253 8.522 9.464
v -20.817 12.853 13.795
v -22.976 5.371 7.536
v -24.114 8.473 9.133
v -23.406 11.158 11.63
v -22.647 5.276 7.442
v -21.045 13.046 13.564
v -23.917 8.385 8.808
v -23.454 11.205 11.253
v -22.279 5.176 7.39
v -21.284 13.185 13.279
v -23.681 8.338 8.525
v -23.452 11.207 10.877
v -21.514 13.33 13
v -23.445 8.245 8.291
v -23.455 11.204 10.499
v -23.171 8.144 8.051
v -21.662 13.42 12.714
v -23.397 11.165 10.175
v -22.892 8.048 7.861
v -21.849 13.515 12.338
v -23.303 11.164 9.798
v -19.023 14.834 13.986
v -22.597 7.915 7.679
v -21.945 13.608 12.007
v -23.222 11.061 9.462
v -19.253 15.026 13.801
v -22.278 7.814 7.532
v -23.027 11.019 9.135
v -22.034 13.658 11.633
v -21.944 7.676 7.44
v -19.547 15.206 13.559
v -22.88 10.929 8.809
v -22.08 13.66 11.257
v -21.563 7.584 7.395
v -21.234 7.442 7.395
v -20.291 9.704 7.395
v -19.733 15.396 13.278
v -22.645 10.834 8.526
v -22.138 13.699 10.875
v -19.921 15.538 12.996
v -22.417 10.735 8.287
v -22.082 13.658 10.502
v -22.173 10.599 8.055
v -20.107 15.681 12.714
v -22.044 13.652 10.168
v -21.894 10.456 7.865
v -20.247 15.776 12.338
v -21.987 13.611 9.796
v -17.322 16.816 13.989
v -21.621 10.308 7.672
v -20.344 15.868 12.007
v -21.852 13.513 9.464
v -17.569 17.043 13.795
v -21.29 10.167 7.531
v -21.706 13.422 9.137
v -20.443 15.959 11.628
v -20.96 10.026 7.437
v -17.756 17.232 13.56
v -21.566 13.327 8.806
v -20.487 15.961 11.253
v -20.629 9.839 7.391
v -17.947 17.419 13.276
v -21.332 13.232 8.523
v -20.483 16.011 10.878
v -18.125 17.614 12.999
v -21.148 13.088 8.286
v -20.478 15.968 10.504
v -20.907 12.95 8.052
v -18.27 17.753 12.715
v -20.434 15.965 10.173
v -20.619 12.765 7.867
v -18.418 17.89 12.334
v -20.389 15.87 9.795
v -15.395 18.602 13.987
v -20.346 12.57 7.674
v -18.503 17.99 12.009
v -20.243 15.826 9.468
v -15.591 18.833 13.795
v -20.058 12.433 7.535
v -20.159 15.725 9.133
v -18.6 18.082 11.631
v -19.776 12.244 7.441
v -15.781 19.067 13.559
v -19.961 15.59 8.808
v -18.648 18.082 11.254
v -19.453 12.052 7.391
v -19.121 11.864 7.392
v -15.969 19.303 13.276
v -19.777 15.446 8.523
v -18.653 18.125 10.875
v -16.1 19.498 12.999
v -19.585 15.307 8.29
v -18.645 18.131 10.502
v -19.353 15.117 8.053
v -16.242 19.639 12.716
v -18.598 18.084 10.172
v -19.125 14.923 7.861
v -16.387 19.778 12.338
v -18.547 17.992 9.798
v -13.276 20.157 13.987
v -18.882 14.74 7.676
v -16.475 19.876 12.011
v -18.457 17.896 9.466
v -13.471 20.388 13.796
v -18.597 14.506 7.536
v -18.317 17.801 9.136
v -16.525 19.969 11.633
v -18.315 14.27 7.441
v -13.659 20.67 13.56
v -18.182 17.655 8.803
v -16.581 20.009 11.252
v -18.034 14.081 7.394
v -17.753 13.844 7.393
v -13.794 20.91 13.281
v -17.99 17.469 8.522
v -16.579 20.01 10.876
v -13.933 21.1 13
v -17.85 17.326 8.286
v -16.572 20.015 10.503
v -17.618 17.089 8.049
v -14.036 21.282 12.713
v -16.531 19.964 10.17
v -17.427 16.902 7.862
v -14.124 21.428 12.339
v -16.481 19.919 9.795
v -11.015 21.476 13.988
v -17.194 16.665 7.672
v -14.216 21.571 12.01
v -16.383 19.78 9.467
v -11.163 21.753 13.796
v -16.906 16.433 7.534
v -16.291 19.685 9.137
v -14.262 21.665 11.634
v -16.676 16.194 7.437
v -11.307 22.034 13.559
v -16.158 19.49 8.802
v -14.319 21.705 11.252
v -16.386 15.917 7.393
v -16.157 15.677 7.39
v -14.367 17.325 7.391
v -11.443 22.273 13.279
v -16.009 19.355 8.524
v -14.319 21.705 10.876
v -11.585 22.508 12.996
v -15.869 19.118 8.288
v -14.309 21.712 10.504
v -15.679 18.931 8.053
v -11.677 22.698 12.715
v -14.267 21.662 10.172
v -15.492 18.695 7.864
v -11.723 22.84 12.338
v -14.223 21.566 9.794
v -8.671 22.504 13.982
v -15.252 18.415 7.678
v -11.815 22.983 12.01
v -14.17 21.476 9.467
v -8.76 22.837 13.796
v -15.028 18.172 7.531
v -14.075 21.335 9.138
v -11.865 23.075 11.632
v -14.834 17.894 7.44
v -8.846 23.125 13.565
v -13.942 21.141 8.804
v -11.861 23.125 11.257
v -14.592 17.615 7.396
v -9 23.352 13.276
v -13.838 20.959 8.526
v -11.911 23.123 10.879
v -9.044 23.59 12.995
v -13.702 20.72 8.288
v -11.864 23.123 10.502
v -13.511 20.486 8.054
v -9.138 23.826 12.713
v -11.867 23.074 10.171
v -13.37 20.251 7.865
v -9.186 23.966 12.336
v -11.815 22.983 9.797
v -6.164 23.313 13.988
v -13.18 19.969 7.678
v -9.278 24.109 12.007
v -11.768 22.841 9.467
v -6.262 23.64 13.798
v -12.995 19.685 7.535
v -11.685 22.693 9.132
v -9.277 24.204 11.631
v -12.804 19.404 7.442
v -6.307 23.923 13.563
v -11.581 22.558 8.807
v -9.324 24.251 11.254
v -12.618 19.073 7.394
v -12.385 18.788 7.393
v -6.406 24.203 13.278
v -11.484 22.325 8.526
v -9.32 24.301 10.879
v -6.446 24.443 12.999
v -11.351 22.083 8.286
v -9.319 24.255 10.503
v -11.259 21.846 8.05
v -6.503 24.672 12.712
v -9.277 24.204 10.171
v -11.117 21.564 7.862
v -6.546 24.816 12.337
v -9.283 24.105 9.791
v -3.632 23.87 13.983
v -10.921 21.287 7.678
v -6.596 24.955 12.006
v -9.234 24.012 9.463
v -3.673 24.157 13.797
v -10.79 20.95 7.531
v -9.141 23.824 9.133
v -6.64 25.051 11.631
v -10.643 20.672 7.44
v -3.723 24.485 13.56
v -9.083 23.642 8.808
v -6.644 25.142 11.252
v -10.451 20.345 7.395
v -10.315 20.011 7.392
v -3.72 24.769 13.279
v -8.997 23.448 8.522
v -6.643 25.143 10.876
v -3.765 25.006 12.998
v -8.905 23.211 8.285
v -6.637 25.148 10.502
v -8.803 22.935 8.054
v -3.812 25.195 12.715
v -6.643 25.049 10.17
v -8.715 22.647 7.862
v -3.809 25.385 12.34
v -6.593 24.957 9.795
v -0.995 24.106 13.983
v -8.565 22.324 7.678
v -3.858 25.525 12.009
v -6.542 24.866 9.467
v -1.037 24.439 13.797
v -8.48 22.035 7.532
v -6.539 24.679 9.139
v -3.859 25.618 11.632
v -8.33 21.712 7.443
v -1.031 24.725 13.564
v -6.454 24.484 8.804
v -3.865 25.708 11.252
v -8.197 21.329 7.392
v -8.047 21.006 7.396
v -1.035 25.005 13.28
v -6.398 24.302 8.526
v -3.906 25.713 10.879
v -1.03 25.244 13
v -6.354 24.018 8.289
v -3.867 25.707 10.498
v -6.257 23.737 8.055
v -1.078 25.479 12.717
v -3.857 25.62 10.173
v -6.211 23.454 7.866
v -1.086 25.661 12.336
v -3.865 25.567 9.793
v 1.607 24.067 13.988
v -6.123 23.12 7.675
v -1.082 25.806 12.008
v -3.862 25.428 9.464
v 1.652 24.395 13.799
v -6.032 22.788 7.532
v -3.811 25.242 9.137
v -1.083 25.899 11.631
v -5.933 22.462 7.44
v 1.653 24.725 13.564
v -3.771 25.049 8.804
v -1.089 25.942 11.251
v -5.841 22.131 7.392
v -5.741 21.758 7.395
v 1.648 25.004 13.279
v -3.772 24.813 8.521
v -1.083 25.994 10.878
v 1.696 25.241 12.997
v -3.725 24.577 8.285
v -1.081 25.948 10.502
v -3.679 24.294 8.049
v 1.7 25.431 12.716
v -1.084 25.898 10.171
v -3.627 23.968 7.863
v 1.69 25.613 12.335
v -1.088 25.802 9.792
v 4.189 23.779 13.985
v -3.575 23.642 7.678
v 1.736 25.754 12.005
v -1.089 25.66 9.462
v 4.236 24.061 13.796
v -3.528 23.312 7.536
v -1.083 25.522 9.135
v 1.748 25.856 11.634
v -3.491 22.975 7.437
v 4.326 24.388 13.558
v -1.031 25.338 8.808
v 1.741 25.945 11.254
v -3.44 22.601 7.392
v -3.346 22.271 7.392
v 4.377 24.673 13.278
v -1.031 25.102 8.525
v 1.737 25.942 10.875
v 4.377 24.909 12.996
v -1.035 24.817 8.288
v 1.737 25.942 10.498
v -1.037 24.533 8.052
v 4.431 25.102 12.716
v 1.74 25.851 10.17
v -0.984 24.254 7.866
v 4.469 25.284 12.335
v 1.745 25.76 9.796
v 6.738 23.171 13.988
v -0.995 23.917 7.672
v 4.478 25.431 12.01
v 1.69 25.66 9.462
v 6.835 23.502 13.801
v -0.99 23.544 7.534
v 1.69 25.471 9.133
v 4.523 25.524 11.632
v -0.992 23.213 7.439
v 6.925 23.782 13.563
v 1.694 25.286 8.805
v 4.518 25.568 11.253
v -0.939 22.84 7.394
v -0.945 22.507 7.392
v 7.01 24.011 13.276
v 1.692 25.049 8.521
v 4.521 25.617 10.878
v 7.069 24.302 13
v 1.651 24.818 8.289
v 4.525 25.572 10.503
v 1.647 24.486 8.052
v 7.108 24.485 12.713
v 4.519 25.522 10.171
v 1.605 24.207 7.866
v 7.164 24.679 12.34
v 4.521 25.429 9.795
v 9.224 22.317 13.983
v 11.578 21.186 13.983
v 1.605 23.877 7.677
v 7.2 24.766 12.005
v 4.478 25.337 9.467
v 9.325 22.604 13.798
v 11.726 21.473 13.797
v 1.55 23.542 7.532
v 4.43 25.148 9.137
v 7.247 24.907 11.629
v 1.551 23.166 7.439
v 9.461 22.883 13.56
v 11.863 21.706 13.56
v 12.008 21.991 13.279
v 4.428 24.959 8.807
v 7.25 24.956 11.253
v 1.507 22.839 7.393
v 1.507 22.462 7.393
v 9.566 23.126 13.282
v 4.385 24.726 8.526
v 7.246 24.954 10.875
v 9.66 23.361 13
v 12.105 22.182 12.998
v 4.328 24.484 8.286
v 7.251 24.957 10.5
v 4.287 24.205 8.053
v 9.751 23.594 12.716
v 12.237 22.363 12.711
v 7.252 24.911 10.172
v 4.236 23.873 7.863
v 9.789 23.729 12.335
v 12.288 22.554 12.336
v 7.203 24.815 9.794
v 4.15 23.549 7.679
v 9.84 23.873 12.007
v 12.384 22.649 12.007
v 7.209 24.678 9.467
v 4.096 23.215 7.534
v 7.152 24.53 9.132
v 9.889 23.968 11.631
v 12.429 22.742 11.63
v 12.479 22.792 11.255
v 4.046 22.883 7.438
v 7.064 24.346 8.806
v 9.932 24.013 11.253
v 4.001 22.508 7.392
v 3.905 22.177 7.391
v 6.309 21.614 7.393
v 7.023 24.114 8.526
v 9.936 24.015 10.877
v 12.485 22.842 10.881
v 6.963 23.87 8.285
v 9.938 24.017 10.502
v 12.482 22.794 10.503
v 6.875 23.592 8.052
v 9.884 23.965 10.169
v 12.435 22.746 10.173
v 6.775 23.305 7.861
v 9.847 23.878 9.797
v 12.383 22.649 9.794
v 6.69 22.982 7.677
v 9.794 23.78 9.465
v 12.334 22.553 9.463
v 6.595 22.651 7.535
v 9.752 23.595 9.137
v 12.247 22.417 9.137
v 6.503 22.324 7.442
v 9.656 23.406 8.807
v 12.155 22.231 8.809
v 6.405 21.944 7.393
v 9.609 23.217 8.525
v 12.059 22.04 8.525
v 9.461 22.977 8.286
v 11.907 21.798 8.284
v 9.375 22.7 8.054
v 11.771 21.566 8.051
v 9.271 22.41 7.861
v 11.626 21.281 7.861
v 9.137 22.133 7.676
v 11.491 21.003 7.676
v 8.997 21.804 7.536
v 11.308 20.724 7.538
v 8.852 21.472 7.44
v 11.162 20.391 7.441
v 8.712 21.143 7.393
v 10.977 20.064 7.396
v 10.783 19.73 7.393
v 8.572 20.815 7.394
v 12.853 18.457 7.392
v 13.792 19.774 13.983
v 13.988 20.062 13.798
v 14.133 20.3 13.565
v 14.312 20.529 13.278
v 14.452 20.763 12.994
v 14.552 20.909 12.715
v 14.692 21.096 12.337
v 15.874 18.18 13.988
v 14.734 21.187 12.005
v 16.059 18.46 13.798
v 14.827 21.28 11.628
v 16.241 18.644 13.559
v 14.828 21.328 11.252
v 16.432 18.882 13.278
v 14.877 21.329 10.876
v 16.623 19.072 12.997
v 14.828 21.328 10.498
v 16.759 19.209 12.712
v 14.829 21.281 10.169
v 16.861 19.356 12.339
v 14.789 21.192 9.796
v 17.701 16.384 13.983
v 16.95 19.447 12.007
v 14.688 21.093 9.463
v 17.94 16.575 13.797
v 14.595 20.953 9.134
v 17.042 19.539 11.629
v 18.177 16.811 13.562
v 14.506 20.815 8.807
v 17.091 19.588 11.253
v 18.418 17.003 13.282
v 14.367 20.629 8.526
v 17.09 19.587 10.876
v 18.558 17.144 12.999
v 14.224 20.392 8.289
v 17.091 19.587 10.5
v 14.03 20.152 8.051
v 18.743 17.283 12.715
v 17.045 19.541 10.171
v 13.844 19.919 7.864
v 18.884 17.424 12.338
v 16.956 19.498 9.796
v 19.399 14.361 13.985
v 13.651 19.633 7.673
v 18.978 17.518 12.008
v 16.899 19.397 9.462
v 19.635 14.55 13.797
v 13.47 19.356 7.536
v 16.763 19.259 9.135
v 19.028 17.614 11.633
v 13.284 19.074 7.442
v 19.917 14.738 13.561
v 16.629 19.123 8.809
v 19.072 17.612 11.255
v 13.094 18.791 7.395
v 20.104 14.878 13.278
v 16.476 18.927 8.521
v 19.122 17.661 10.88
v 20.342 15.068 12.996
v 16.336 18.739 8.286
v 19.066 17.608 10.498
v 16.155 18.509 8.054
v 20.485 15.163 12.714
v 19.025 17.612 10.172
v 15.912 18.268 7.862
v 20.62 15.3 12.335
v 18.978 17.518 9.795
v 20.81 12.194 13.984
v 15.734 18.039 7.678
v 20.77 15.354 12.01
v 18.879 17.42 9.463
v 21.09 12.333 13.794
v 15.499 17.804 7.538
v 18.739 17.327 9.134
v 20.808 15.441 11.628
v 15.257 17.517 7.44
v 21.377 12.477 13.561
v 18.594 17.183 8.803
v 20.857 15.443 11.252
v 15.016 17.231 7.39
v 14.787 16.953 7.394
v 16.535 15.261 7.396
v 21.61 12.617 13.277
v 18.462 17.048 8.525
v 20.912 15.495 10.88
v 21.851 12.762 12.997
v 18.276 16.862 8.29
v 20.911 15.447 10.502
v 18.039 16.673 8.054
v 21.992 12.856 12.715
v 20.866 15.449 10.174
v 17.802 16.483 7.865
v 22.179 12.95 12.337
v 20.765 15.398 9.794
v 22.035 9.839 13.984
v 17.562 16.244 7.674
v 22.27 13.041 12.006
v 20.679 15.309 9.468
v 22.317 9.981 13.796
v 17.326 16.008 7.533
v 20.537 15.214 9.139
v 22.363 13.087 11.629
v 17.045 15.774 7.439
v 22.598 10.121 13.559
v 20.347 15.072 8.808
v 22.417 13.139 11.255
v 16.817 15.544 7.396
v 22.837 10.217 13.278
v 20.153 14.926 8.522
v 22.46 13.137 10.877
v 23.079 10.316 12.999
v 19.967 14.787 8.288
v 22.408 13.134 10.498
v 19.737 14.602 8.055
v 23.258 10.404 12.712
v 22.366 13.09 10.17
v 19.499 14.459 7.866
v 23.456 10.505 12.34
v 22.318 13.042 9.793
v 22.982 7.442 13.987
v 19.211 14.22 7.675
v 23.598 10.553 12.011
v 22.173 12.992 9.462
v 23.269 7.539 13.801
v 18.975 14.031 7.533
v 22.041 12.905 9.137
v 23.682 10.592 11.629
v 18.694 13.844 7.44
v 23.541 7.626 13.56
v 21.893 12.806 8.804
v 23.731 10.594 11.253
v 18.358 13.604 7.39
v 18.08 13.372 7.392
v 23.826 7.675 13.279
v 21.666 12.67 8.526
v 23.735 10.643 10.879
v 24.065 7.772 12.998
v 21.468 12.523 8.285
v 23.734 10.596 10.501
v 21.185 12.381 8.05
v 24.247 7.814 12.712
v 23.688 10.597 10.172
v 20.949 12.239 7.861
v 24.438 7.91 12.337
v 23.595 10.551 9.796
v 23.643 4.9 13.988
v 20.673 12.102 7.676
v 24.581 7.958 12.008
v 23.453 10.503 9.466
v 23.972 4.947 13.799
v 20.339 11.911 7.532
v 23.311 10.455 9.136
v 24.676 7.959 11.632
v 20.062 11.727 7.441
v 24.246 5.035 13.559
v 23.123 10.361 8.807
v 24.721 8.005 11.254
v 19.737 11.541 7.396
v 19.444 11.346 7.391
v 24.531 5.084 13.278
v 22.926 10.261 8.52
v 24.77 8.006 10.878
v 24.775 5.137 13
v 22.702 10.175 8.29
v 24.72 8.004 10.5
v 22.415 10.03 8.052
v 24.954 5.177 12.712
v 24.68 7.962 10.174
v 22.126 9.885 7.861
v 25.14 5.223 12.335
v 24.577 7.956 9.793
v 24.01 2.304 13.983
v 21.852 9.797 7.677
v 25.287 5.227 12.008
v 24.438 7.91 9.464
v 24.345 2.354 13.797
v 21.515 9.65 7.532
v 24.295 7.862 9.134
v 25.386 5.277 11.633
v 21.192 9.514 7.441
v 24.623 2.351 13.559
v 24.104 7.766 8.803
v 25.43 5.275 11.255
v 20.859 9.323 7.392
v 20.526 9.179 7.391
v 24.914 2.404 13.281
v 23.88 7.727 8.526
v 25.474 5.273 10.877
v 25.15 2.405 12.999
v 23.638 7.628 8.288
v 25.422 5.269 10.498
v 23.354 7.533 8.051
v 25.375 2.444 12.711
v 25.378 5.272 10.17
v 23.071 7.438 7.862
v 25.574 2.452 12.34
v 25.291 5.229 9.796
v 24.113 -0.281 13.987
v 22.796 7.35 7.678
v 25.713 2.45 12.009
v 25.192 5.227 9.465
v 24.435 -0.286 13.795
v 22.457 7.248 7.532
v 25 5.177 9.133
v 25.803 2.495 11.63
v 22.129 7.156 7.439
v 24.77 -0.329 13.562
v 24.811 5.129 8.803
v 25.852 2.495 11.254
v 21.756 7.017 7.393
v 21.426 6.923 7.393
v 22.043 4.572 7.396
v 25.046 -0.333 13.277
v 24.577 5.083 8.521
v 25.901 2.497 10.878
v 25.288 -0.329 12.997
v 24.341 5.036 8.286
v 25.851 2.495 10.5
v 24.065 4.993 8.053
v 25.471 -0.332 12.712
v 25.806 2.496 10.172
v 23.732 4.897 7.864
v 25.668 -0.327 12.339
v 25.704 2.444 9.791
v 23.966 -2.922 13.984
v 23.45 4.85 7.676
v 25.806 -0.329 12.008
v 25.574 2.451 9.467
v 24.294 -2.97 13.795
v 23.117 4.8 7.532
v 25.422 2.444 9.132
v 25.897 -0.332 11.63
v 22.741 4.706 7.438
v 24.583 -2.965 13.563
v 25.233 2.397 8.802
v 25.999 -0.326 11.257
v 22.418 4.617 7.395
v 22.415 2.167 7.393
v 24.864 -3.013 13.28
v 25.004 2.401 8.523
v 25.989 -0.333 10.875
v 25.095 -3.064 12.995
v 24.728 2.359 8.291
v 25.988 -0.334 10.498
v 24.441 2.355 8.053
v 25.331 -3.063 12.713
v 25.953 -0.325 10.175
v 24.164 2.312 7.867
v 25.476 -3.107 12.338
v 25.847 -0.333 9.792
v 23.497 -5.463 13.985
v 23.822 2.304 7.673
v 25.622 -3.104 12.01
v 25.705 -0.334 9.462
v 23.826 -5.557 13.797
v 23.503 2.264 7.537
v 25.52 -0.331 9.134
v 25.764 -3.104 11.634
v 23.12 2.212 7.44
v 24.106 -5.606 13.56
v 25.334 -0.329 8.806
v 25.801 -3.158 11.252
v 22.74 2.163 7.391
v 24.392 -5.698 13.279
v 25.097 -0.331 8.522
v 25.804 -3.156 10.877
v 24.627 -5.745 12.996
v 24.868 -0.326 8.29
v 25.808 -3.153 10.502
v 24.575 -0.334 8.05
v 24.817 -5.791 12.715
v 25.752 -3.112 10.168
v 24.253 -0.281 7.865
v 25.006 -5.838 12.338
v 25.665 -3.107 9.795
v 22.749 -8.002 13.988
v 23.927 -0.278 7.678
v 25.141 -5.889 12.006
v 25.527 -3.105 9.467
v 23.077 -8.097 13.799
v 23.597 -0.279 7.537
v 25.328 -3.065 9.132
v 25.238 -5.888 11.63
v 23.221 -0.278 7.443
v 23.351 -8.198 13.559
v 25.15 -3.058 8.808
v 25.29 -5.884 11.256
v 22.882 -0.285 7.391
v 22.509 -0.283 7.393
v 23.64 -8.287 13.28
v 24.912 -3.012 8.524
v 25.328 -5.89 10.875
v 23.88 -8.378 13
v 24.672 -3.016 8.286
v 25.286 -5.887 10.5
v 24.391 -2.967 8.052
v 24.061 -8.43 12.713
v 25.242 -5.885 10.172
v 24.06 -2.921 7.863
v 24.248 -8.525 12.336
v 25.152 -5.882 9.798
v 21.762 -10.402 13.989
v 23.728 -2.876 7.673
v 24.34 -8.574 12.005
v 25.052 -5.839 9.465
v 22.09 -10.544 13.8
v 23.408 -2.822 7.537
v 24.857 -5.796 9.132
v 24.437 -8.572 11.63
v 23.074 -2.778 7.44
v 22.319 -10.69 13.561
v 24.672 -5.747 8.804
v 24.538 -8.614 11.257
v 22.703 -2.774 7.396
v 22.323 -2.729 7.394
v 22.603 -10.784 13.279
v 24.439 -5.698 8.523
v 24.537 -8.615 10.879
v 22.795 -10.922 12.999
v 24.2 -5.654 8.286
v 24.531 -8.619 10.499
v 23.928 -5.599 8.055
v 23.02 -11.023 12.711
v 24.49 -8.568 10.173
v 23.636 -5.512 7.862
v 23.162 -11.07 12.334
v 24.398 -8.566 9.798
v 20.528 -12.716 13.984
v 23.313 -5.412 7.678
v 23.304 -11.117 12.005
v 24.245 -8.527 9.462
v 20.816 -12.854 13.798
v 22.976 -5.371 7.532
v 24.104 -8.48 9.132
v 23.401 -11.162 11.63
v 22.647 -5.276 7.439
v 21.054 -13.04 13.564
v 23.924 -8.38 8.807
v 23.454 -11.205 11.256
v 22.279 -5.176 7.396
v 21.894 -5.134 7.392
v 21.278 -13.189 13.276
v 23.683 -8.337 8.521
v 23.451 -11.207 10.878
v 21.518 -13.328 12.996
v 23.454 -8.238 8.289
v 23.448 -11.209 10.5
v 23.172 -8.143 8.055
v 21.667 -13.416 12.717
v 23.397 -11.165 10.168
v 22.889 -8.05 7.866
v 21.856 -13.51 12.341
v 23.314 -11.157 9.797
v 19.03 -14.829 13.988
v 22.597 -7.915 7.672
v 21.945 -13.608 12.009
v 23.218 -11.064 9.466
v 19.26 -15.022 13.797
v 22.273 -7.817 7.534
v 23.024 -11.021 9.134
v 22.042 -13.653 11.633
v 21.948 -7.673 7.442
v 19.546 -15.207 13.564
v 22.889 -10.922 8.808
v 22.086 -13.655 11.255
v 21.562 -7.585 7.391
v 21.241 -7.438 7.395
v 19.728 -15.4 13.278
v 22.656 -10.826 8.526
v 22.136 -13.7 10.88
v 19.913 -15.544 12.994
v 22.411 -10.739 8.286
v 22.088 -13.654 10.503
v 22.175 -10.598 8.05
v 20.11 -15.679 12.715
v 22.04 -13.655 10.172
v 21.897 -10.453 7.864
v 20.245 -15.778 12.335
v 21.986 -13.612 9.792
v 17.333 -16.808 13.988
v 21.608 -10.317 7.673
v 20.339 -15.872 12.006
v 21.856 -13.51 9.468
v 17.559 -17.05 13.795
v 21.286 -10.17 7.535
v 21.705 -13.423 9.134
v 20.438 -15.962 11.632
v 20.96 -10.027 7.443
v 17.753 -17.235 13.562
v 21.569 -13.325 8.807
v 20.48 -15.966 11.252
v 20.629 -9.839 7.395
v 20.301 -9.697 7.396
v 17.946 -17.419 13.282
v 21.325 -13.237 8.52
v 20.482 -16.012 10.877
v 18.134 -17.608 12.999
v 21.149 -13.087 8.291
v 20.485 -15.963 10.502
v 20.902 -12.953 8.05
v 18.268 -17.755 12.713
v 20.434 -15.965 10.17
v 20.631 -12.757 7.867
v 18.411 -17.895 12.337
v 20.395 -15.866 9.797
v 15.402 -18.598 13.987
v 20.343 -12.573 7.676
v 18.51 -17.986 12.01
v 20.253 -15.819 9.467
v 15.58 -18.84 13.794
v 20.058 -12.433 7.533
v 20.155 -15.727 9.136
v 18.597 -18.085 11.629
v 19.777 -12.244 7.44
v 15.775 -19.071 13.562
v 19.962 -15.589 8.804
v 18.65 -18.08 11.256
v 19.444 -12.058 7.391
v 19.114 -11.87 7.391
v 17.75 -13.846 7.392
v 15.962 -19.307 13.279
v 19.773 -15.448 8.521
v 18.647 -18.129 10.878
v 16.107 -19.494 12.998
v 19.584 -15.308 8.285
v 18.643 -18.133 10.499
v 19.354 -15.115 8.053
v 16.24 -19.64 12.711
v 18.596 -18.085 10.169
v 19.118 -14.927 7.864
v 16.381 -19.782 12.334
v 18.552 -17.989 9.794
v 13.281 -20.153 13.986
v 18.882 -14.739 7.675
v 16.482 -19.871 12.008
v 18.463 -17.891 9.467
v 13.467 -20.39 13.797
v 18.605 -14.5 7.537
v 18.317 -17.8 9.135
v 16.535 -19.961 11.634
v 18.319 -14.267 7.441
v 13.661 -20.669 13.564
v 18.174 -17.66 8.804
v 16.574 -20.014 11.254
v 18.041 -14.076 7.396
v 13.799 -20.907 13.28
v 17.991 -17.468 8.525
v 16.576 -20.012 10.878
v 13.941 -21.094 12.998
v 17.851 -17.326 8.29
v 16.58 -20.01 10.503
v 17.61 -17.094 8.052
v 14.031 -21.285 12.714
v 16.527 -19.967 10.171
v 17.418 -16.909 7.861
v 14.125 -21.427 12.336
v 16.475 -19.923 9.791
v 11.015 -21.476 13.983
v 17.185 -16.671 7.674
v 14.227 -21.563 12.011
v 16.383 -19.78 9.463
v 11.156 -21.758 13.795
v 16.906 -16.434 7.535
v 16.291 -19.685 9.134
v 14.264 -21.664 11.629
v 16.666 -16.201 7.439
v 11.296 -22.042 13.559
v 16.145 -19.5 8.803
v 14.311 -21.711 11.252
v 16.389 -15.915 7.394
v 16.145 -15.685 7.39
v 11.442 -22.274 13.279
v 16.005 -19.357 8.521
v 14.32 -21.705 10.88
v 11.58 -22.511 12.995
v 15.87 -19.118 8.288
v 14.32 -21.705 10.503
v 15.678 -18.932 8.051
v 11.674 -22.7 12.712
v 14.272 -21.658 10.173
v 15.494 -18.694 7.865
v 11.721 -22.842 12.335
v 14.219 -21.568 9.794
v 8.664 -22.509 13.986
v 15.258 -18.411 7.676
v 11.814 -22.983 12.005
v 14.175 -21.472 9.465
v 8.757 -22.84 13.796
v 15.02 -18.178 7.534
v 14.081 -21.33 9.136
v 11.87 -23.071 11.633
v 14.836 -17.892 7.441
v 8.858 -23.118 13.564
v 13.938 -21.144 8.805
v 11.862 -23.124 11.252
v 14.594 -17.614 7.391
v 14.359 -17.331 7.391
v 8.996 -23.355 13.28
v 13.844 -20.955 8.523
v 11.909 -23.124 10.875
v 9.043 -23.591 12.998
v 13.698 -20.723 8.285
v 11.861 -23.125 10.498
v 13.512 -20.486 8.051
v 9.132 -23.829 12.713
v 11.863 -23.076 10.169
v 13.367 -20.253 7.861
v 9.184 -23.967 12.338
v 11.826 -22.975 9.798
v 6.172 -23.307 13.987
v 13.187 -19.965 7.676
v 9.278 -24.109 12.009
v 11.767 -22.842 9.462
v 6.257 -23.643 13.794
v 12.991 -19.688 7.531
v 11.673 -22.701 9.133
v 9.277 -24.204 11.631
v 12.805 -19.403 7.439
v 6.306 -23.924 13.56
v 11.588 -22.553 8.808
v 9.326 -24.249 11.256
v 12.621 -19.071 7.394
v 12.381 -18.791 7.391
v 6.399 -24.208 13.277
v 11.484 -22.325 8.52
v 9.321 -24.3 10.876
v 6.455 -24.437 12.998
v 11.349 -22.085 8.288
v 9.317 -24.255 10.498
v 11.261 -21.845 8.056
v 6.495 -24.677 12.712
v 9.275 -24.205 10.171
v 11.112 -21.568 7.863
v 6.544 -24.817 12.337
v 9.272 -24.113 9.793
v 3.625 -23.875 13.985
v 10.921 -21.287 7.674
v 6.595 -24.956 12.009
v 9.234 -24.013 9.467
v 3.67 -24.159 13.796
v 10.789 -20.951 7.537
v 9.134 -23.829 9.134
v 6.646 -25.047 11.634
v 10.647 -20.669 7.443
v 3.727 -24.482 13.565
v 9.092 -23.636 8.808
v 6.637 -25.147 11.253
v 10.447 -20.347 7.39
v 10.319 -20.008 7.396
v 3.724 -24.766 13.281
v 8.994 -23.451 8.523
v 6.643 -25.144 10.879
v 3.77 -25.002 12.998
v 8.896 -23.218 8.286
v 6.643 -25.143 10.503
v 8.811 -22.929 8.055
v 3.821 -25.188 12.717
v 6.644 -25.048 10.174
v 8.709 -22.652 7.863
v 3.815 -25.381 12.338
v 6.594 -24.956 9.795
v 0.989 -24.11 13.986
v 8.576 -22.316 7.678
v 3.858 -25.525 12.006
v 6.548 -24.862 9.466
v 1.031 -24.443 13.794
v 8.47 -22.042 7.531
v 6.546 -24.675 9.135
v 3.856 -25.62 11.629
v 8.331 -21.711 7.438
v 1.04 -24.719 13.564
v 6.455 -24.484 8.808
v 3.864 -25.709 11.256
v 8.199 -21.328 7.396
v 8.048 -21.005 7.391
v 1.042 -25 13.282
v 6.41 -24.294 8.526
v 3.903 -25.715 10.875
v 1.035 -25.24 12.996
v 6.358 -24.015 8.288
v 3.861 -25.711 10.501
v 6.257 -23.737 8.049
v 1.077 -25.48 12.711
v 3.86 -25.618 10.171
v 6.215 -23.451 7.863
v 1.083 -25.664 12.338
v 3.855 -25.574 9.791
v -1.603 -24.064 13.984
v 6.128 -23.117 7.679
v 1.078 -25.808 12.005
v 3.867 -25.424 9.468
v -1.649 -24.393 13.797
v 6.023 -22.795 7.532
v 3.817 -25.238 9.137
v 1.086 -25.897 11.633
v 5.929 -22.465 7.438
v -1.649 -24.723 13.561
v 3.764 -25.054 8.804
v 1.082 -25.947 11.254
v 5.834 -22.136 7.39
v 5.741 -21.758 7.391
v 3.338 -22.277 7.39
v -1.647 -25.004 13.28
v 3.764 -24.818 8.522
v 1.078 -25.997 10.875
v -1.701 -25.244 12.994
v 3.716 -24.584 8.286
v 1.079 -25.949 10.499
v 3.677 -24.295 8.054
v -1.696 -25.429 12.714
v 1.085 -25.898 10.172
v 3.631 -23.965 7.866
v -1.689 -25.613 12.34
v 1.086 -25.803 9.796
v -4.194 -23.782 13.984
v 3.585 -23.635 7.679
v -1.745 -25.76 12.007
v 1.088 -25.66 9.467
v -4.234 -24.06 13.799
v 3.538 -23.305 7.537
v 1.09 -25.518 9.139
v -1.738 -25.849 11.633
v 3.49 -22.976 7.443
v -4.332 -24.392 13.562
v 1.04 -25.331 8.808
v -1.739 -25.944 11.256
v 3.44 -22.601 7.394
v -4.384 -24.678 13.277
v 1.038 -25.097 8.524
v -1.736 -25.942 10.881
v -4.379 -24.91 12.997
v 1.037 -24.815 8.288
v -1.747 -25.95 10.498
v 1.042 -24.53 8.055
v -4.432 -25.103 12.711
v -1.739 -25.85 10.173
v 0.995 -24.247 7.867
v -4.472 -25.286 12.338
v -1.745 -25.76 9.793
v -6.738 -23.171 13.983
v 0.989 -23.922 7.676
v -4.477 -25.431 12.006
v -1.701 -25.668 9.462
v -6.831 -23.5 13.796
v 0.993 -23.542 7.537
v -1.7 -25.479 9.133
v -4.527 -25.527 11.628
v 0.99 -23.215 7.44
v -6.926 -23.783 13.56
v -1.693 -25.285 8.807
v -4.527 -25.574 11.251
v 0.939 -22.84 7.392
v 0.938 -22.511 7.391
v -7.01 -24.011 13.282
v -1.696 -25.052 8.523
v -4.515 -25.613 10.881
v -7.066 -24.3 12.995
v -1.647 -24.815 8.288
v -4.514 -25.565 10.504
v -1.648 -24.487 8.052
v -7.117 -24.491 12.711
v -4.515 -25.519 10.174
v -1.598 -24.202 7.865
v -7.152 -24.671 12.34
v -4.515 -25.424 9.797
v -9.231 -22.321 13.985
v -1.603 -23.876 7.675
v -7.208 -24.771 12.006
v -4.469 -25.331 9.467
v -9.318 -22.599 13.8
v -1.558 -23.548 7.532
v -4.42 -25.141 9.139
v -7.248 -24.908 11.633
v -1.554 -23.168 7.44
v -9.46 -22.882 13.564
v -4.423 -24.955 8.807
v -7.252 -24.958 11.254
v -1.513 -22.843 7.39
v -1.513 -22.466 7.39
v -9.564 -23.124 13.277
v -4.384 -24.725 8.521
v -7.248 -24.955 10.879
v -9.653 -23.356 12.997
v -4.327 -24.483 8.291
v -7.253 -24.958 10.5
v -4.279 -24.2 8.055
v -9.744 -23.589 12.716
v -7.255 -24.913 10.17
v -4.241 -23.876 7.863
v -9.798 -23.735 12.336
v -7.205 -24.817 9.794
v -4.144 -23.545 7.675
v -9.845 -23.876 12.006
v -7.201 -24.672 9.467
v -4.094 -23.213 7.535
v -7.151 -24.529 9.139
v -9.887 -23.967 11.632
v -4.051 -22.886 7.439
v -7.062 -24.345 8.806
v -9.929 -24.011 11.258
v -4.005 -22.51 7.392
v -3.913 -22.182 7.391
v -6.306 -21.611 7.395
v -7.018 -24.111 8.522
v -9.941 -24.019 10.875
v -6.972 -23.876 8.286
v -9.933 -24.013 10.502
v -6.879 -23.595 8.05
v -9.892 -23.971 10.17
v -6.782 -23.31 7.863
v -9.84 -23.873 9.796
v -6.684 -22.978 7.677
v -9.79 -23.777 9.467
v -6.598 -22.654 7.531
v -9.746 -23.591 9.136
v -6.498 -22.32 7.44
v -9.659 -23.407 8.803
v -6.406 -21.945 7.392
v -9.601 -23.212 8.526
v -9.468 -22.982 8.286
v -9.368 -22.695 8.054
v -9.281 -22.418 7.862
v -9.135 -22.132 7.676
v -8.997 -21.804 7.533
v -8.852 -21.472 7.441
v -8.715 -21.145 7.391
v -8.576 -20.817 7.39
v -10.79 -19.735 7.06
v -12.862 -18.463 7.06
v -14.785 -16.951 7.064
v -16.531 -15.259 7.062
v -18.079 -13.371 7.065
v -19.446 -11.347 7.064
v -20.529 -9.181 7.064
v -21.43 -6.925 7.061
v -22.043 -4.571 7.061
v -22.418 -2.169 7.062
v -22.51 0.282 7.063
v -22.32 2.732 7.064
v -21.894 5.135 7.065
v -21.238 7.44 7.063
v -20.295 9.701 7.064
v -19.123 11.864 7.061
v -17.747 13.849 7.067
v -16.15 15.682 7.064
v -14.361 17.33 7.064
v -12.385 18.788 7.063
v -10.313 20.013 7.063
v -8.058 20.998 7.06
v -5.752 21.751 7.06
v -3.346 22.272 7.062
v -0.94 22.51 7.064
v 1.513 22.466 7.066
v 3.913 22.182 7.066
v 6.311 21.615 7.064
v 8.572 20.814 7.064
v 10.778 19.726 7.06
v 12.436 18.744 7.065
v 13.991 17.662 7.066
v 15.442 16.385 7.062
v 16.765 15.022 7.064
v 17.986 13.56 7.062
v 19.075 11.963 7.065
v 20.009 10.31 7.062
v 20.817 8.573 7.065
v 21.467 6.777 7.061
v 21.945 4.945 7.064
v 22.319 3.06 7.063
v 22.458 1.127 7.061
v 22.513 -0.751 7.066
v 22.371 -2.682 7.065
v 22.033 -4.571 7.061
v 21.57 -6.402 7.065
v 20.95 -8.244 7.061
v 20.156 -9.982 7.064
v 19.254 -11.635 7.061
v 18.183 -13.228 7.067
v 17.005 -14.735 7.066
v 15.677 -16.154 7.062
v 14.275 -17.418 7.067
v 12.714 -18.553 7.063
v 11.113 -19.59 7.063
v 9.424 -20.432 7.067
v 7.628 -21.191 7.063
v 5.842 -21.754 7.065
v 3.957 -22.178 7.064
v 2.071 -22.415 7.063
v 0.138 -22.511 7.062
v -1.741 -22.413 7.064
v -3.667 -22.222 7.067
v -5.554 -21.801 7.064
v -7.345 -21.283 7.064
v -9.087 -20.577 7.064
v -17.238 16.714 7.062
v -15.306 18.505 7.063
v -13.229 20.062 7.065
v -18.933 14.784 7.062
v -10.97 21.333 7.064
v -20.438 12.619 7.063
v -8.618 22.414 7.063
v -21.658 10.362 7.065
v -6.124 23.213 7.062
v -22.647 7.96 7.065
v -23.353 5.465 7.065
v -3.573 23.737 7.066
v -23.83 2.87 7.062
v -0.987 23.97 7.064
v -24.021 0.279 7.061
v 1.606 23.972 7.066
v -23.868 -2.303 7.066
v 4.196 23.643 7.066
v -23.495 -4.849 7.065
v 6.728 23.023 7.061
v -22.84 -7.394 7.063
v 9.18 22.177 7.062
v -21.893 -9.792 7.065
v 11.485 21.045 7.061
v -20.721 -12.103 7.063
v 13.707 19.686 7.065
v -19.306 -14.268 7.064
v 15.778 18.085 7.065
v -17.609 -16.291 7.065
v 17.616 16.296 7.066
v -15.768 -18.078 7.067
v 19.309 14.27 7.065
v -13.697 -19.679 7.067
v 20.719 12.102 7.063
v -11.496 -21.053 7.06
v 21.897 9.795 7.064
v -9.183 -22.179 7.063
v 22.84 7.394 7.064
v -6.731 -23.025 7.065
v 23.503 4.854 7.066
v -4.189 -23.638 7.064
v 23.878 2.31 7.065
v -1.605 -23.971 7.062
v 24.011 -0.286 7.061
v 0.992 -23.966 7.065
v 23.831 -2.87 7.065
v 3.578 -23.734 7.063
v 23.359 -5.461 7.065
v 6.116 -23.219 7.06
v 22.645 -7.961 7.061
v 8.614 -22.417 7.062
v 21.663 -10.358 7.065
v 10.967 -21.335 7.061
v 20.436 -12.62 7.063
v 13.236 -20.057 7.065
v 18.932 -14.785 7.064
v 15.298 -18.511 7.06
v 17.232 -16.718 7.062
v -13.707 -19.686 3.859
v -11.486 -21.047 3.863
v -15.771 -18.079 3.863
v -17.616 -16.296 3.859
v -19.311 -14.271 3.859
v -20.718 -12.101 3.862
v -21.899 -9.796 3.86
v -22.845 -7.398 3.858
v -23.492 -4.847 3.864
v -23.877 -2.309 3.86
v -24.018 0.281 3.86
v -23.832 2.869 3.859
v -23.353 5.465 3.863
v -22.649 7.959 3.862
v -21.656 10.363 3.864
v -20.438 12.619 3.861
v -18.931 14.785 3.861
v -17.238 16.714 3.86
v -15.309 18.503 3.859
v -13.237 20.057 3.859
v -10.971 21.332 3.862
v -8.616 22.415 3.862
v -6.12 23.216 3.862
v -3.573 23.737 3.864
v -0.987 23.97 3.862
v 1.597 23.966 3.859
v 4.188 23.637 3.86
v 6.728 23.023 3.858
v 9.184 22.18 3.862
v 11.49 21.049 3.861
v 13.704 19.684 3.862
v 15.777 18.131 3.863
v 17.607 16.29 3.859
v 19.264 14.318 3.863
v 20.723 12.152 3.863
v 21.899 9.843 3.862
v 22.842 7.443 3.863
v 23.493 4.941 3.859
v 23.872 2.353 3.86
v 24.017 -0.235 3.862
v 23.823 -2.829 3.859
v 23.405 -5.367 3.862
v 22.703 -7.86 3.864
v 21.71 -10.264 3.862
v 20.481 -12.528 3.86
v 19.022 -14.646 3.861
v 17.324 -16.626 3.859
v 15.444 -18.413 3.86
v 13.33 -19.964 3.863
v 11.115 -21.283 3.862
v 8.758 -22.368 3.861
v 6.312 -23.166 3.862
v 3.764 -23.688 3.86
v 1.181 -23.966 3.863
v -1.416 -23.971 3.86
v -3.954 -23.685 3.862
v -6.495 -23.118 3.863
v -8.945 -22.272 3.862
v -10.272 -21.712 3.858
v -22.881 17.85 3.864
v -20.812 20.202 3.862
v -18.511 22.317 3.859
v -24.67 15.261 3.864
v -15.957 24.209 3.865
v -26.18 12.527 3.862
v -13.277 25.806 3.862
v -27.355 9.609 3.863
v -10.408 27.076 3.861
v -28.259 6.589 3.859
v -7.396 28.064 3.86
v -28.821 3.483 3.86
v -4.332 28.678 3.862
v -29.002 0.38 3.864
v -1.231 28.956 3.858
v -28.869 -2.78 3.86
v 1.937 28.964 3.864
v -28.389 -5.882 3.864
v 5.039 28.584 3.862
v -27.598 -8.903 3.859
v 8.098 27.829 3.861
v -26.464 -11.866 3.862
v 11.067 26.795 3.862
v -25.053 -14.646 3.861
v 13.893 25.477 3.862
v -23.313 -17.284 3.86
v 16.575 23.827 3.861
v 19.073 21.851 3.862
v -21.29 -19.688 3.858
v 21.291 19.688 3.865
v -19.074 -21.851 3.86
v 23.305 17.279 3.859
v -16.58 -23.831 3.859
v 25.054 14.646 3.862
v -13.89 -25.475 3.862
v 26.469 11.87 3.864
v -11.062 -26.791 3.863
v 27.59 8.897 3.859
v -8.101 -27.831 3.861
v 28.392 5.884 3.86
v -5.032 -28.579 3.865
v 28.87 2.781 3.863
v -1.929 -28.959 3.862
v 29.003 -0.38 3.859
v 1.226 -28.959 3.862
v 28.816 -3.486 3.86
v 4.333 -28.677 3.862
v 28.249 -6.596 3.859
v 7.387 -28.069 3.858
v 27.357 -9.607 3.861
v 10.405 -27.078 3.861
v 26.187 -12.522 3.864
v 13.283 -25.802 3.863
v 24.674 -15.258 3.861
v 15.957 -24.208 3.858
v 22.881 -17.85 3.859
v 18.509 -22.318 3.863
v 20.815 -20.201 3.862
v -16.864 -24.208 3.387
v -14.123 -25.896 3.392
v -19.403 -22.228 3.389
v -21.659 -20.011 3.392
v -23.734 -17.565 3.39
v -25.469 -14.876 3.394
v -26.94 -12.058 3.388
v -28.066 -9.089 3.39
v -28.916 -5.983 3.389
v -29.377 -2.821 3.394
v -29.532 0.372 3.387
v -29.29 3.579 3.39
v -28.724 6.687 3.391
v -27.832 9.793 3.39
v -26.608 12.712 3.389
v -25.094 15.543 3.393
v -23.266 18.127 3.389
v -21.194 20.576 3.389
v -18.841 22.74 3.388
v -16.251 24.624 3.388
v -13.517 26.227 3.389
v -10.595 27.548 3.391
v -7.539 28.533 3.388
v -4.425 29.196 3.391
v -1.227 29.476 3.389
v 1.984 29.435 3.393
v 5.127 29.05 3.388
v 8.237 28.345 3.389
v 11.259 27.268 3.393
v 14.122 25.896 3.388
v 16.86 24.206 3.392
v 19.401 22.226 3.391
v 21.657 20.01 3.388
v 23.734 17.565 3.391
v 25.482 14.885 3.394
v 26.939 12.058 3.392
v 28.066 9.089 3.391
v 28.919 5.985 3.394
v 29.387 2.828 3.392
v 29.525 -0.377 3.39
v 29.283 -3.583 3.387
v 28.728 -6.684 3.392
v 27.828 -9.796 3.389
v 26.61 -12.711 3.393
v 25.098 -15.54 3.39
v 23.261 -18.13 3.39
v 21.195 -20.575 3.393
v 18.839 -22.742 3.392
v 16.253 -24.623 3.394
v 13.513 -26.23 3.39
v 10.6 -27.544 3.393
v 7.534 -28.537 3.39
v 4.424 -29.197 3.389
v 1.22 -29.481 3.388
v -1.977 -29.43 3.391
v -5.13 -29.052 3.392
v -8.245 -28.351 3.388
v -11.261 -27.269 3.387
v -15.544 -25.055 0.563
v -14.131 -25.902 0.563
v -16.95 -24.155 0.566
v -19.451 -22.181 0.563
v -21.714 -19.97 0.562
v -23.73 -17.515 0.567
v -25.524 -14.834 0.564
v -26.983 -12.008 0.565
v -28.119 -8.998 0.562
v -28.91 -5.931 0.567
v -29.388 -2.781 0.563
v -29.525 0.424 0.565
v -29.296 3.622 0.562
v -28.718 6.738 0.568
v -27.828 9.796 0.566
v -26.601 12.765 0.568
v -25.046 15.544 0.568
v -23.263 18.176 0.565
v -21.14 20.58 0.567
v -18.793 22.741 0.563
v -16.241 24.631 0.567
v -13.464 26.278 0.567
v -10.543 27.551 0.567
v -7.533 28.537 0.565
v -4.382 29.193 0.564
v -1.226 29.477 0.564
v 1.977 29.43 0.565
v 5.131 29.053 0.564
v 8.24 28.347 0.565
v 11.261 27.269 0.568
v 14.122 25.896 0.563
v 16.86 24.205 0.566
v 19.398 22.224 0.564
v 21.667 20.017 0.568
v 23.728 17.561 0.563
v 25.479 14.883 0.567
v 26.93 12.051 0.562
v 28.063 9.086 0.564
v 28.906 5.976 0.562
v 29.381 2.823 0.564
v 29.528 -0.374 0.567
v 29.284 -3.583 0.562
v 28.728 -6.684 0.567
v 27.831 -9.794 0.566
v 26.607 -12.713 0.566
v 25.099 -15.539 0.565
v 23.257 -18.133 0.562
v 21.192 -20.577 0.566
v 18.833 -22.746 0.564
v 16.25 -24.625 0.567
v 13.508 -26.233 0.562
v 10.6 -27.544 0.568
v 7.53 -28.539 0.563
v 4.424 -29.197 0.564
v 1.223 -29.479 0.564
v -1.972 -29.427 0.568
v -5.136 -29.056 0.564
v -8.245 -28.351 0.563
v -11.257 -27.267 0.564
v 13.888 25.473 0.092
v 11.071 26.798 0.097
v 8.104 27.833 0.097
v 5.042 28.586 0.096
v 1.928 28.958 0.093
v -1.225 28.96 0.094
v -4.334 28.676 0.093
v -7.394 28.064 0.094
v -10.41 27.074 0.092
v -13.283 25.802 0.092
v -15.957 24.208 0.097
v -18.502 22.323 0.096
v -20.814 20.201 0.094
v -22.887 17.846 0.093
v -24.668 15.262 0.097
v -26.186 12.523 0.092
v -27.364 9.603 0.092
v -28.248 6.596 0.097
v -28.816 3.486 0.096
v -29.005 0.379 0.095
v -28.868 -2.78 0.093
v -28.394 -5.885 0.095
v -27.592 -8.898 0.095
v -26.467 -11.868 0.093
v -25.058 -14.649 0.091
v -23.306 -17.279 0.096
v -21.29 -19.687 0.092
v -19.066 -21.846 0.097
v -16.573 -23.825 0.095
v -13.891 -25.475 0.094
v -11.071 -26.798 0.092
v -8.093 -27.826 0.097
v -5.045 -28.588 0.091
v -1.929 -28.959 0.095
v 1.219 -28.964 0.091
v 4.327 -28.681 0.091
v 7.392 -28.066 0.094
v 10.405 -27.078 0.093
v 13.275 -25.808 0.092
v 15.958 -24.208 0.091
v 18.506 -22.321 0.094
v 20.807 -20.206 0.091
v 22.88 -17.851 0.091
v 24.681 -15.253 0.097
v 26.177 -12.529 0.092
v 27.356 -9.609 0.092
v 28.255 -6.591 0.095
v 28.812 -3.489 0.091
v 29.009 -0.376 0.095
v 28.863 2.776 0.093
v 28.389 5.882 0.091
v 27.598 8.902 0.096
v 26.466 11.868 0.095
v 25.046 14.641 0.091
v 23.316 17.286 0.097
v 21.285 19.684 0.094
v 19.073 21.851 0.095
v 16.57 23.823 0.091
v -15.308 14.831 0.092
v -13.613 16.384 0.092
v -16.814 13.088 0.092
v -11.719 17.804 0.097
v -18.127 11.209 0.095
v -9.745 18.932 0.096
v -19.213 9.182 0.094
v -7.626 19.874 0.096
v -20.104 7.066 0.096
v -5.468 20.574 0.091
v -20.762 4.854 0.097
v -3.208 21.045 0.091
v -21.143 2.59 0.094
v -0.895 21.284 0.094
v -21.286 0.282 0.094
v 1.418 21.241 0.097
v -21.187 -2.023 0.096
v 3.716 20.999 0.092
v -20.861 -4.332 0.094
v 5.931 20.435 0.093
v -20.29 -6.541 0.097
v 8.143 19.681 0.092
v -19.442 -8.707 0.097
v 10.225 18.699 0.098
v -18.414 -10.738 0.093
v 12.192 17.467 0.092
v -17.144 -12.669 0.093
v 13.987 16.058 0.095
v -15.635 -14.457 0.094
v 15.637 14.459 0.096
v -13.988 -16.06 0.093
v -12.196 -17.47 0.094
v 17.14 12.667 0.094
v -10.224 -18.699 0.091
v 18.414 10.738 0.095
v -8.144 -19.681 0.096
v 19.448 8.712 0.094
v -5.939 -20.441 0.091
v 20.295 6.545 0.094
v -3.726 -21.006 0.091
v 20.862 4.333 0.095
v -1.412 -21.237 0.095
v 21.188 2.023 0.093
v 0.892 -21.286 0.093
v 21.287 -0.281 0.096
v 3.196 -21.053 0.091
v 21.144 -2.589 0.095
v 5.467 -20.575 0.097
v 20.766 -4.851 0.094
v 7.634 -19.868 0.097
v 20.102 -7.067 0.091
v 9.747 -18.93 0.094
v 19.214 -9.181 0.095
v 11.727 -17.799 0.095
v 18.13 -11.207 0.095
v 13.607 -16.388 0.093
v 16.805 -13.095 0.091
v 15.301 -14.835 0.093
v -10.174 -18.602 0.046
v 9.894 18.133 -1.693
v 11.818 16.951 -1.696
v 9.93 18.22 -1.745
v 11.864 17.045 -1.743
v 9.887 18.081 -1.602
v 11.774 16.906 -1.6
v 9.848 17.993 -1.551
v 11.723 16.857 -1.555
v 9.797 17.943 -1.458
v 11.677 16.763 -1.46
v 9.792 17.892 -1.367
v 11.676 16.763 -1.367
v 9.749 17.848 -1.27
v 11.633 16.718 -1.271
v 9.751 17.849 -1.129
v 11.626 16.666 -1.133
v 9.744 17.844 -1.038
v 11.637 16.674 -1.033
v 9.746 17.798 -0.943
v 11.584 16.669 -0.942
v 11.633 16.671 -0.8
v 9.747 17.846 -0.801
v 11.631 16.669 -0.707
v 9.751 17.85 -0.704
v 11.626 16.713 -0.615
v 9.753 17.851 -0.609
v 11.624 16.712 -0.521
v 9.789 17.89 -0.521
v 11.679 16.765 -0.423
v 9.79 17.938 -0.426
v 11.723 16.809 -0.331
v 9.841 17.988 -0.33
v 11.767 16.854 -0.238
v 9.838 18.033 -0.237
v 11.779 16.957 -0.185
v 9.885 18.127 -0.19
v 11.821 17 -0.094
v 9.937 18.177 -0.094
v 9.978 18.267 -0.05
v 11.909 17.09 -0.049
v 10.035 18.321 0.003
v 11.965 17.144 0.002
v 10.077 18.412 0.047
v 12.014 17.239 0.05
v 10.129 18.51 0.05
v 12.05 17.326 0.045
v 13.568 15.591 -1.692
v 13.66 15.637 -1.74
v 15.257 14.08 -1.742
v 10.173 18.601 0.048
v 12.099 17.374 0.046
v 13.513 15.539 -1.602
v 13.464 15.443 -1.556
v 13.416 15.395 -1.462
v 13.421 15.399 -1.365
v 13.371 15.35 -1.272
v 13.38 15.356 -1.127
v 13.329 15.306 -1.035
v 13.32 15.3 -0.945
v 13.325 15.303 -0.801
v 13.371 15.303 -0.707
v 13.371 15.349 -0.614
v 13.375 15.399 -0.517
v 13.425 15.401 -0.422
v 13.466 15.444 -0.33
v 13.519 15.496 -0.233
v 13.562 15.539 -0.188
v 13.611 15.636 -0.093
v 13.663 15.685 -0.044
v 13.744 15.771 -0.003
v 13.794 15.82 0.045
v 13.845 15.917 0.047
v 15.166 14.035 -1.693
v 13.941 15.965 0.049
v 15.121 13.989 -1.598
v 15.074 13.942 -1.551
v 15.025 13.894 -1.458
v 14.97 13.841 -1.368
v 14.971 13.795 -1.273
v 14.926 13.797 -1.131
v 14.924 13.795 -1.038
v 14.928 13.798 -0.941
v 14.926 13.796 -0.801
v 14.933 13.801 -0.704
v 14.97 13.794 -0.615
v 14.975 13.845 -0.518
v 15.017 13.888 -0.426
v 15.074 13.895 -0.327
v 15.11 13.934 -0.238
v 15.161 13.985 -0.189
v 15.209 14.079 -0.094
v 15.303 14.126 -0.048
v 15.355 14.177 0.002
v 15.448 14.27 0.048
v 15.491 14.314 0.046
v 16.616 12.286 -1.698
v 16.674 12.34 -1.74
v 17.89 10.498 -1.744
v 15.582 14.406 0.045
v 16.525 12.241 -1.603
v 16.484 12.198 -1.552
v 16.431 12.194 -1.462
v 16.391 12.152 -1.364
v 16.341 12.103 -1.271
v 16.341 12.103 -1.13
v 16.343 12.104 -1.034
v 16.334 12.098 -0.945
v 16.339 12.101 -0.801
v 16.34 12.102 -0.707
v 16.34 12.102 -0.612
v 16.385 12.148 -0.519
v 16.438 12.152 -0.422
v 16.481 12.196 -0.33
v 16.532 12.246 -0.234
v 16.569 12.286 -0.191
v 16.674 12.341 -0.092
v 16.717 12.385 -0.047
v 16.812 12.433 0.001
v 16.859 12.479 0.048
v 16.958 12.577 0.05
v 17.848 10.455 -1.695
v 17.047 12.62 0.047
v 17.747 10.402 -1.604
v 17.702 10.357 -1.556
v 17.653 10.309 -1.463
v 17.611 10.312 -1.366
v 17.559 10.262 -1.274
v 17.57 10.27 -1.127
v 17.513 10.262 -1.038
v 17.514 10.263 -0.944
v 17.518 10.266 -0.8
v 17.569 10.269 -0.704
v 17.558 10.261 -0.615
v 17.615 10.315 -0.516
v 17.657 10.311 -0.425
v 17.71 10.363 -0.327
v 17.754 10.36 -0.235
v 17.8 10.407 -0.188
v 17.899 10.458 -0.091
v 17.941 10.501 -0.047
v 18.037 10.549 0.001
v 18.127 10.593 0.046
v 18.226 10.644 0.048
v 18.879 8.426 -1.697
v 18.935 8.48 -1.74
v 18.32 10.691 0.048
v 18.788 8.429 -1.601
v 18.743 8.383 -1.553
v 18.65 8.337 -1.459
v 18.598 8.334 -1.367
v 18.607 8.339 -1.268
v 18.547 8.284 -1.133
v 18.55 8.286 -1.037
v 18.559 8.292 -0.939
v 18.56 8.292 -0.797
v 18.547 8.284 -0.709
v 18.594 8.33 -0.616
v 18.596 8.332 -0.52
v 18.641 8.33 -0.427
v 18.7 8.386 -0.327
v 18.791 8.383 -0.234
v 18.835 8.429 -0.189
v 18.931 8.477 -0.094
v 18.971 8.472 -0.05
v 19.075 8.526 0.002
v 19.167 8.571 0.048
v 19.257 8.615 0.046
v 19.68 6.355 -1.697
v 19.733 6.406 -1.741
v 19.349 8.661 0.045
v 19.583 6.305 -1.604
v 19.544 6.311 -1.553
v 19.452 6.313 -1.458
v 19.402 6.263 -1.365
v 19.356 6.264 -1.271
v 19.358 6.266 -1.128
v 19.305 6.261 -1.037
v 19.304 6.261 -0.943
v 19.301 6.259 -0.803
v 19.357 6.265 -0.705
v 19.357 6.265 -0.61
v 19.397 6.26 -0.52
v 19.452 6.266 -0.422
v 19.489 6.306 -0.332
v 19.59 6.31 -0.235
v 19.633 6.354 -0.19
v 19.728 6.356 -0.095
v 19.776 6.403 -0.048
v 19.872 6.404 0
v 19.968 6.453 0.048
v 20.062 6.5 0.048
v 20.252 4.194 -1.693
v 20.346 4.193 -1.741
v 20.148 6.494 0.044
v 20.152 4.19 -1.602
v 20.102 4.14 -1.557
v 20.018 4.148 -1.457
v 19.97 4.147 -1.364
v 19.925 4.148 -1.268
v 19.925 4.148 -1.127
v 19.875 4.099 -1.035
v 19.871 4.097 -0.942
v 19.873 4.097 -0.8
v 19.918 4.143 -0.707
v 19.913 4.14 -0.615
v 19.972 4.148 -0.515
v 20.016 4.146 -0.422
v 20.066 4.148 -0.327
v 20.148 4.186 -0.239
v 20.196 4.187 -0.191
v 20.301 4.195 -0.091
v 20.387 4.236 -0.048
v 20.478 4.234 -0.003
v 20.579 4.239 0.047
v 20.666 4.281 0.044
v 20.571 1.973 -1.699
v 20.676 1.98 -1.74
v 20.763 4.283 0.045
v 20.487 1.98 -1.599
v 20.439 1.979 -1.553
v 20.343 1.978 -1.46
v 20.301 1.934 -1.363
v 20.255 1.935 -1.268
v 20.244 1.928 -1.132
v 20.196 1.927 -1.038
v 20.197 1.928 -0.944
v 20.201 1.931 -0.801
v 20.242 1.926 -0.709
v 20.253 1.934 -0.61
v 20.3 1.934 -0.516
v 20.336 1.973 -0.427
v 20.395 1.981 -0.327
v 20.489 1.981 -0.233
v 20.535 1.981 -0.186
v 20.629 1.98 -0.092
v 20.722 1.979 -0.046
v 20.811 1.976 -0.001
v 20.902 2.021 0.044
v 21.007 2.028 0.05
v 20.668 -0.238 -1.697
v 20.765 -0.284 -1.743
v 21.093 2.023 0.046
v 20.573 -0.239 -1.603
v 20.533 -0.234 -1.553
v 20.431 -0.239 -1.463
v 20.388 -0.237 -1.367
v 20.346 -0.233 -1.27
v 20.342 -0.236 -1.131
v 20.301 -0.231 -1.033
v 20.298 -0.234 -0.941
v 20.297 -0.234 -0.8
v 20.346 -0.233 -0.705
v 20.343 -0.235 -0.612
v 20.385 -0.239 -0.52
v 20.434 -0.237 -0.425
v 20.485 -0.235 -0.329
v 20.578 -0.236 -0.236
v 20.626 -0.235 -0.188
v 20.717 -0.284 -0.095
v 20.808 -0.286 -0.05
v 20.911 -0.28 0.001
v 21.004 -0.281 0.048
v 21.101 -0.279 0.05
v 20.531 -2.496 -1.695
v 20.624 -2.497 -1.743
v 21.196 -0.278 0.05
v 20.433 -2.498 -1.603
v 20.345 -2.494 -1.553
v 20.291 -2.452 -1.462
v 20.248 -2.449 -1.366
v 20.198 -2.451 -1.273
v 20.2 -2.45 -1.131
v 20.158 -2.446 -1.034
v 20.157 -2.446 -0.94
v 20.148 -2.453 -0.803
v 20.196 -2.453 -0.709
v 20.201 -2.449 -0.612
v 20.248 -2.449 -0.518
v 20.294 -2.449 -0.424
v 20.349 -2.444 -0.326
v 20.396 -2.491 -0.232
v 20.485 -2.495 -0.188
v 20.578 -2.496 -0.094
v 20.675 -2.494 -0.046
v 20.762 -2.546 -0.002
v 20.864 -2.54 0.049
v 20.958 -2.54 0.049
v 20.104 -4.711 -1.697
v 20.198 -4.711 -1.744
v 21.05 -2.542 0.047
v 20.065 -4.658 -1.598
v 19.971 -4.658 -1.551
v 19.921 -4.66 -1.458
v 19.866 -4.619 -1.369
v 19.821 -4.617 -1.273
v 19.775 -4.617 -1.132
v 19.78 -4.613 -1.035
v 19.779 -4.614 -0.941
v 19.778 -4.615 -0.8
v 19.776 -4.616 -0.707
v 19.82 -4.618 -0.614
v 19.87 -4.616 -0.519
v 19.923 -4.659 -0.422
v 19.965 -4.662 -0.33
v 20.012 -4.663 -0.236
v 20.104 -4.712 -0.19
v 20.155 -4.708 -0.094
v 20.251 -4.707 -0.046
v 20.349 -4.752 0.003
v 20.439 -4.755 0.048
v 20.53 -4.804 0.046
v 19.497 -6.827 -1.694
v 19.583 -6.88 -1.746
v 20.631 -4.799 0.05
v 19.454 -6.823 -1.598
v 19.351 -6.783 -1.555
v 19.305 -6.782 -1.46
v 19.26 -6.733 -1.365
v 19.212 -6.734 -1.272
v 19.159 -6.738 -1.133
v 19.169 -6.732 -1.034
v 19.167 -6.732 -0.941
v 19.17 -6.731 -0.798
v 19.162 -6.736 -0.708
v 19.212 -6.734 -0.613
v 19.256 -6.736 -0.52
v 19.304 -6.783 -0.425
v 19.355 -6.78 -0.329
v 19.403 -6.827 -0.234
v 19.494 -6.829 -0.189
v 19.547 -6.871 -0.092
v 19.642 -6.871 -0.044
v 19.725 -6.926 -0.003
v 19.827 -6.968 0.048
v 19.913 -6.973 0.044
v 18.643 -8.903 -1.697
v 18.739 -8.949 -1.744
v 20.013 -7.017 0.047
v 18.556 -8.898 -1.6
v 18.513 -8.848 -1.551
v 18.465 -8.802 -1.457
v 18.413 -8.805 -1.365
v 18.369 -8.756 -1.269
v 18.37 -8.755 -1.128
v 18.32 -8.757 -1.035
v 18.316 -8.76 -0.943
v 18.318 -8.759 -0.8
v 18.317 -8.759 -0.707
v 18.364 -8.759 -0.612
v 18.411 -8.806 -0.518
v 18.464 -8.802 -0.421
v 18.508 -8.852 -0.329
v 18.554 -8.852 -0.235
v 18.602 -8.899 -0.188
v 18.698 -8.945 -0.092
v 18.785 -8.997 -0.049
v 18.83 -8.998 -0.003
v 18.936 -9.037 0.05
v 19.029 -9.085 0.05
v 17.566 -10.876 -1.694
v 17.659 -10.925 -1.742
v 19.121 -9.133 0.048
v 17.518 -10.83 -1.601
v 17.428 -10.78 -1.552
v 17.379 -10.781 -1.458
v 17.33 -10.736 -1.365
v 17.331 -10.735 -1.271
v 17.28 -10.691 -1.131
v 17.288 -10.685 -1.033
v 17.28 -10.691 -0.943
v 17.284 -10.688 -0.799
v 17.285 -10.687 -0.705
v 17.331 -10.688 -0.611
v 17.328 -10.737 -0.519
v 17.379 -10.735 -0.422
v 17.429 -10.78 -0.327
v 17.467 -10.833 -0.237
v 17.563 -10.879 -0.189
v 17.61 -10.926 -0.095
v 17.707 -10.971 -0.046
v 17.747 -11.023 -0.003
v 17.848 -11.065 0.048
v 17.946 -11.109 0.05
v 16.291 -12.716 -1.696
v 16.385 -12.762 -1.743
v 18.034 -11.161 0.046
v 16.241 -12.67 -1.603
v 16.2 -12.619 -1.554
v 16.103 -12.574 -1.46
v 16.103 -12.527 -1.366
v 16.061 -12.524 -1.27
v 16.011 -12.525 -1.13
v 16.01 -12.479 -1.036
v 16.015 -12.475 -0.939
v 16.016 -12.475 -0.798
v 16.013 -12.524 -0.705
v 16.061 -12.523 -0.61
v 16.061 -12.524 -0.516
v 16.107 -12.571 -0.423
v 16.157 -12.616 -0.327
v 16.193 -12.671 -0.238
v 16.298 -12.711 -0.186
v 16.345 -12.758 -0.092
v 16.39 -12.806 -0.046
v 16.484 -12.854 0.001
v 16.575 -12.903 0.047
v 16.626 -12.994 0.049
v 14.834 -14.409 -1.695
v 14.874 -14.461 -1.745
v 16.723 -13.04 0.05
v 14.785 -14.363 -1.602
v 14.74 -14.314 -1.553
v 14.691 -14.269 -1.46
v 14.651 -14.217 -1.362
v 14.601 -14.171 -1.27
v 14.603 -14.17 -1.127
v 14.556 -14.171 -1.034
v 14.55 -14.127 -0.942
v 14.551 -14.174 -0.8
v 14.602 -14.171 -0.704
v 14.597 -14.174 -0.612
v 14.642 -14.223 -0.52
v 14.645 -14.221 -0.424
v 14.689 -14.27 -0.331
v 14.744 -14.312 -0.233
v 14.783 -14.364 -0.19
v 14.886 -14.452 -0.091
v 14.921 -14.508 -0.05
v 14.971 -14.553 -0.002
v 15.074 -14.641 0.05
v 15.111 -14.695 0.045
v 13.18 -15.92 -1.698
v 13.227 -15.967 -1.745
v 15.215 -14.782 0.05
v 13.14 -15.868 -1.6
v 13.089 -15.823 -1.555
v 13.041 -15.777 -1.461
v 13.002 -15.724 -1.363
v 12.993 -15.684 -1.273
v 12.951 -15.68 -1.129
v 12.956 -15.629 -1.033
v 12.956 -15.63 -0.939
v 12.949 -15.634 -0.801
v 12.947 -15.635 -0.708
v 13.003 -15.677 -0.609
v 12.99 -15.732 -0.521
v 13.04 -15.73 -0.425
v 13.091 -15.775 -0.329
v 13.141 -15.82 -0.234
v 13.183 -15.918 -0.19
v 13.227 -15.967 -0.097
v 13.284 -16.007 -0.045
v 13.332 -16.101 0.003
v 13.375 -16.15 0.048
v 13.468 -16.246 0.047
v 11.395 -17.235 -1.696
v 11.441 -17.33 -1.743
v 13.509 -16.344 0.044
v 11.35 -17.187 -1.601
v 11.298 -17.143 -1.556
v 11.259 -17.09 -1.457
v 11.255 -17.046 -1.365
v 11.206 -17 -1.272
v 11.204 -16.954 -1.132
v 11.212 -16.949 -1.034
v 11.212 -16.949 -0.94
v 11.209 -16.951 -0.8
v 11.209 -16.951 -0.706
v 11.205 -17.001 -0.613
v 11.257 -16.997 -0.517
v 11.258 -17.044 -0.422
v 11.304 -17.092 -0.328
v 11.353 -17.138 -0.233
v 11.347 -17.236 -0.189
v 11.394 -17.283 -0.095
v 11.449 -17.372 -0.044
v 11.486 -17.426 -0.002
v 11.588 -17.515 0.049
v 11.628 -17.614 0.045
v 9.462 -18.367 -1.697
v 9.51 -18.461 -1.743
v 11.672 -17.71 0.044
v 9.419 -18.317 -1.601
v 9.373 -18.222 -1.553
v 9.372 -18.175 -1.459
v 9.327 -18.127 -1.364
v 9.326 -18.128 -1.27
v 9.274 -18.084 -1.132
v 9.277 -18.082 -1.036
v 9.28 -18.033 -0.94
v 9.27 -18.087 -0.804
v 9.282 -18.078 -0.704
v 9.326 -18.08 -0.611
v 9.322 -18.131 -0.519
v 9.371 -18.176 -0.424
v 9.365 -18.228 -0.333
v 9.418 -18.271 -0.236
v 9.424 -18.361 -0.186
v 9.464 -18.413 -0.095
v 9.514 -18.505 -0.046
v 9.557 -18.602 -0.001
v 9.613 -18.69 0.05
v 9.647 -18.746 0.044
v 7.39 -19.309 -1.697
v 7.436 -19.356 -1.744
v 9.707 -18.831 0.05
v 7.389 -19.216 -1.603
v 7.346 -19.166 -1.554
v 7.344 -19.072 -1.461
v 7.294 -19.028 -1.368
v 7.303 -19.021 -1.269
v 7.294 -18.981 -1.133
v 7.301 -18.975 -1.035
v 7.305 -18.973 -0.939
v 7.295 -18.98 -0.802
v 7.301 -18.975 -0.705
v 7.297 -19.025 -0.613
v 7.294 -19.028 -0.521
v 7.343 -19.073 -0.425
v 7.349 -19.116 -0.328
v 7.388 -19.216 -0.238
v 7.387 -19.264 -0.191
v 7.44 -19.354 -0.094
v 7.436 -19.404 -0.049
v 7.487 -19.495 0
v 7.532 -19.591 0.046
v 7.585 -19.681 0.049
v 5.278 -19.963 -1.693
v 5.315 -20.065 -1.745
v 7.576 -19.781 0.044
v 5.279 -19.915 -1.599
v 5.221 -19.829 -1.557
v 5.224 -19.78 -1.461
v 5.229 -19.729 -1.365
v 5.179 -19.684 -1.272
v 5.174 -19.64 -1.133
v 5.173 -19.641 -1.039
v 5.174 -19.64 -0.945
v 5.178 -19.637 -0.801
v 5.18 -19.636 -0.706
v 5.184 -19.681 -0.61
v 5.223 -19.733 -0.52
v 5.231 -19.775 -0.422
v 5.225 -19.826 -0.331
v 5.272 -19.874 -0.237
v 5.271 -19.968 -0.19
v 5.269 -20.016 -0.097
v 5.315 -20.112 -0.05
v 5.317 -20.204 -0.002
v 5.37 -20.294 0.048
v 5.371 -20.388 0.048
v 3.103 -20.441 -1.698
v 3.11 -20.529 -1.741
v 5.414 -20.485 0.047
v 3.06 -20.343 -1.602
v 3.058 -20.298 -1.556
v 3.057 -20.204 -1.462
v 3.066 -20.151 -1.363
v 3.064 -20.152 -1.27
v 3.061 -20.107 -1.13
v 3.011 -20.109 -1.037
v 3.018 -20.057 -0.94
v 3.02 -20.056 -0.797
v 3.067 -20.103 -0.703
v 3.062 -20.106 -0.612
v 3.064 -20.152 -0.516
v 3.066 -20.198 -0.421
v 3.059 -20.25 -0.331
v 3.065 -20.34 -0.234
v 3.061 -20.39 -0.188
v 3.101 -20.489 -0.097
v 3.111 -20.576 -0.045
v 3.101 -20.677 -0.003
v 3.157 -20.765 0.048
v 3.148 -20.865 0.044
v 0.85 -20.67 -1.694
v 0.848 -20.719 -1.742
v 3.152 -20.957 0.046
v 0.852 -20.575 -1.599
v 0.841 -20.489 -1.557
v 0.843 -20.44 -1.462
v 0.847 -20.39 -1.366
v 0.852 -20.34 -1.269
v 0.85 -20.294 -1.129
v 0.854 -20.291 -1.033
v 0.844 -20.298 -0.943
v 0.841 -20.3 -0.804
v 0.846 -20.297 -0.707
v 0.852 -20.34 -0.61
v 0.85 -20.388 -0.517
v 0.848 -20.437 -0.424
v 0.844 -20.486 -0.331
v 0.853 -20.528 -0.233
v 0.842 -20.629 -0.191
v 0.852 -20.717 -0.092
v 0.845 -20.768 -0.048
v 0.842 -20.865 -0.003
v 0.897 -21.001 0.048
v 0.899 -21.093 0.049
v -1.365 -20.625 -1.695
v -1.365 -20.719 -1.742
v -3.625 -20.436 -1.742
v 0.901 -21.186 0.05
v -1.368 -20.533 -1.602
v -1.362 -20.482 -1.552
v -1.367 -20.391 -1.46
v -1.371 -20.347 -1.368
v -1.366 -20.296 -1.271
v -1.362 -20.293 -1.128
v -1.364 -20.247 -1.035
v -1.36 -20.245 -0.939
v -1.359 -20.244 -0.797
v -1.369 -20.298 -0.708
v -1.372 -20.3 -0.616
v -1.369 -20.345 -0.52
v -1.36 -20.386 -0.421
v -1.365 -20.437 -0.329
v -1.367 -20.532 -0.236
v -1.37 -20.581 -0.191
v -1.37 -20.676 -0.097
v -1.367 -20.767 -0.048
v -1.41 -20.859 0.001
v -1.411 -20.954 0.048
v -1.411 -21.048 0.048
v -3.574 -20.339 -1.693
v -1.414 -21.144 0.047
v -3.573 -20.292 -1.598
v -3.572 -20.197 -1.551
v -3.574 -20.151 -1.457
v -3.532 -20.107 -1.366
v -3.527 -20.057 -1.269
v -3.534 -20.014 -1.131
v -3.535 -20.015 -1.038
v -3.53 -20.012 -0.941
v -3.532 -20.013 -0.801
v -3.532 -20.013 -0.706
v -3.533 -20.061 -0.613
v -3.533 -20.061 -0.519
v -3.584 -20.111 -0.426
v -3.578 -20.201 -0.329
v -3.58 -20.249 -0.236
v -3.58 -20.343 -0.189
v -3.627 -20.391 -0.095
v -3.62 -20.48 -0.044
v -3.625 -20.577 0.001
v -3.679 -20.677 0.044
v -3.673 -20.766 0.047
v -5.791 -19.824 -1.695
v -5.795 -19.921 -1.744
v -7.907 -19.163 -1.74
v -3.672 -20.86 0.048
v -5.747 -19.779 -1.602
v -5.749 -19.686 -1.556
v -5.705 -19.641 -1.463
v -5.701 -19.591 -1.367
v -5.695 -19.54 -1.27
v -5.702 -19.545 -1.132
v -5.704 -19.499 -1.039
v -5.7 -19.496 -0.943
v -5.697 -19.494 -0.8
v -5.692 -19.491 -0.704
v -5.693 -19.539 -0.61
v -5.7 -19.591 -0.519
v -5.698 -19.636 -0.424
v -5.75 -19.687 -0.332
v -5.741 -19.728 -0.233
v -5.786 -19.821 -0.185
v -5.793 -19.872 -0.095
v -5.834 -19.963 -0.045
v -5.839 -20.06 0
v -5.883 -20.152 0.049
v -5.88 -20.244 0.05
v -7.91 -19.117 -1.694
v -9.942 -18.228 -1.745
v -9.887 -18.128 -1.694
v -5.93 -20.34 0.049
v -7.864 -19.024 -1.601
v -9.883 -18.079 -1.598
v -7.815 -18.976 -1.553
v -9.841 -17.988 -1.554
v -7.813 -18.88 -1.458
v -9.796 -17.942 -1.461
v -7.773 -18.838 -1.367
v -9.794 -17.894 -1.365
v -7.774 -18.839 -1.274
v -9.751 -17.849 -1.273
v -7.767 -18.787 -1.129
v -9.746 -17.846 -1.129
v -7.768 -18.787 -1.035
v -9.749 -17.848 -1.037
v -7.771 -18.79 -0.943
v -9.749 -17.801 -0.943
v -9.745 -17.845 -0.799
v -7.768 -18.788 -0.8
v -7.769 -18.788 -0.706
v -9.742 -17.843 -0.704
v -9.744 -17.844 -0.61
v -7.768 -18.834 -0.611
v -9.8 -17.898 -0.521
v -7.769 -18.835 -0.518
v -7.819 -18.885 -0.425
v -9.801 -17.945 -0.427
v -7.812 -18.926 -0.327
v -9.839 -17.986 -0.328
v -7.867 -19.026 -0.237
v -9.836 -18.031 -0.232
v -7.861 -19.069 -0.187
v -9.893 -18.132 -0.19
v -9.937 -18.177 -0.095
v -7.912 -19.166 -0.094
v -7.962 -19.215 -0.049
v -9.978 -18.267 -0.045
v -7.961 -19.308 -0.001
v -10.034 -18.32 -0.002
v -10.078 -18.412 0.047
v -8.011 -19.405 0.044
v -8.048 -19.492 0.049
v -10.121 -18.504 0.049
v -8.104 -19.593 0.045
v 7.905 19.161 -1.746
v -11.816 -16.95 -1.693
v -11.865 -17.045 -1.741
v -11.768 -16.902 -1.599
v -11.728 -16.86 -1.555
v -11.684 -16.768 -1.463
v -11.679 -16.765 -1.366
v -11.631 -16.717 -1.271
v -11.626 -16.666 -1.128
v -11.638 -16.674 -1.039
v -11.578 -16.665 -0.939
v -11.636 -16.673 -0.803
v -11.629 -16.668 -0.705
v -11.631 -16.717 -0.612
v -11.633 -16.718 -0.519
v -11.68 -16.765 -0.425
v -11.72 -16.807 -0.327
v -11.77 -16.857 -0.234
v -11.766 -16.948 -0.185
v -11.818 -16.998 -0.093
v -11.919 -17.097 -0.05
v -11.965 -17.144 -0.002
v -12.003 -17.232 0.049
v -12.061 -17.333 0.044
v -13.56 -15.585 -1.694
v -13.658 -15.635 -1.743
v -12.096 -17.372 0.05
v -13.515 -15.54 -1.601
v -13.469 -15.447 -1.555
v -13.426 -15.402 -1.462
v -13.417 -15.396 -1.364
v -13.378 -15.354 -1.274
v -13.371 -15.35 -1.129
v -13.321 -15.301 -1.033
v -13.321 -15.3 -0.939
v -13.329 -15.306 -0.802
v -13.38 -15.308 -0.709
v -13.376 -15.353 -0.613
v -13.38 -15.403 -0.521
v -13.416 -15.395 -0.421
v -13.465 -15.444 -0.328
v -13.51 -15.489 -0.233
v -13.557 -15.536 -0.186
v -13.612 -15.636 -0.096
v -13.661 -15.685 -0.05
v -13.751 -15.775 0
v -13.802 -15.826 0.045
v -13.846 -15.918 0.046
v -15.157 -14.029 -1.693
v -15.259 -14.081 -1.743
v -13.943 -15.966 0.045
v -15.116 -13.986 -1.601
v -15.068 -13.938 -1.554
v -15.025 -13.894 -1.462
v -14.975 -13.845 -1.366
v -14.973 -13.796 -1.271
v -14.921 -13.793 -1.127
v -14.925 -13.796 -1.035
v -14.931 -13.8 -0.944
v -14.932 -13.801 -0.803
v -14.931 -13.8 -0.708
v -14.973 -13.796 -0.611
v -14.972 -13.843 -0.517
v -15.021 -13.891 -0.424
v -15.074 -13.895 -0.332
v -15.115 -13.938 -0.235
v -15.168 -13.99 -0.191
v -15.212 -14.081 -0.095
v -15.299 -14.123 -0.044
v -15.358 -14.178 -0.003
v -15.445 -14.268 0.047
v -15.489 -14.313 0.049
v -16.626 -12.293 -1.697
v -16.665 -12.334 -1.74
v -15.586 -14.409 0.047
v -16.532 -12.246 -1.603
v -16.476 -12.192 -1.551
v -16.436 -12.197 -1.461
v -16.392 -12.153 -1.368
v -16.344 -12.105 -1.274
v -16.344 -12.104 -1.132
v -16.34 -12.102 -1.036
v -16.337 -12.1 -0.94
v -16.344 -12.105 -0.802
v -16.342 -12.103 -0.707
v -16.338 -12.1 -0.611
v -16.386 -12.148 -0.517
v -16.435 -12.15 -0.424
v -16.477 -12.193 -0.327
v -16.535 -12.248 -0.239
v -16.57 -12.286 -0.185
v -16.674 -12.34 -0.096
v -16.722 -12.388 -0.05
v -16.806 -12.428 0.003
v -16.862 -12.481 0.045
v -16.951 -12.572 0.048
v -17.846 -10.453 -1.695
v -17.895 -10.501 -1.743
v -17.051 -12.623 0.045
v -17.748 -10.403 -1.599
v -17.703 -10.357 -1.552
v -17.659 -10.313 -1.46
v -17.615 -10.315 -1.367
v -17.559 -10.262 -1.269
v -17.558 -10.261 -1.127
v -17.516 -10.264 -1.035
v -17.524 -10.27 -0.945
v -17.516 -10.265 -0.8
v -17.563 -10.265 -0.706
v -17.57 -10.269 -0.615
v -17.609 -10.311 -0.517
v -17.663 -10.316 -0.426
v -17.709 -10.362 -0.331
v -17.751 -10.358 -0.235
v -17.8 -10.407 -0.189
v -17.9 -10.458 -0.097
v -17.944 -10.503 -0.048
v -18.032 -10.546 0.002
v -18.128 -10.594 0.048
v -18.221 -10.64 0.049
v -18.888 -8.432 -1.698
v -18.928 -8.475 -1.741
v -19.726 -6.401 -1.74
v -18.322 -10.692 0.045
v -18.787 -8.428 -1.6
v -18.744 -8.384 -1.555
v -18.645 -8.333 -1.459
v -18.595 -8.331 -1.363
v -18.599 -8.334 -1.271
v -18.555 -8.289 -1.131
v -18.551 -8.286 -1.035
v -18.549 -8.285 -0.94
v -18.556 -8.289 -0.802
v -18.556 -8.29 -0.708
v -18.594 -8.331 -0.609
v -18.595 -8.331 -0.515
v -18.652 -8.338 -0.426
v -18.693 -8.381 -0.329
v -18.785 -8.379 -0.233
v -18.842 -8.433 -0.192
v -18.936 -8.48 -0.097
v -18.975 -8.474 -0.046
v -19.077 -8.527 -0.003
v -19.169 -8.573 0.045
v -19.254 -8.613 0.05
v -19.687 -6.36 -1.697
v -19.35 -8.662 0.049
v -19.592 -6.312 -1.603
v -19.542 -6.31 -1.554
v -19.454 -6.314 -1.463
v -19.406 -6.266 -1.368
v -19.347 -6.258 -1.268
v -19.348 -6.259 -1.127
v -19.301 -6.259 -1.033
v -19.311 -6.266 -0.944
v -19.309 -6.264 -0.802
v -19.356 -6.264 -0.707
v -19.357 -6.265 -0.614
v -19.403 -6.264 -0.519
v -19.445 -6.261 -0.422
v -19.5 -6.314 -0.332
v -19.588 -6.309 -0.235
v -19.642 -6.361 -0.191
v -19.734 -6.36 -0.096
v -19.782 -6.408 -0.05
v -19.874 -6.405 -0.001
v -19.968 -6.453 0.046
v -20.061 -6.499 0.047
v -20.251 -4.193 -1.697
v -20.347 -4.194 -1.744
v -20.158 -6.501 0.045
v -20.148 -4.187 -1.598
v -20.107 -4.144 -1.554
v -20.009 -4.141 -1.458
v -19.968 -4.145 -1.366
v -19.921 -4.145 -1.272
v -19.914 -4.141 -1.128
v -19.871 -4.097 -1.036
v -19.874 -4.099 -0.943
v -19.874 -4.099 -0.802
v -19.915 -4.142 -0.705
v -19.92 -4.145 -0.613
v -19.96 -4.14 -0.515
v -20.015 -4.145 -0.425
v -20.06 -4.144 -0.33
v -20.159 -4.194 -0.238
v -20.198 -4.188 -0.187
v -20.301 -4.195 -0.097
v -20.392 -4.239 -0.048
v -20.483 -4.238 0
v -20.58 -4.239 0.046
v -20.674 -4.286 0.046
v -20.577 -1.977 -1.695
v -20.674 -1.979 -1.743
v -20.76 0.287 -1.739
v -20.766 -4.285 0.047
v -20.489 -1.981 -1.604
v -20.434 -1.975 -1.552
v -20.346 -1.98 -1.461
v -20.299 -1.933 -1.367
v -20.247 -1.929 -1.271
v -20.244 -1.928 -1.128
v -20.206 -1.934 -1.039
v -20.199 -1.929 -0.941
v -20.198 -1.928 -0.799
v -20.247 -1.929 -0.705
v -20.249 -1.931 -0.613
v -20.297 -1.932 -0.519
v -20.342 -1.978 -0.424
v -20.393 -1.98 -0.331
v -20.482 -1.976 -0.234
v -20.529 -1.976 -0.187
v -20.627 -1.979 -0.095
v -20.715 -1.975 -0.045
v -20.809 -1.974 0.002
v -20.904 -2.022 0.049
v -20.999 -2.023 0.049
v -20.668 0.238 -1.693
v -21.09 -2.02 0.05
v -20.571 0.24 -1.598
v -20.525 0.239 -1.551
v -20.44 0.233 -1.461
v -20.384 0.239 -1.363
v -20.342 0.236 -1.271
v -20.344 0.234 -1.131
v -20.289 0.24 -1.033
v -20.297 0.234 -0.943
v -20.295 0.236 -0.8
v -20.343 0.235 -0.707
v -20.343 0.235 -0.612
v -20.387 0.237 -0.517
v -20.432 0.239 -0.421
v -20.486 0.234 -0.33
v -20.576 0.237 -0.234
v -20.625 0.236 -0.188
v -20.718 0.284 -0.093
v -20.813 0.283 -0.047
v -20.911 0.28 -0.002
v -20.996 0.287 0.05
v -21.091 0.286 0.049
v -20.53 2.496 -1.695
v -20.621 2.498 -1.74
v -21.184 0.287 0.05
v -20.437 2.496 -1.601
v -20.349 2.492 -1.557
v -20.289 2.453 -1.457
v -20.243 2.452 -1.363
v -20.207 2.445 -1.274
v -20.205 2.446 -1.132
v -20.159 2.445 -1.038
v -20.154 2.449 -0.942
v -20.156 2.448 -0.801
v -20.208 2.444 -0.71
v -20.207 2.445 -0.615
v -20.242 2.453 -0.515
v -20.297 2.448 -0.424
v -20.348 2.445 -0.332
v -20.389 2.496 -0.235
v -20.485 2.495 -0.189
v -20.58 2.495 -0.095
v -20.668 2.499 -0.045
v -20.773 2.538 -0.003
v -20.863 2.541 0.046
v -20.96 2.539 0.045
v -20.103 4.712 -1.693
v -20.198 4.712 -1.74
v -21.043 2.547 0.05
v -20.063 4.66 -1.602
v -19.965 4.662 -1.554
v -19.916 4.664 -1.459
v -19.878 4.61 -1.369
v -19.823 4.616 -1.271
v -19.781 4.612 -1.132
v -19.773 4.618 -1.034
v -19.782 4.612 -0.944
v -19.773 4.618 -0.798
v -19.773 4.618 -0.704
v -19.822 4.617 -0.611
v -19.868 4.617 -0.516
v -19.922 4.66 -0.425
v -19.969 4.66 -0.331
v -20.008 4.665 -0.233
v -20.102 4.713 -0.186
v -20.152 4.71 -0.093
v -20.254 4.705 -0.05
v -20.339 4.759 0.002
v -20.432 4.76 0.05
v -20.529 4.805 0.048
v -19.488 6.833 -1.692
v -19.589 6.875 -1.742
v -18.741 8.948 -1.742
v -20.625 4.803 0.047
v -19.442 6.832 -1.598
v -19.353 6.781 -1.554
v -19.303 6.783 -1.458
v -19.262 6.732 -1.367
v -19.212 6.734 -1.271
v -19.166 6.733 -1.13
v -19.163 6.735 -1.035
v -19.171 6.73 -0.945
v -19.167 6.733 -0.801
v -19.163 6.736 -0.705
v -19.213 6.734 -0.612
v -19.257 6.736 -0.517
v -19.304 6.783 -0.423
v -19.357 6.779 -0.331
v -19.399 6.829 -0.235
v -19.497 6.827 -0.189
v -19.542 6.875 -0.094
v -19.636 6.876 -0.047
v -19.73 6.923 0
v -19.828 6.967 0.045
v -19.913 6.973 0.05
v -18.644 8.902 -1.694
v -17.655 10.927 -1.74
v -20.016 7.014 0.046
v -18.555 8.899 -1.602
v -18.511 8.85 -1.556
v -18.457 8.807 -1.459
v -18.407 8.809 -1.363
v -18.362 8.76 -1.27
v -18.359 8.763 -1.127
v -18.312 8.763 -1.033
v -18.322 8.756 -0.944
v -18.324 8.754 -0.804
v -18.324 8.754 -0.709
v -18.36 8.762 -0.61
v -18.408 8.808 -0.516
v -18.456 8.808 -0.422
v -18.509 8.851 -0.331
v -18.558 8.849 -0.238
v -18.605 8.897 -0.191
v -18.694 8.947 -0.094
v -18.786 8.996 -0.046
v -18.836 8.994 0
v -18.934 9.039 0.045
v -19.019 9.092 0.049
v -17.56 10.881 -1.693
v -19.113 9.139 0.05
v -17.515 10.832 -1.6
v -17.43 10.779 -1.557
v -17.37 10.787 -1.457
v -17.327 10.737 -1.365
v -17.332 10.734 -1.273
v -17.284 10.688 -1.131
v -17.279 10.691 -1.035
v -17.286 10.687 -0.944
v -17.277 10.693 -0.798
v -17.284 10.688 -0.707
v -17.331 10.688 -0.613
v -17.333 10.734 -0.52
v -17.37 10.74 -0.421
v -17.418 10.787 -0.327
v -17.47 10.831 -0.235
v -17.571 10.873 -0.192
v -17.608 10.927 -0.092
v -17.703 10.974 -0.046
v -17.752 11.019 0
v -17.85 11.064 0.046
v -17.943 11.112 0.046
v -16.289 12.717 -1.693
v -16.383 12.764 -1.74
v -18.03 11.164 0.05
v -16.24 12.671 -1.598
v -16.2 12.619 -1.555
v -16.11 12.569 -1.463
v -16.101 12.528 -1.364
v -16.053 12.529 -1.269
v -16.004 12.53 -1.127
v -16.004 12.483 -1.033
v -16.004 12.483 -0.939
v -16.015 12.475 -0.803
v -16.017 12.521 -0.71
v -16.063 12.522 -0.615
v -16.051 12.53 -0.515
v -16.107 12.571 -0.425
v -16.152 12.62 -0.33
v -16.196 12.669 -0.234
v -16.287 12.718 -0.185
v -16.336 12.764 -0.092
v -16.382 12.812 -0.044
v -16.48 12.856 0.001
v -16.581 12.899 0.045
v -16.622 12.997 0.047
v -14.838 14.406 -1.698
v -14.874 14.461 -1.739
v -16.718 13.043 0.046
v -14.781 14.366 -1.598
v -14.738 14.316 -1.554
v -14.695 14.266 -1.461
v -14.645 14.221 -1.365
v -14.6 14.172 -1.272
v -14.6 14.172 -1.131
v -14.548 14.176 -1.034
v -14.553 14.125 -0.943
v -14.549 14.175 -0.8
v -14.601 14.172 -0.708
v -14.592 14.178 -0.609
v -14.643 14.222 -0.517
v -14.643 14.222 -0.423
v -14.696 14.265 -0.332
v -14.744 14.312 -0.238
v -14.792 14.358 -0.191
v -14.886 14.452 -0.097
v -14.923 14.507 -0.045
v -14.977 14.549 -0.001
v -15.063 14.649 0.05
v -15.118 14.69 0.046
v -13.192 15.912 -1.699
v -13.233 15.962 -1.743
v -15.215 14.783 0.045
v -13.134 15.872 -1.599
v -13.086 15.825 -1.552
v -13.049 15.771 -1.463
v -12.997 15.727 -1.366
v -13 15.678 -1.273
v -12.948 15.682 -1.13
v -12.944 15.638 -1.033
v -12.954 15.63 -0.944
v -12.945 15.637 -0.798
v -12.947 15.635 -0.705
v -13.001 15.677 -0.615
v -12.99 15.733 -0.515
v -13.046 15.727 -0.425
v -13.095 15.772 -0.332
v -13.133 15.825 -0.233
v -13.185 15.916 -0.188
v -13.233 15.963 -0.095
v -13.275 16.014 -0.045
v -13.322 16.108 0.002
v -13.367 16.156 0.05
v -13.469 16.245 0.046
v -11.399 17.232 -1.697
v -11.439 17.332 -1.74
v -13.519 16.337 0.045
v -11.354 17.184 -1.604
v -11.302 17.14 -1.554
v -11.256 17.092 -1.461
v -11.253 17.047 -1.365
v -11.205 17.001 -1.27
v -11.211 16.95 -1.132
v -11.212 16.949 -1.038
v -11.213 16.948 -0.945
v -11.204 16.955 -0.799
v -11.212 16.949 -0.709
v -11.205 17.001 -0.611
v -11.249 17.003 -0.515
v -11.248 17.051 -0.421
v -11.306 17.091 -0.332
v -11.342 17.145 -0.232
v -11.344 17.238 -0.186
v -11.396 17.281 -0.095
v -11.44 17.378 -0.046
v -11.493 17.421 -0.001
v -11.583 17.518 0.047
v -11.63 17.612 0.048
v -9.469 18.362 -1.697
v -9.517 18.456 -1.745
v -11.676 17.707 0.048
v -9.423 18.314 -1.603
v -9.371 18.223 -1.554
v -9.368 18.179 -1.458
v -9.326 18.128 -1.367
v -9.32 18.132 -1.27
v -9.276 18.083 -1.13
v -9.281 18.079 -1.038
v -9.271 18.039 -0.939
v -9.274 18.084 -0.799
v -9.273 18.085 -0.704
v -9.322 18.083 -0.611
v -9.327 18.127 -0.52
v -9.375 18.173 -0.426
v -9.365 18.228 -0.327
v -9.414 18.273 -0.234
v -9.422 18.362 -0.191
v -9.463 18.413 -0.093
v -9.51 18.508 -0.046
v -9.565 18.596 -0.003
v -9.611 18.692 0.045
v -9.651 18.743 0.048
v -7.389 19.31 -1.693
v -7.433 19.358 -1.739
v -9.704 18.833 0.045
v -7.388 19.216 -1.599
v -7.348 19.164 -1.555
v -7.343 19.073 -1.459
v -7.303 19.021 -1.368
v -7.299 19.024 -1.271
v -7.298 18.978 -1.13
v -7.304 18.973 -1.039
v -7.296 18.979 -0.94
v -7.304 18.974 -0.803
v -7.292 18.982 -0.703
v -7.294 19.028 -0.61
v -7.298 19.025 -0.518
v -7.344 19.073 -0.423
v -7.341 19.122 -0.327
v -7.4 19.208 -0.239
v -7.391 19.261 -0.188
v -7.438 19.356 -0.093
v -7.438 19.402 -0.046
v -7.481 19.499 0.003
v -7.53 19.592 0.049
v -7.58 19.685 0.048
v -5.277 19.964 -1.697
v -5.319 20.061 -1.741
v -7.581 19.778 0.047
v -5.273 19.92 -1.6
v -5.225 19.826 -1.553
v -5.227 19.778 -1.46
v -5.225 19.732 -1.364
v -5.183 19.681 -1.273
v -5.181 19.636 -1.13
v -5.18 19.636 -1.036
v -5.175 19.64 -0.939
v -5.184 19.634 -0.802
v -5.177 19.638 -0.705
v -5.185 19.68 -0.615
v -5.224 19.733 -0.516
v -5.232 19.774 -0.426
v -5.228 19.824 -0.33
v -5.276 19.87 -0.236
v -5.27 19.969 -0.186
v -5.268 20.017 -0.091
v -5.318 20.109 -0.045
v -5.315 20.206 0.003
v -5.366 20.297 0.048
v -5.366 20.391 0.048
v -3.111 20.435 -1.697
v -3.11 20.529 -1.744
v -5.414 20.485 0.048
v -3.057 20.345 -1.599
v -3.056 20.299 -1.552
v -3.063 20.2 -1.461
v -3.058 20.156 -1.364
v -3.067 20.15 -1.274
v -3.066 20.103 -1.133
v -3.011 20.109 -1.035
v -3.013 20.061 -0.941
v -3.011 20.062 -0.799
v -3.063 20.106 -0.707
v -3.059 20.109 -0.611
v -3.056 20.158 -0.516
v -3.058 20.203 -0.422
v -3.065 20.245 -0.332
v -3.058 20.345 -0.234
v -3.059 20.391 -0.187
v -3.111 20.482 -0.096
v -3.101 20.583 -0.044
v -3.106 20.673 0.001
v -3.16 20.763 0.045
v -3.15 20.864 0.05
v -0.843 20.676 -1.693
v -0.845 20.721 -1.741
v -3.158 20.952 0.045
v -0.853 20.574 -1.604
v -0.845 20.486 -1.553
v -0.845 20.439 -1.459
v -0.854 20.385 -1.369
v -0.853 20.339 -1.274
v -0.854 20.291 -1.133
v -0.853 20.292 -1.039
v -0.841 20.3 -0.939
v -0.844 20.298 -0.799
v -0.844 20.298 -0.705
v -0.841 20.347 -0.609
v -0.845 20.392 -0.517
v -0.852 20.434 -0.426
v -0.843 20.487 -0.327
v -0.847 20.531 -0.235
v -0.849 20.624 -0.189
v -0.846 20.721 -0.093
v -0.853 20.763 -0.05
v -0.85 20.859 -0.001
v -0.9 20.998 0.044
v -0.898 21.094 0.046
v 1.359 20.621 -1.699
v 1.36 20.715 -1.745
v -0.892 21.192 0.048
v 1.372 20.536 -1.598
v 1.363 20.482 -1.555
v 1.364 20.389 -1.461
v 1.37 20.346 -1.363
v 1.369 20.298 -1.27
v 1.363 20.293 -1.132
v 1.37 20.252 -1.034
v 1.368 20.25 -0.941
v 1.362 20.246 -0.802
v 1.361 20.292 -0.709
v 1.36 20.292 -0.615
v 1.362 20.34 -0.52
v 1.359 20.385 -0.427
v 1.366 20.437 -0.329
v 1.361 20.528 -0.238
v 1.359 20.573 -0.192
v 1.363 20.671 -0.095
v 1.367 20.768 -0.046
v 1.408 20.857 -0.002
v 1.418 20.959 0.05
v 1.414 21.05 0.048
v 3.584 20.347 -1.692
v 3.627 20.438 -1.742
v 1.409 21.141 0.045
v 3.576 20.294 -1.602
v 3.575 20.199 -1.556
v 3.585 20.159 -1.457
v 3.529 20.105 -1.367
v 3.527 20.057 -1.274
v 3.529 20.011 -1.131
v 3.527 20.009 -1.039
v 3.527 20.01 -0.944
v 3.53 20.012 -0.801
v 3.537 20.016 -0.704
v 3.525 20.056 -0.615
v 3.529 20.058 -0.519
v 3.574 20.104 -0.426
v 3.575 20.198 -0.332
v 3.584 20.252 -0.233
v 3.577 20.342 -0.189
v 3.623 20.388 -0.096
v 3.626 20.484 -0.047
v 3.623 20.576 -0.001
v 3.669 20.67 0.045
v 3.677 20.769 0.049
v 5.79 19.823 -1.696
v 5.792 19.919 -1.742
v 3.672 20.86 0.047
v 5.75 19.781 -1.599
v 5.746 19.684 -1.553
v 5.691 19.632 -1.463
v 5.702 19.592 -1.364
v 5.703 19.546 -1.269
v 5.699 19.543 -1.129
v 5.693 19.492 -1.038
v 5.699 19.496 -0.941
v 5.7 19.497 -0.799
v 5.698 19.495 -0.706
v 5.699 19.543 -0.611
v 5.697 19.588 -0.519
v 5.694 19.634 -0.426
v 5.739 19.679 -0.333
v 5.74 19.727 -0.238
v 5.788 19.822 -0.19
v 5.787 19.868 -0.097
v 5.837 19.964 -0.048
v 5.836 20.058 -0.002
v 5.888 20.156 0.048
v 5.89 20.251 0.049
v 7.907 19.116 -1.697
v 5.938 20.346 0.049
v 7.868 19.027 -1.599
v 7.82 18.979 -1.553
v 7.815 18.882 -1.461
v 7.774 18.839 -1.363
v 7.771 18.836 -1.271
v 7.768 18.787 -1.131
v 7.774 18.792 -1.034
v 7.769 18.788 -0.942
v 7.772 18.791 -0.799
v 7.768 18.787 -0.707
v 7.774 18.839 -0.61
v 7.775 18.84 -0.515
v 7.822 18.887 -0.421
v 7.819 18.931 -0.329
v 7.859 19.021 -0.238
v 7.868 19.074 -0.186
v 7.912 19.166 -0.094
v 7.96 19.214 -0.046
v 7.964 19.311 0.003
v 8.002 19.399 0.045
v 8.046 19.49 0.044
v 8.099 19.589 0.047
v 11.116 17.519 -12.948
v 9.929 18.219 -12.953
v 12.249 16.768 -12.947
v 13.706 15.589 -12.948
v 15.023 14.316 -12.949
v 16.246 12.95 -12.95
v 17.326 11.44 -12.951
v 18.271 9.889 -12.95
v 19.075 8.243 -12.948
v 19.737 6.503 -12.947
v 20.204 4.758 -12.948
v 20.532 2.92 -12.949
v 20.722 1.132 -12.948
v 20.773 -0.702 -12.946
v 20.576 -2.544 -12.951
v 20.296 -4.379 -12.949
v 19.819 -6.125 -12.952
v 19.208 -7.867 -12.952
v 18.41 -9.56 -12.95
v 17.514 -11.115 -12.951
v 16.484 -12.618 -12.948
v 15.305 -14.032 -12.949
v 13.981 -15.355 -12.952
v 12.569 -16.531 -12.951
v 11.071 -17.561 -12.947
v 9.461 -18.462 -12.951
v 7.813 -19.215 -12.951
v 6.07 -19.875 -12.952
v 4.282 -20.298 -12.951
v 2.499 -20.623 -12.948
v 0.657 -20.768 -12.951
v -1.173 -20.717 -12.948
v -3.013 -20.53 -12.949
v -4.799 -20.199 -12.948
v -6.587 -19.68 -12.947
v -8.287 -19.024 -12.949
v -9.932 -18.221 -12.948
v -11.871 -17.049 -12.952
v -13.654 -15.633 -12.949
v -15.262 -14.083 -12.952
v -16.671 -12.338 -12.95
v -17.891 -10.499 -12.948
v -18.926 -8.473 -12.948
v -19.724 -6.4 -12.946
v -20.346 -4.193 -12.951
v -20.67 -1.976 -12.949
v -20.769 0.281 -12.951
v -20.622 2.498 -12.948
v -20.204 4.707 -12.951
v -19.587 6.877 -12.949
v -18.74 8.948 -12.949
v -17.657 10.926 -12.949
v -16.392 12.758 -12.952
v -14.877 14.459 -12.948
v -13.233 15.963 -12.95
v -11.447 17.326 -12.952
v -9.511 18.46 -12.949
v -7.445 19.35 -12.952
v -5.327 20.056 -12.952
v -3.114 20.527 -12.953
v -0.842 20.723 -12.947
v 1.365 20.719 -12.95
v 3.632 20.441 -12.947
v 5.795 19.921 -12.948
v 7.904 19.161 -12.953
v -9.838 -18.033 -14.407
v -7.863 -18.977 -14.409
v -5.741 -19.728 -14.408
v -3.575 -20.246 -14.407
v -1.367 -20.532 -14.41
v 0.848 -20.531 -14.409
v 3.054 -20.347 -14.413
v 5.277 -19.869 -14.408
v 7.347 -19.212 -14.409
v 9.418 -18.271 -14.409
v 11.3 -17.142 -14.41
v 13.088 -15.824 -14.411
v 14.735 -14.318 -14.411
v 16.198 -12.668 -14.41
v 17.469 -10.831 -14.41
v 18.55 -8.855 -14.411
v 19.407 -6.824 -14.406
v 20.017 -4.659 -14.407
v 20.395 -2.492 -14.407
v 20.531 -0.236 -14.409
v 20.478 1.974 -14.412
v 20.105 4.19 -14.41
v 19.536 6.305 -14.413
v 18.736 8.378 -14.412
v 17.751 10.359 -14.41
v 16.525 12.241 -14.411
v 15.115 13.938 -14.41
v 13.519 15.496 -14.407
v 11.73 16.862 -14.407
v 9.839 18.033 -14.411
v 7.86 18.975 -14.411
v 5.748 19.732 -14.408
v 3.579 20.249 -14.409
v 1.37 20.534 -14.407
v -0.851 20.529 -14.411
v -3.065 20.34 -14.412
v -5.269 19.876 -14.407
v -7.347 19.212 -14.41
v -9.418 18.27 -14.41
v -11.301 17.141 -14.409
v -13.095 15.819 -14.411
v -14.738 14.316 -14.409
v -16.199 12.667 -14.409
v -17.465 10.834 -14.407
v -18.55 8.855 -14.408
v -19.4 6.829 -14.409
v -20.014 4.661 -14.41
v -20.384 2.5 -14.407
v -20.528 0.238 -14.408
v -20.488 -1.981 -14.412
v -20.113 -4.195 -14.412
v -19.543 -6.311 -14.41
v -18.737 -8.379 -14.407
v -17.757 -10.363 -14.412
v -16.532 -12.246 -14.411
v -15.117 -13.939 -14.41
v -13.517 -15.494 -14.411
v -11.723 -16.856 -14.408
v 9.841 18.035 -20.437
v 11.768 16.855 -20.439
v 13.512 15.49 -20.438
v 15.122 13.943 -20.434
v 16.528 12.196 -20.437
v 17.757 10.362 -20.435
v 18.783 8.378 -20.44
v 19.586 6.261 -20.438
v 20.158 4.146 -20.435
v 20.483 1.93 -20.437
v 20.535 -0.327 -20.435
v 20.396 -2.538 -20.433
v 20.01 -4.711 -20.438
v 19.349 -6.878 -20.439
v 18.501 -8.95 -20.439
v 17.422 -10.878 -20.437
v 16.152 -12.714 -20.437
v 14.692 -14.362 -20.437
v 13.048 -15.866 -20.435
v 11.26 -17.184 -20.434
v 9.32 -18.32 -20.439
v 5.982 -19.682 -18.27
v 6.456 -19.492 -18.928
v 6.923 -19.353 -19.683
v 5.409 -19.829 -17.756
v 7.249 -19.214 -20.438
v 4.944 -19.966 -17.282
v 4.375 -20.11 -16.907
v 3.762 -20.205 -16.578
v 3.155 -20.295 -16.246
v 2.5 -20.387 -16.008
v 1.83 -20.488 -15.872
v 1.171 -20.535 -15.731
v 0.477 -20.527 -15.631
v -0.188 -20.578 -15.633
v -0.898 -20.533 -15.683
v -1.604 -20.486 -15.776
v -2.261 -20.438 -15.964
v -2.926 -20.347 -16.155
v -3.534 -20.25 -16.435
v -4.141 -20.152 -16.762
v -4.708 -20.012 -17.14
v -5.233 -19.876 -17.568
v -5.743 -19.729 -18.034
v -6.167 -19.588 -18.552
v -6.545 -19.495 -19.118
v -8.43 -18.743 -20.438
v -6.919 -19.351 -19.682
v -7.109 -19.306 -20.059
v -7.255 -19.215 -20.438
v -9.135 -18.412 -20.437
v -9.84 -18.034 -20.436
v -11.724 -16.857 -20.436
v -13.517 -15.494 -20.438
v -15.113 -13.937 -20.436
v -16.527 -12.242 -20.436
v -17.752 -10.359 -20.436
v -18.747 -8.386 -20.44
v -19.542 -6.31 -20.437
v -20.111 -4.194 -20.439
v -20.489 -1.981 -20.439
v -20.53 0.236 -20.436
v -20.389 2.496 -20.437
v -20.014 4.661 -20.437
v -19.407 6.824 -20.44
v -18.56 8.848 -20.44
v -17.469 10.831 -20.436
v -16.195 12.67 -20.435
v -14.74 14.314 -20.437
v -13.088 15.824 -20.435
v -11.302 17.14 -20.437
v -9.417 18.272 -20.436
v -7.342 19.215 -20.435
v -5.276 19.87 -20.438
v -3.059 20.344 -20.436
v -0.849 20.53 -20.437
v 1.368 20.532 -20.436
v 3.584 20.252 -20.434
v 5.75 19.734 -20.434
v 7.859 18.974 -20.439
v 7.962 -17.327 -21.942
v 9.7 -16.387 -21.944
v 7.768 -18.037 -21.38
v 7.529 -18.651 -20.863
v 11.402 -15.3 -21.941
v 12.948 -13.987 -21.944
v 14.31 -12.577 -21.947
v 15.592 -10.968 -21.941
v 16.623 -9.276 -21.943
v 17.523 -7.483 -21.941
v 18.22 -5.606 -21.946
v 18.689 -3.677 -21.947
v 18.983 -1.644 -21.941
v 19.07 0.329 -21.944
v 18.929 2.354 -21.944
v 18.548 4.329 -21.946
v 17.982 6.212 -21.947
v 17.238 8.102 -21.942
v 16.291 9.84 -21.945
v 15.159 11.534 -21.946
v 13.891 13.044 -21.944
v 12.429 14.455 -21.945
v 10.834 15.683 -21.942
v 9.137 16.718 -21.943
v -9.14 -16.72 -21.946
v -8.758 -16.951 -21.943
v -7.767 -18.033 -21.377
v -8.339 -17.144 -21.946
v -7.964 -17.333 -21.947
v -7.534 -18.648 -20.861
v 8.009 -11.11 -18.692
v 8.011 -15.583 -21.941
v 7.964 -11.627 -17.985
v 7.819 -12.148 -17.281
v 7.577 -12.623 -16.625
v 7.248 -13.093 -15.965
v 6.88 -13.559 -15.349
v 6.355 -13.987 -14.74
v 5.79 -14.364 -14.222
v 5.174 -14.696 -13.753
v 4.474 -15.021 -13.326
v 3.761 -15.262 -12.953
v 2.972 -15.489 -12.665
v 2.121 -15.632 -12.43
v 1.273 -15.774 -12.289
v 0.42 -15.825 -12.198
v -0.43 -15.826 -12.199
v -1.268 -15.772 -12.288
v -2.117 -15.632 -12.43
v -2.96 -15.488 -12.664
v -3.769 -15.258 -12.95
v -4.47 -15.019 -13.325
v -5.179 -14.691 -13.75
v -5.795 -14.365 -14.223
v -6.354 -13.983 -14.737
v -6.879 -13.564 -15.353
v -7.251 -13.09 -15.963
v -7.577 -12.617 -16.62
v -7.813 -12.146 -17.28
v -7.954 -11.628 -17.986
v -8.003 -15.585 -21.942
v -8.004 -11.112 -18.694
v 7.251 17.611 -21.944
v 5.316 18.314 -21.946
v 3.302 18.746 -21.941
v 1.27 19.023 -21.944
v -0.804 19.022 -21.945
v -2.822 18.838 -21.942
v -4.85 18.412 -21.943
v -6.829 17.799 -21.944
v -8.713 16.951 -21.944
v -10.501 15.916 -21.944
v -12.147 14.694 -21.943
v -13.658 13.278 -21.945
v -15.027 11.721 -21.947
v -16.195 10.032 -21.942
v -17.19 8.192 -21.945
v -17.982 6.315 -21.94
v -18.547 4.336 -21.941
v -18.935 2.304 -21.946
v -19.072 0.235 -21.944
v -18.982 -1.84 -21.946
v -18.652 -3.865 -21.946
v -18.136 -5.843 -21.947
v -17.38 -7.773 -21.946
v -16.428 -9.602 -21.941
v -15.307 -11.351 -21.945
v -13.979 -12.945 -21.941
v -12.525 -14.362 -21.943
v -10.876 -15.632 -21.943
v -8 -8.755 -21.941
v 8.012 -8.754 -21.941
v -2.493 -9.887 -20.388
v -2.255 -9.697 -20.576
v -1.979 -9.56 -20.767
v -2.736 -10.033 -20.157
v -1.699 -9.468 -20.957
v -2.916 -10.216 -19.917
v -1.359 -9.366 -21.093
v -3.057 -10.404 -19.634
v -1.039 -9.278 -21.192
v -3.151 -10.592 -19.399
v -0.708 -9.231 -21.285
v -3.244 -10.78 -19.116
v -0.379 -9.184 -21.333
v -3.295 -11.018 -18.835
v -0.002 -9.184 -21.332
v -3.303 -11.212 -18.509
v -3.251 -11.444 -18.224
v -3.158 -11.633 -17.943
v -3.061 -11.819 -17.706
v -2.918 -12.006 -17.422
v -2.731 -12.196 -17.187
v -2.494 -12.383 -16.951
v -2.258 -12.524 -16.763
v -1.984 -12.672 -16.579
v -1.696 -12.762 -16.387
v -1.364 -12.854 -16.245
v 0.333 -9.18 -21.33
v 0.662 -9.227 -21.283
v 1.039 -9.274 -21.189
v 1.313 -9.375 -21.099
v 1.645 -9.467 -20.956
v 1.928 -9.561 -20.815
v 2.209 -9.703 -20.627
v 2.444 -9.845 -20.439
v 2.639 -9.981 -20.247
v 2.822 -10.174 -20.015
v 3.018 -10.31 -19.729
v 3.114 -10.496 -19.492
v -1.036 -12.949 -16.152
v -0.701 -12.993 -16.055
v -0.382 -13.048 -16.013
v 0.004 -13.041 -16.009
v 3.197 -10.74 -19.215
v 3.252 -10.923 -18.928
v 3.291 -11.117 -18.697
v 3.247 -11.303 -18.413
v 0.33 -13.043 -16.01
v 3.204 -11.536 -18.129
v 0.66 -12.996 -16.057
v 3.111 -11.723 -17.846
v 1.032 -12.952 -16.154
v 3.014 -11.914 -17.611
v 1.324 -12.899 -16.243
v 2.824 -12.103 -17.329
v 1.648 -12.808 -16.387
v 2.642 -12.24 -17.091
v 1.933 -12.665 -16.527
v 2.447 -12.386 -16.906
v 2.215 -12.572 -16.716
v -0.001 -12.197 -16.152
v -0.288 -12.2 -16.154
v -0.287 -9.044 -20.486
v 0.003 -9.039 -20.482
v -0.607 -12.569 -16.149
v -0.56 -12.146 -16.196
v -0.846 -12.101 -16.245
v -1.226 -12.48 -16.294
v -1.137 -12.059 -16.343
v -1.36 -11.957 -16.479
v -1.74 -12.289 -16.527
v -1.608 -11.871 -16.579
v -1.842 -11.776 -16.766
v -2.215 -12.056 -16.859
v -2.024 -11.63 -16.904
v -2.215 -11.538 -17.094
v -2.596 -11.777 -17.285
v -2.361 -11.353 -17.285
v -2.498 -11.209 -17.519
v -2.824 -11.395 -17.752
v -2.588 -11.065 -17.752
v -2.639 -10.879 -17.989
v -2.968 -11.067 -18.225
v -2.687 -10.739 -18.225
v -2.69 -10.552 -18.462
v -2.967 -10.69 -18.742
v -2.641 -10.362 -18.649
v -2.819 -10.308 -19.256
v -2.592 -10.22 -18.884
v -2.501 -10.033 -19.121
v -2.584 -9.979 -19.681
v -2.36 -9.893 -19.357
v -2.216 -9.75 -19.544
v -2.219 -9.704 -20.11
v -2.029 -9.609 -19.732
v -1.836 -9.465 -19.871
v -1.738 -9.462 -20.435
v -1.596 -9.367 -20.058
v -1.371 -9.281 -20.204
v -1.226 -9.278 -20.72
v -1.126 -9.18 -20.294
v -0.846 -9.134 -20.389
v -0.61 -9.134 -20.859
v -0.56 -9.085 -20.434
v 0.288 -9.037 -20.481
v 0.284 -12.195 -16.151
v 0.614 -9.134 -20.86
v 0.559 -9.092 -20.44
v 0.85 -9.134 -20.389
v 1.225 -9.276 -20.719
v 1.088 -9.179 -20.293
v 1.316 -9.278 -20.202
v 1.736 -9.469 -20.44
v 1.555 -9.37 -20.059
v 1.794 -9.462 -19.917
v 2.214 -9.7 -20.107
v 1.972 -9.563 -19.78
v 2.17 -9.698 -19.587
v 2.594 -9.98 -19.681
v 2.309 -9.84 -19.4
v 2.455 -9.978 -19.209
v 2.829 -10.31 -19.258
v 2.546 -10.122 -18.975
v 2.633 -10.315 -18.791
v 2.968 -10.688 -18.741
v 2.688 -10.451 -18.551
v 2.689 -10.639 -18.315
v 2.969 -11.064 -18.222
v 2.678 -10.788 -18.085
v 2.634 -10.974 -17.849
v 2.826 -11.395 -17.752
v 2.544 -11.112 -17.658
v 2.449 -11.254 -17.423
v 2.588 -11.773 -17.283
v 2.305 -11.444 -17.236
v 2.166 -11.537 -17.046
v 2.212 -12.055 -16.858
v 1.972 -11.682 -16.861
v 1.788 -11.82 -16.717
v 1.748 -12.286 -16.526
v 1.554 -11.914 -16.576
v 1.32 -12.007 -16.433
v 1.223 -12.48 -16.294
v 1.078 -12.059 -16.343
v 0.843 -12.152 -16.248
v 0.615 -12.571 -16.15
v 0.57 -12.193 -16.196
v -0.001 -5.51 -17.894
v -0.286 -5.512 -17.896
v -0.521 -5.559 -17.896
v -0.804 -5.606 -17.802
v -1.034 -5.65 -17.752
v -1.27 -5.697 -17.658
v -1.503 -5.789 -17.515
v -1.749 -5.891 -17.426
v -1.926 -5.977 -17.28
v -2.123 -6.124 -17.095
v -2.256 -6.213 -16.903
v -2.396 -6.353 -16.714
v -2.495 -6.498 -16.528
v -2.595 -6.643 -16.342
v -2.643 -6.832 -16.108
v -2.686 -6.971 -15.917
v -2.686 -7.112 -15.682
v -2.688 -7.301 -15.494
v -2.64 -7.442 -15.258
v -2.54 -7.58 -15.067
v -2.455 -7.727 -14.836
v -2.31 -7.865 -14.646
v -2.166 -8.005 -14.457
v -2.023 -8.145 -14.314
v -1.833 -8.238 -14.172
v -1.6 -8.334 -14.032
v -1.408 -8.426 -13.889
v -1.183 -8.527 -13.8
v -0.941 -8.57 -13.703
v -0.664 -8.621 -13.658
v -0.422 -8.663 -13.608
v -0.191 -8.666 -13.563
v -0.002 -8.666 -13.563
v -5.934 0 67.856
v -6.309 -0.471 67.338
v -5.93 -0.186 67.857
v -5.934 -0.377 67.903
v -5.928 -0.514 67.953
v -6.306 -0.939 67.481
v -5.934 -0.707 68.044
v -5.933 -0.895 68.091
v -7.015 -0.188 66.114
v -6.639 -0.611 66.773
v -7.022 -0.004 66.111
v -6.963 -0.372 66.164
v -6.965 -0.562 66.21
v -6.966 -0.751 66.257
v -6.919 -0.94 66.351
v -6.927 -1.133 66.441
v -6.308 -1.365 67.715
v -5.929 -1.033 68.188
v -5.94 -1.182 68.324
v -6.639 -1.177 66.962
v -6.873 -1.27 66.586
v -6.873 -1.412 66.679
v -6.825 -1.552 66.821
v -6.776 -1.692 66.964
v -6.31 -1.742 68.044
v -5.933 -1.318 68.468
v -5.932 -1.412 68.61
v -6.687 -2.119 67.573
v -6.639 -2.26 67.809
v -6.592 -2.354 68.045
v -6.639 -1.695 67.244
v -6.735 -1.837 67.149
v -6.683 -1.975 67.387
v -6.312 -2.026 68.467
v -5.93 -1.505 68.752
v -5.928 -1.597 68.895
v -6.547 -2.45 68.279
v -6.541 -2.493 68.611
v -6.314 -2.216 68.89
v -5.933 -1.648 69.081
v -5.939 -1.699 69.266
v -6.5 -2.591 68.938
v -6.304 -2.303 69.366
v -5.93 -1.74 69.412
v -5.928 -1.739 69.601
v -6.498 -2.637 69.222
v -6.493 -2.634 69.601
v -6.314 -2.31 69.879
v -5.928 -1.739 69.789
v -5.935 -1.696 69.974
v -6.502 -2.639 69.973
v -6.494 -2.587 70.307
v -6.315 -2.217 70.349
v -5.938 -1.651 70.161
v -5.927 -1.597 70.355
v -6.547 -2.544 70.633
v -6.304 -2.02 70.779
v -5.931 -1.505 70.494
v -5.93 -1.41 70.636
v -6.59 -2.4 70.965
v -6.639 -2.307 71.341
v -6.307 -1.741 71.201
v -5.936 -1.32 70.774
v -5.933 -1.177 70.917
v -6.315 -1.369 71.479
v -5.939 -1.04 71.055
v -5.929 -0.892 71.154
v -6.685 -2.024 71.812
v -6.642 -2.168 71.575
v -6.635 -2.163 71.578
v -6.309 -0.941 71.765
v -5.933 -0.706 71.2
v -5.928 -0.514 71.296
v -6.645 -0.71 72.421
v -6.642 -1.037 72.328
v -6.641 -1.414 72.187
v -6.638 -1.694 72.001
v -6.688 -1.696 71.999
v -6.306 -0.468 71.86
v -5.928 -0.373 71.343
v -5.935 -0.19 71.339
v -5.939 -0.004 71.385
v -6.641 -0.001 72.423
v -6.639 -0.376 72.471
v 5.932 1.742 69.598
v 5.927 1.738 69.783
v -5.938 1.739 69.596
v -5.935 1.741 69.786
v 5.929 1.692 69.973
v -5.94 1.691 69.972
v 5.933 1.648 70.163
v -5.93 1.65 70.165
v -5.934 1.6 70.351
v 5.934 1.602 70.352
v -5.94 1.502 70.49
v 5.936 1.509 70.494
v 5.931 1.411 70.633
v -5.935 1.411 70.586
v 5.928 1.315 70.773
v -5.937 1.316 70.774
v 5.929 1.174 70.914
v -5.932 1.178 70.918
v 5.937 1.039 71.06
v -5.937 1.033 71.009
v 5.935 0.896 71.153
v -5.932 0.896 71.153
v -5.933 0.707 71.152
v 5.93 0.704 71.197
v 5.928 0.514 71.291
v -5.933 0.518 71.293
v -5.93 0.379 71.295
v 5.928 0.373 71.338
v 5.936 0.19 71.342
v -5.938 0.185 71.338
v 5.936 0.002 71.389
v 5.935 -0.187 71.342
v 5.935 -0.329 71.341
v 5.931 -0.52 71.292
v 5.935 -0.705 71.247
v 5.934 -0.847 71.153
v 5.928 -0.993 71.055
v 5.938 -1.174 70.919
v 5.929 -1.275 70.82
v 5.927 -1.417 70.678
v 5.938 -1.504 70.495
v 5.932 -1.602 70.351
v 5.938 -1.645 70.166
v 5.93 -1.697 69.973
v 5.928 -1.746 69.737
v 5.938 -1.739 69.601
v 6.316 -0.466 71.909
v 6.643 -0.374 72.472
v 6.638 -0.001 72.423
v 6.634 -0.71 72.374
v 6.307 -0.944 71.763
v 6.636 -1.038 72.328
v 6.643 -1.41 72.19
v 6.309 -1.366 71.528
v 6.314 -1.739 71.201
v 6.685 -2.026 71.811
v 6.69 -1.693 72.001
v 6.64 -1.695 72
v 6.307 -2.027 70.774
v 6.545 -2.543 70.634
v 6.595 -2.4 70.965
v 6.64 -2.307 71.341
v 6.634 -2.17 71.573
v 6.644 -2.163 71.578
v 6.313 -2.211 70.353
v 6.497 -2.591 70.304
v 6.312 -2.306 69.882
v 6.495 -2.639 69.597
v 6.502 -2.635 69.977
v 6.312 -2.306 69.364
v 5.93 -1.745 69.455
v 5.93 -1.697 69.267
v 6.501 -2.588 68.94
v 6.495 -2.639 69.267
v 6.307 -2.215 68.89
v 5.939 -1.644 69.083
v 5.928 -1.604 68.889
v 6.548 -2.494 68.61
v 6.307 -2.027 68.467
v 5.937 -1.504 68.753
v 5.938 -1.41 68.612
v 6.598 -2.35 68.047
v 6.547 -2.448 68.28
v 6.314 -1.74 68.046
v 5.934 -1.318 68.468
v 5.938 -1.174 68.329
v 6.691 -2.116 67.576
v 6.636 -2.263 67.807
v 6.31 -1.366 67.715
v 5.927 -1.04 68.182
v 5.93 -0.897 68.09
v 6.309 -0.942 67.479
v 5.928 -0.71 68.042
v 5.935 -0.517 67.951
v 6.776 -1.698 66.959
v 6.635 -1.699 67.241
v 6.735 -1.836 67.15
v 6.688 -1.977 67.386
v 6.308 -0.472 67.337
v 5.935 -0.375 67.904
v 5.936 -0.187 67.857
v 5.931 -0.002 67.855
v 6.641 -1.176 66.962
v 6.923 -1.129 66.444
v 6.879 -1.269 66.587
v 6.88 -1.409 66.681
v 6.822 -1.558 66.817
v 6.64 -0.612 66.773
v 7.011 -0.003 66.111
v 7.014 -0.19 66.112
v 6.965 -0.38 66.158
v 6.972 -0.563 66.209
v 6.972 -0.751 66.256
v 6.923 -0.941 66.35
v -3.813 2.356 83.585
v -4.049 1.931 83.631
v -3.527 2.782 83.586
v -2.496 3.767 83.584
v -1.6 4.191 83.584
v -2.067 4.006 83.586
v -1.132 4.331 83.583
v -3.25 3.155 83.583
v -2.876 3.482 83.629
v -4.234 1.509 83.586
v -4.374 1.04 83.587
v -4.468 0.569 83.586
v -4.522 0.046 83.63
v 0.795 4.422 83.581
v -0.654 4.477 83.586
v -0.182 4.525 83.587
v 0.278 4.471 83.582
v -4.472 -0.423 83.584
v -4.424 -0.893 83.632
v -4.29 -1.369 83.628
v -4.099 -1.838 83.583
v 2.165 3.955 83.631
v 1.267 4.329 83.582
v 1.69 4.14 83.581
v -3.91 -2.261 83.583
v -3.621 -2.681 83.633
v 2.961 3.386 83.628
v 2.585 3.67 83.581
v 3.632 2.688 83.634
v 3.292 3.058 83.582
v -2.97 -3.393 83.629
v -2.588 -3.672 83.585
v -3.303 -3.065 83.58
v 3.912 2.263 83.632
v -2.16 -3.952 83.587
v -0.799 -4.425 83.585
v -1.277 -4.336 83.628
v -1.69 -4.14 83.586
v 4.473 0.424 83.584
v 4.096 1.836 83.583
v 4.285 1.366 83.631
v 4.422 0.891 83.628
v 0.656 -4.476 83.582
v 0.194 -4.517 83.587
v -0.282 -4.473 83.584
v 4.524 -0.045 83.586
v 4.376 -1.038 83.629
v 4.475 -0.564 83.585
v 4.232 -1.511 83.581
v 4.045 -1.934 83.581
v 2.068 -4.005 83.629
v 1.603 -4.189 83.585
v 1.13 -4.333 83.583
v 3.254 -3.152 83.633
v 3.811 -2.357 83.582
v 3.528 -2.781 83.629
v 2.879 -3.48 83.634
v 2.495 -3.768 83.63
v 4.997 2.311 74.404
v 4.986 2.304 82.639
v 4.987 1.551 82.875
v 4.989 0.94 82.97
v 4.995 0.426 83.115
v 4.996 -0.091 83.068
v 4.989 -2.309 74.4
v 4.989 -0.567 83.065
v 4.99 -1.037 82.971
v 4.997 -1.456 82.88
v 4.99 -1.885 82.735
v 4.992 -2.307 82.595
v 3.15 4.517 82.639
v 2.643 4.855 82.645
v -2.638 -4.851 82.594
v -2.067 -5.082 82.597
v 3.248 3.814 83.112
v 3.573 4.14 82.592
v 4.003 3.768 82.642
v 3.95 3.01 83.063
v 4.378 3.295 82.594
v 4.706 2.823 82.593
v 4.519 2.118 83.065
v 4.85 1.177 83.113
v 4.892 -0.945 83.063
v 4.619 -1.928 83.115
v 4.711 -2.824 82.596
v 4.093 -2.828 83.064
v 4.382 -3.341 82.596
v 3.997 -3.771 82.592
v 3.443 -3.622 83.068
v 3.575 -4.194 82.593
v 2.585 -4.289 83.063
v 3.067 -4.563 82.645
v 2.543 -4.85 82.595
v 1.65 -4.707 83.114
v 2.022 -5.135 82.64
v 1.459 -5.322 82.594
v 0.663 -4.942 83.068
v 0.846 -5.417 82.594
v 0.24 -5.506 82.597
v -0.428 -4.994 83.111
v -0.324 -5.506 82.645
v -0.946 -5.418 82.64
v -1.416 -4.805 83.064
v -1.507 -5.274 82.595
v -4.995 -2.31 74.352
v -4.997 -2.312 82.639
v -4.991 -1.554 82.878
v -4.992 -0.942 83.018
v -4.988 -0.422 83.115
v -4.986 0.098 83.115
v -4.995 2.305 74.4
v -4.989 0.567 83.067
v -4.988 1.039 83.021
v -4.99 1.461 82.925
v -4.992 1.883 82.783
v -4.989 2.309 82.596
v -3.15 -4.517 82.644
v 2.077 5.089 82.645
v -3.249 -3.814 83.066
v -3.583 -4.146 82.593
v -4.007 -3.77 82.593
v -3.958 -3.015 83.112
v -4.373 -3.292 82.598
v -4.711 -2.827 82.641
v -4.519 -2.118 83.067
v -4.845 -1.173 83.069
v -4.904 0.937 83.11
v -4.618 1.928 83.111
v -4.711 2.824 82.594
v -4.095 2.826 83.114
v -4.381 3.342 82.641
v -4.008 3.764 82.639
v -3.439 3.625 83.112
v -3.58 4.19 82.595
v -2.587 4.287 83.067
v -3.055 4.572 82.645
v -2.539 4.853 82.597
v -1.647 4.71 83.066
v -2.019 5.137 82.598
v -1.454 5.325 82.598
v -0.66 4.944 83.066
v -0.845 5.417 82.643
v -0.229 5.514 82.598
v 0.418 4.987 83.063
v 0.335 5.513 82.598
v 0.938 5.413 82.64
v 1.406 4.799 83.11
v 1.508 5.275 82.643
v 4.799 -2.734 74.399
v 4.526 -3.104 74.404
v 4.235 -3.487 74.353
v 3.95 -3.865 74.352
v 3.583 -4.188 74.403
v 3.203 -4.473 74.402
v 2.821 -4.712 74.352
v 2.4 -4.945 74.401
v 1.976 -5.134 74.353
v 1.502 -5.278 74.399
v 1.089 -5.411 74.404
v 0.617 -5.459 74.404
v 0.138 -5.512 74.4
v -0.38 -5.512 74.4
v -0.844 -5.46 74.403
v -1.275 -5.37 74.4
v -1.739 -5.224 74.356
v -2.163 -5.037 74.403
v -2.4 -4.943 74.402
v -2.637 -4.85 74.401
v 5.126 -1.982 74.398
v 5.269 -1.652 74.352
v 5.233 1.747 74.404
v 5.362 1.22 74.398
v 5.416 -1.083 74.402
v 5.46 0.658 74.4
v 5.464 -0.517 74.355
v 5.511 0.048 74.402
v 2.643 4.855 74.404
v 3.157 4.522 74.403
v 3.583 4.147 74.404
v 4.007 3.77 74.403
v 4.377 3.294 74.4
v 4.715 2.83 74.404
v -4.707 2.827 74.355
v -4.384 3.34 74.352
v -4.006 3.765 74.4
v -3.583 4.188 74.399
v -3.061 4.568 74.401
v -2.536 4.855 74.405
v -2.027 5.131 74.4
v -1.461 5.32 74.401
v -0.853 5.412 74.352
v -0.239 5.507 74.4
v 0.334 5.512 74.403
v 0.943 5.416 74.402
v 1.504 5.272 74.353
v 2.066 5.082 74.398
v -5.13 1.98 74.403
v -5.269 1.652 74.404
v -5.231 -1.745 74.352
v -5.369 -1.225 74.354
v -5.42 1.08 74.352
v -5.463 -0.659 74.401
v -5.462 0.519 74.402
v -5.512 -0.049 74.4
v -3.151 -4.518 74.403
v -3.583 -4.147 74.399
v -4.002 -3.766 74.402
v -4.386 -3.301 74.351
v -4.715 -2.829 74.398
v 6.685 1.694 72.046
v 6.686 2.024 71.811
v 6.452 2.685 71.812
v 6.456 -2.728 71.814
v 4.044 4.752 73.127
v 3.959 5.794 71.813
v 3.342 6.121 71.811
v 4.474 5.369 71.812
v 4.998 4.949 71.814
v 4.994 3.816 73.131
v 5.418 4.428 71.813
v 5.837 3.86 71.811
v 5.654 2.686 73.131
v 6.173 3.299 71.766
v 6.078 1.462 73.132
v 6.642 0.661 72.425
v 6.634 0.985 72.327
v 6.644 1.322 72.237
v 6.26 0.139 73.129
v 6.641 0.331 72.471
v 6.12 -1.178 73.129
v 5.798 -2.397 73.133
v 6.124 -3.389 71.813
v 5.128 -3.535 73.081
v 5.745 -4.003 71.811
v 5.327 -4.564 71.814
v 4.292 -4.563 73.133
v 4.81 -5.081 71.815
v 4.234 -5.559 71.81
v 3.253 -5.319 73.132
v 3.627 -5.98 71.812
v 2.966 -6.357 71.811
v 2.072 -5.886 73.083
v 2.306 -6.594 71.811
v 1.6 -6.829 71.811
v 0.796 -6.219 73.128
v 0.895 -6.969 71.811
v 0.148 -7.012 71.815
v -0.515 -6.214 73.131
v -0.565 -6.969 71.812
v -1.324 -6.879 71.809
v -1.784 -5.976 73.133
v -3.342 -6.12 71.812
v -2.027 -6.689 71.81
v -2.689 -6.455 71.809
v 6.316 0.475 67.341
v 5.933 0.188 67.856
v 5.929 0.374 67.901
v 5.935 0.519 67.951
v 6.306 0.939 67.477
v 5.93 0.704 68.043
v 5.934 0.895 68.092
v 7.015 0.187 66.113
v 6.644 0.616 66.775
v 6.963 0.373 66.158
v 6.973 0.568 66.21
v 6.963 0.749 66.252
v 6.917 0.939 66.347
v 6.918 1.127 66.441
v 6.309 1.365 67.714
v 5.93 1.034 68.184
v 5.93 1.175 68.325
v 6.637 1.175 66.96
v 6.877 1.273 66.586
v 6.869 1.408 66.676
v 6.829 1.555 66.821
v 6.775 1.691 66.958
v 6.307 1.741 68.043
v 5.94 1.323 68.471
v 5.931 1.411 68.608
v 6.683 2.117 67.572
v 6.644 2.263 67.811
v 6.595 2.357 68.046
v 6.634 1.691 67.241
v 6.731 1.834 67.148
v 6.689 1.979 67.386
v 6.308 2.023 68.467
v 5.927 1.503 68.748
v 5.933 1.601 68.892
v 6.546 2.449 68.28
v 6.55 2.499 68.612
v 6.316 2.217 68.895
v 5.94 1.653 69.083
v 5.932 1.694 69.268
v 6.495 2.588 68.938
v 6.309 2.307 69.362
v 5.929 1.739 69.455
v 6.504 2.641 69.271
v 6.495 2.635 69.597
v 6.313 2.309 69.882
v 6.497 2.636 69.974
v 6.496 2.588 70.303
v 6.304 2.209 70.349
v 6.544 2.542 70.633
v 6.309 2.024 70.775
v 6.595 2.403 70.965
v 6.645 2.311 71.343
v 6.305 1.739 71.197
v 6.308 1.364 71.528
v 6.639 2.165 71.576
v 6.635 2.163 71.574
v 6.303 0.937 71.761
v 6.305 0.468 71.903
v -5.94 0.184 67.853
v -5.936 0.375 67.902
v -5.927 0.522 67.953
v -5.937 0.704 68.042
v -5.928 0.898 68.094
v -5.927 1.04 68.188
v -5.935 1.176 68.326
v -5.937 1.316 68.466
v -5.936 1.411 68.608
v -5.939 1.503 68.748
v -5.937 1.598 68.89
v -5.93 1.651 69.082
v -5.931 1.697 69.27
v -5.937 1.739 69.455
v -6.641 0.376 72.47
v -6.304 0.475 71.909
v -6.642 0.705 72.422
v -6.643 1.034 72.281
v -6.304 0.946 71.767
v -6.641 1.412 72.188
v -6.306 1.368 71.484
v -6.312 1.741 71.198
v -6.681 2.029 71.767
v -6.69 1.693 71.998
v -6.641 1.694 71.999
v -6.644 2.304 71.338
v -6.305 2.028 70.778
v -6.539 2.548 70.638
v -6.593 2.402 70.917
v -6.638 2.167 71.577
v -6.637 2.168 71.577
v -6.496 2.592 70.306
v -6.31 2.214 70.352
v -6.501 2.635 69.597
v -6.313 2.305 69.879
v -6.5 2.636 69.974
v -6.501 2.588 68.938
v -6.311 2.306 69.362
v -6.504 2.633 69.266
v -6.539 2.5 68.612
v -6.304 2.218 68.895
v -6.588 2.358 68.046
v -6.306 2.028 68.47
v -6.546 2.448 68.279
v -6.304 1.747 68.047
v -6.692 2.115 67.571
v -6.639 2.261 67.809
v -6.309 1.367 67.715
v -6.314 0.939 67.477
v -6.776 1.699 66.964
v -6.644 1.692 67.242
v -6.727 1.841 67.153
v -6.684 1.98 67.387
v -6.306 0.474 67.34
v -6.92 1.132 66.444
v -6.634 1.181 66.964
v -6.879 1.268 66.582
v -6.869 1.417 66.682
v -6.834 1.55 66.817
v -6.644 0.609 66.771
v -7.023 0.184 66.11
v -6.975 0.372 66.158
v -6.971 0.564 66.207
v -6.969 0.753 66.255
v -6.923 0.941 66.349
v -6.454 -2.686 71.81
v -6.454 2.73 71.763
v -4.054 -4.759 73.128
v -3.962 -5.797 71.808
v -4.471 -5.366 71.813
v -4.986 -4.941 71.814
v -4.994 -3.816 73.129
v -5.413 -4.425 71.812
v -5.844 -3.865 71.809
v -5.646 -2.681 73.132
v -6.169 -3.296 71.811
v -6.07 -1.456 73.085
v -6.263 -0.142 73.13
v -6.115 1.182 73.133
v -5.785 2.406 73.086
v -6.12 3.391 71.812
v -5.134 3.531 73.082
v -5.743 4.004 71.812
v -5.319 4.569 71.812
v -4.288 4.566 73.129
v -4.808 5.082 71.809
v -4.241 5.554 71.81
v -3.244 5.324 73.132
v -3.627 5.979 71.811
v -2.972 6.354 71.809
v -2.067 5.89 73.133
v -2.313 6.589 71.809
v -1.602 6.827 71.811
v -0.806 6.212 73.08
v -0.895 6.969 71.811
v -0.14 7.017 71.812
v 0.514 6.213 73.128
v 0.56 6.965 71.809
v 1.312 6.871 71.808
v 1.786 5.978 73.128
v 2.025 6.687 71.811
v 2.688 6.454 71.813
v 3.346 6.124 52.6
v 4.001 5.744 52.598
v 4.608 5.269 52.596
v 5.137 4.759 52.601
v 5.609 4.148 52.602
v 6.026 3.531 52.598
v 6.403 2.872 52.598
v 6.639 2.166 52.599
v 6.871 1.41 52.597
v 6.966 0.657 52.597
v 7.011 -0.098 52.596
v 6.968 -0.848 52.598
v 6.833 -1.598 52.601
v 6.591 -2.308 52.598
v 6.314 -3.011 52.601
v 5.93 -3.675 52.597
v 5.515 -4.281 52.602
v 5.044 -4.893 52.602
v 4.469 -5.419 52.597
v 3.857 -5.842 52.597
v 3.195 -6.22 52.596
v 2.496 -6.545 52.599
v 1.796 -6.777 52.602
v 1.038 -6.921 52.6
v 0.282 -7.017 52.598
v -0.474 -6.972 52.597
v -1.227 -6.877 52.597
v -1.974 -6.731 52.601
v -2.689 -6.455 52.597
v -3.343 -6.122 52.599
v -3.949 -5.788 52.602
v -4.52 -5.368 52.599
v -5.042 -4.9 52.597
v -5.457 -4.329 52.602
v -5.891 -3.771 52.596
v -6.264 -3.156 52.598
v -6.549 -2.545 52.597
v -6.729 -1.88 52.601
v -6.928 -1.181 52.596
v -6.965 -0.515 52.601
v -7.022 0.185 52.596
v -6.929 0.89 52.596
v -6.822 1.605 52.602
v -6.639 2.261 52.599
v -6.353 2.922 52.601
v -6.031 3.529 52.597
v -5.656 4.093 52.596
v -5.225 4.663 52.6
v -4.713 5.177 52.597
v -4.185 5.608 52.602
v -3.628 5.979 52.598
v -3.015 6.309 52.598
v -2.353 6.593 52.6
v -1.696 6.78 52.599
v -0.992 6.92 52.598
v -0.285 7.014 52.597
v 0.421 6.967 52.598
v 1.079 6.919 52.597
v 1.786 6.779 52.597
v 2.448 6.545 52.599
v 2.914 6.353 52.596
v -4.62 4.517 52.596
v -4.149 4.988 52.596
v -5.086 3.955 52.599
v -3.572 5.42 52.602
v -5.515 3.387 52.596
v -2.961 5.749 52.602
v -5.834 2.782 52.601
v -2.302 6.031 52.602
v -6.068 2.124 52.602
v -1.646 6.265 52.6
v -6.309 1.461 52.6
v -0.986 6.406 52.601
v -6.409 0.797 52.596
v -0.283 6.451 52.598
v -6.448 0.096 52.6
v 0.429 6.455 52.602
v -6.456 -0.615 52.597
v 1.132 6.358 52.6
v -6.314 -1.322 52.597
v 1.784 6.212 52.596
v -6.172 -1.98 52.597
v 2.451 5.982 52.6
v -5.885 -2.636 52.6
v 3.104 5.648 52.597
v -5.559 -3.251 52.598
v 3.68 5.326 52.602
v -5.178 -3.86 52.6
v 4.242 4.853 52.601
v -4.763 -4.384 52.596
v 4.753 4.377 52.598
v -4.233 -4.847 52.601
v 5.186 3.866 52.602
v -3.678 -5.324 52.597
v 5.552 3.246 52.597
v -3.11 -5.652 52.598
v 5.882 2.634 52.597
v -2.451 -5.982 52.598
v 6.167 1.977 52.598
v -1.793 -6.218 52.597
v 6.306 1.316 52.597
v -1.126 -6.355 52.601
v 6.452 0.613 52.599
v -0.418 -6.447 52.602
v 6.449 -0.096 52.598
v 0.282 -6.452 52.599
v 6.403 -0.802 52.598
v 0.989 -6.404 52.599
v 6.304 -1.464 52.596
v 1.649 -6.262 52.599
v 6.08 -2.116 52.601
v 2.308 -6.027 52.599
v 5.834 -2.782 52.596
v 2.971 -5.742 52.601
v 5.507 -3.392 52.598
v 3.583 -5.412 52.601
v 4.141 -4.993 52.598
v 5.091 -3.952 52.601
v 4.615 -4.52 52.599
v -3.674 -5.322 51.61
v -3.111 -5.653 51.608
v -4.239 -4.851 51.61
v -4.751 -4.376 51.613
v -5.185 -3.865 51.607
v -5.551 -3.246 51.613
v -5.88 -2.632 51.613
v -6.174 -1.982 51.607
v -6.313 -1.321 51.608
v -6.453 -0.613 51.609
v -6.446 0.098 51.612
v -6.398 0.805 51.613
v -6.306 1.462 51.612
v -6.073 2.12 51.611
v -5.84 2.777 51.609
v -5.507 3.392 51.611
v -5.09 3.952 51.608
v -4.614 4.521 51.611
v -4.143 4.992 51.611
v -3.583 5.413 51.608
v -2.972 5.741 51.607
v -2.304 6.03 51.612
v -1.642 6.267 51.613
v -0.987 6.406 51.611
v -0.285 6.449 51.609
v 0.419 6.448 51.608
v 1.129 6.357 51.61
v 1.795 6.22 51.613
v 2.455 5.985 51.613
v 3.104 5.648 51.608
v 3.678 5.325 51.613
v 4.187 4.894 51.608
v 4.714 4.43 51.612
v 5.131 3.954 51.609
v 5.515 3.394 51.613
v 5.832 2.774 51.607
v 6.078 2.169 51.612
v 6.269 1.511 51.613
v 6.405 0.848 51.611
v 6.451 0.188 51.61
v 6.456 -0.467 51.613
v 6.352 -1.133 51.608
v 6.218 -1.788 51.611
v 5.981 -2.448 51.61
v 5.703 -3.057 51.612
v 5.37 -3.625 51.611
v 4.942 -4.145 51.609
v 4.475 -4.661 51.611
v 4.007 -5.083 51.612
v 3.442 -5.46 51.612
v 2.82 -5.796 51.607
v 2.21 -6.077 51.609
v 1.598 -6.265 51.608
v 0.948 -6.4 51.613
v 0.235 -6.452 51.61
v -0.423 -6.451 51.611
v -1.087 -6.359 51.608
v -1.745 -6.217 51.609
v -2.359 -6.03 51.608
v -2.732 -5.84 51.61
v -4.526 -6.502 50.618
v -3.771 -6.925 50.619
v 3.016 7.301 50.622
v 3.772 6.926 50.624
v -4.661 -5.462 51.092
v -5.181 -5.981 50.62
v -5.796 -5.371 50.619
v -5.697 -4.379 51.093
v -6.36 -4.711 50.62
v -6.823 -3.999 50.624
v -6.497 -3.06 51.093
v -7.202 -3.247 50.622
v -7.532 -2.447 50.622
v -6.971 -1.649 51.091
v -7.718 -1.597 50.624
v -7.858 -0.749 50.624
v -7.153 -0.185 51.094
v -7.907 0.097 50.623
v -7.858 0.946 50.624
v -7.063 1.319 51.092
v -7.677 1.789 50.621
v -7.447 2.632 50.618
v -6.64 2.778 51.092
v -7.113 3.388 50.62
v -5.89 4.094 51.09
v -6.738 4.141 50.619
v -6.211 4.853 50.623
v -4.948 5.225 51.09
v -5.645 5.513 50.624
v -5.033 6.078 50.624
v -3.72 6.121 51.092
v -4.331 6.593 50.622
v -3.624 7.018 50.622
v -2.407 6.777 51.089
v -2.826 7.393 50.621
v -2.032 7.624 50.618
v -0.942 7.11 51.092
v -1.179 7.816 50.62
v -0.333 7.909 50.619
v 0.56 7.154 51.09
v 0.516 7.862 50.62
v 1.362 7.767 50.619
v 2.075 6.877 51.094
v 2.208 7.578 50.619
v 4.519 6.497 50.62
v -3.011 -7.297 50.623
v 4.666 5.465 51.094
v 5.181 5.981 50.622
v 5.79 5.367 50.62
v 5.691 4.375 51.089
v 6.359 4.71 50.622
v 6.834 4.007 50.624
v 6.504 3.065 51.095
v 7.211 3.254 50.624
v 7.528 2.445 50.618
v 6.963 1.644 51.089
v 7.722 1.6 50.621
v 7.86 0.751 50.619
v 7.162 0.191 51.094
v 7.911 -0.094 50.621
v 7.87 -0.937 50.624
v 7.058 -1.323 51.089
v 7.676 -1.789 50.621
v 7.434 -2.641 50.618
v 6.634 -2.782 51.089
v 7.112 -3.389 50.622
v 5.882 -4.1 51.09
v 6.738 -4.141 50.623
v 6.21 -4.854 50.618
v 4.948 -5.224 51.094
v 5.649 -5.511 50.62
v 5.037 -6.076 50.62
v 3.72 -6.121 51.092
v 4.328 -6.596 50.619
v 3.629 -7.014 50.623
v 2.398 -6.784 51.09
v 2.827 -7.392 50.622
v 2.028 -7.627 50.623
v 0.948 -7.106 51.095
v 1.181 -7.814 50.623
v 0.327 -7.913 50.62
v -0.568 -7.16 51.09
v -0.522 -7.867 50.619
v -1.361 -7.766 50.624
v -2.077 -6.879 51.09
v -2.215 -7.583 50.62
v -5.367 -6.215 46.902
v -6.548 -4.993 46.9
v -7.436 -3.529 46.903
v -5.56 -6.454 43.226
v -8.01 -1.887 46.899
v -6.775 -5.176 43.231
v -8.195 -0.19 46.9
v -7.718 -3.623 43.23
v -5.748 -6.689 39.506
v -4.661 -8.569 28.396
v -8.053 1.506 46.901
v -8.282 -1.974 43.231
v -7.022 -5.372 39.505
v -7.587 3.151 46.898
v -8.527 -0.191 43.226
v -7.962 -3.77 39.506
v -5.928 -6.918 35.791
v -6.736 4.66 46.9
v -8.377 1.558 43.231
v -8.574 -2.028 39.506
v -7.255 -5.559 35.787
v -5.651 5.98 46.901
v -7.858 3.3 43.231
v -8.807 -0.189 39.508
v -8.245 -3.912 35.786
v -6.172 -7.16 32.113
v -5.55 -8.001 28.398
v -6.398 -7.342 28.398
v -7.158 -6.64 28.395
v -4.287 7.015 46.9
v -7.014 4.852 43.229
v -8.658 1.653 39.511
v -8.905 -2.123 35.785
v -7.486 -5.744 32.116
v -7.81 -5.787 28.398
v -8.425 -4.942 28.397
v -2.731 7.77 46.901
v -5.842 6.214 43.227
v -8.151 3.387 39.506
v -9.133 -0.234 35.789
v -8.525 -4.051 32.114
v -8.903 -4.005 28.393
v -9.276 -3.014 28.395
v -1.041 8.143 46.898
v -4.431 7.296 43.226
v -7.257 5.035 39.506
v -8.997 1.693 35.786
v -9.185 -2.168 32.114
v -9.561 -1.979 28.394
v -9.695 -0.938 28.398
v 0.66 8.194 46.902
v -2.831 8.048 43.225
v -6.072 6.406 39.509
v -8.433 3.529 35.786
v -9.466 -0.236 32.115
v -9.753 0.138 28.392
v -9.703 1.176 28.394
v 2.351 7.862 46.9
v -1.086 8.427 43.227
v -4.614 7.535 39.508
v -7.534 5.18 35.788
v -9.279 1.74 32.114
v -9.51 2.215 28.396
v -9.18 3.251 28.396
v 0.705 8.475 43.227
v -2.926 8.33 39.505
v -6.26 6.642 35.79
v -8.711 3.626 32.115
v -8.806 4.191 28.395
v 2.455 8.151 43.231
v -1.131 8.758 39.508
v -4.763 7.812 35.785
v -7.772 5.367 32.114
v -8.288 5.133 28.395
v -7.675 5.98 28.395
v 0.706 8.805 39.508
v -3.018 8.614 35.786
v -6.494 6.878 32.117
v -7.011 6.784 28.397
v -6.219 7.532 28.394
v 2.547 8.479 39.51
v 4.664 8.572 28.396
v -1.18 9.039 35.787
v -4.9 8.051 32.114
v -5.369 8.146 28.395
v -4.478 8.661 28.393
v 0.75 9.086 35.786
v -3.113 8.896 32.112
v -3.481 9.091 28.397
v -2.492 9.42 28.397
v 2.635 8.757 35.787
v -1.226 9.37 32.114
v -1.464 9.65 28.393
v -0.429 9.744 28.393
v 0.756 9.42 32.116
v 0.658 9.747 28.394
v 1.697 9.608 28.396
v 2.686 9.042 32.116
v 2.733 9.372 28.396
v 3.72 8.994 28.395
v 5.368 6.216 46.901
v 6.539 4.987 46.898
v 7.44 3.532 46.901
v 5.563 6.456 43.231
v 8.008 1.885 46.902
v 6.78 5.179 43.228
v 8.188 0.185 46.898
v 7.718 3.622 43.226
v 5.752 6.691 39.511
v 8.048 -1.51 46.899
v 8.286 1.977 43.227
v 7.018 5.369 39.509
v 7.58 -3.156 46.9
v 8.529 0.193 43.231
v 7.952 3.763 39.505
v 5.93 6.92 35.787
v 6.739 -4.658 46.904
v 8.386 -1.551 43.23
v 8.571 2.025 39.509
v 7.245 5.552 35.785
v 5.652 -5.98 46.902
v 7.869 -3.293 43.231
v 8.807 0.189 39.509
v 8.234 3.904 35.785
v 6.164 7.154 32.113
v 5.563 8.01 28.398
v 6.399 7.343 28.393
v 7.163 6.643 28.397
v 4.286 -7.016 46.901
v 7.017 -4.85 43.228
v 8.668 -1.646 39.51
v 8.898 2.118 35.787
v 7.483 5.742 32.113
v 7.819 5.793 28.396
v 8.423 4.94 28.392
v 2.727 -7.772 46.899
v 5.844 -6.212 43.231
v 8.151 -3.387 39.51
v 9.13 0.232 35.785
v 8.524 4.05 32.116
v 8.894 3.998 28.392
v 9.28 3.016 28.397
v 1.032 -8.149 46.899
v 4.426 -7.299 43.228
v 7.256 -5.036 39.51
v 8.994 -1.695 35.788
v 9.185 2.168 32.116
v 9.564 1.981 28.398
v 9.701 0.943 28.395
v -0.662 -8.196 46.9
v 2.82 -8.056 43.226
v 6.07 -6.407 39.506
v 8.431 -3.53 35.789
v 9.46 0.232 32.113
v 9.748 -0.141 28.395
v 9.706 -1.173 28.398
v -2.355 -7.865 46.901
v 1.084 -8.428 43.229
v 4.611 -7.537 39.506
v 7.531 -5.182 35.786
v 9.273 -1.745 32.113
v 9.516 -2.21 28.397
v 9.18 -3.251 28.394
v -0.702 -8.473 43.23
v 2.916 -8.338 39.506
v 6.267 -6.637 35.79
v 8.71 -3.627 32.114
v 8.809 -4.189 28.396
v -2.445 -8.144 43.23
v 1.129 -8.759 39.508
v 4.752 -7.82 35.786
v 7.766 -5.371 32.113
v 8.288 -5.133 28.395
v 7.674 -5.981 28.394
v -0.708 -8.807 39.507
v 3.014 -8.617 35.788
v 6.505 -6.871 32.118
v 7.013 -6.783 28.393
v 6.219 -7.532 28.396
v -2.537 -8.472 39.511
v 1.184 -9.037 35.791
v 4.901 -8.049 32.117
v 5.371 -8.144 28.397
v 4.474 -8.664 28.395
v -0.757 -9.091 35.786
v 3.108 -8.9 32.115
v 3.479 -9.092 28.392
v 2.492 -9.421 28.393
v -2.641 -8.762 35.786
v 1.223 -9.372 32.114
v 1.458 -9.655 28.394
v 0.423 -9.748 28.395
v -0.754 -9.418 32.115
v -0.655 -9.745 28.397
v -1.695 -9.606 28.395
v -2.681 -9.039 32.117
v -2.728 -9.368 28.397
v -3.725 -8.997 28.393
v -9.142 7.106 28.392
v -8.288 8.052 28.395
v -7.391 8.901 28.396
v -9.841 6.075 28.395
v -6.356 9.654 28.396
v -10.455 4.991 28.394
v -5.28 10.308 28.392
v -10.92 3.817 28.397
v -4.144 10.83 28.395
v -11.302 2.637 28.395
v -2.973 11.203 28.392
v -11.49 1.413 28.395
v -1.738 11.446 28.397
v -11.581 0.143 28.396
v -0.475 11.581 28.393
v -11.535 -1.129 28.396
v 0.753 11.537 28.395
v -11.345 -2.352 28.397
v 2.022 11.394 28.394
v -11.022 -3.581 28.394
v 3.249 11.113 28.395
v -10.592 -4.707 28.397
v 4.431 10.692 28.397
v -9.984 -5.84 28.394
v 5.553 10.169 28.393
v 6.639 9.512 28.395
v -9.324 -6.875 28.395
v 7.632 8.714 28.397
v -8.52 -7.862 28.397
v 8.53 7.868 28.398
v -7.625 -8.709 28.397
v 9.317 6.871 28.392
v -6.635 -9.509 28.397
v 9.982 5.838 28.394
v -5.56 -10.174 28.393
v 10.593 4.707 28.394
v -4.431 -10.692 28.393
v 11.022 3.581 28.397
v -3.25 -11.114 28.395
v 11.346 2.352 28.393
v -2.03 -11.399 28.393
v 11.538 1.131 28.396
v -0.759 -11.541 28.392
v 11.589 -0.138 28.397
v 0.472 -11.583 28.396
v 11.49 -1.412 28.395
v 1.744 -11.442 28.396
v 11.298 -2.64 28.393
v 2.969 -11.206 28.396
v 10.928 -3.812 28.396
v 4.142 -10.832 28.394
v 10.459 -4.988 28.397
v 5.271 -10.315 28.393
v 9.843 -6.074 28.396
v 6.361 -9.651 28.397
v 9.139 -7.108 28.397
v 7.393 -8.9 28.395
v 8.286 -8.054 28.394
v -6.644 -9.515 27.875
v -5.559 -10.173 27.876
v -7.633 -8.714 27.875
v -8.522 -7.863 27.878
v -9.326 -6.877 27.876
v -9.979 -5.836 27.879
v -10.595 -4.709 27.877
v -11.024 -3.582 27.875
v -11.355 -2.359 27.874
v -11.533 -1.127 27.879
v -11.578 0.146 27.88
v -11.484 1.417 27.88
v -11.301 2.638 27.877
v -10.931 3.81 27.874
v -10.449 4.995 27.88
v -9.845 6.072 27.875
v -9.133 7.112 27.878
v -8.293 8.048 27.874
v -7.395 8.899 27.876
v -6.354 9.656 27.879
v -5.268 10.317 27.88
v -4.149 10.827 27.875
v -2.967 11.207 27.877
v -1.743 11.443 27.877
v -0.467 11.587 27.879
v 0.753 11.537 27.877
v 2.025 11.396 27.877
v 3.251 11.114 27.878
v 4.426 10.689 27.877
v 5.559 10.173 27.878
v 6.588 9.509 27.875
v 7.578 8.756 27.875
v 8.476 7.911 27.877
v 9.276 6.968 27.876
v 9.932 5.93 27.875
v 10.498 4.848 27.875
v 10.969 3.671 27.876
v 11.308 2.5 27.88
v 11.496 1.276 27.88
v 11.588 0.05 27.879
v 11.539 -1.176 27.878
v 11.349 -2.401 27.877
v 11.014 -3.582 27.874
v 10.552 -4.754 27.879
v 9.982 -5.84 27.876
v 9.322 -6.876 27.876
v 8.521 -7.819 27.876
v 7.67 -8.715 27.874
v 6.689 -9.464 27.878
v 5.648 -10.126 27.876
v 4.526 -10.639 27.879
v 3.391 -11.066 27.877
v 2.165 -11.396 27.876
v 0.94 -11.538 27.876
v -0.284 -11.585 27.876
v -1.507 -11.49 27.877
v -2.735 -11.257 27.875
v -3.911 -10.926 27.876
v -4.754 -10.546 27.878
v -9.893 9.321 27.875
v -8.806 10.36 27.877
v -7.575 11.259 27.88
v -10.836 8.19 27.874
v -6.305 12.011 27.879
v -11.674 6.972 27.879
v -4.991 12.62 27.877
v -12.337 5.651 27.877
v -3.584 13.088 27.875
v -12.902 4.285 27.877
v -2.125 13.416 27.874
v -13.284 2.822 27.875
v -0.661 13.56 27.876
v -13.518 1.364 27.876
v 0.843 13.559 27.875
v -13.562 -0.095 27.877
v 2.311 13.376 27.879
v -13.47 -1.603 27.876
v 3.769 13.045 27.878
v -13.227 -3.057 27.88
v -12.813 -4.477 27.875
v 5.177 12.571 27.876
v -12.244 -5.84 27.877
v 6.502 11.916 27.879
v -11.532 -7.154 27.879
v 7.575 11.25 27.874
v -10.696 -8.387 27.874
v 8.615 10.5 27.876
v -9.7 -9.512 27.877
v 9.706 9.516 27.88
v -8.616 -10.5 27.878
v 10.69 8.382 27.877
v -7.577 -11.251 27.879
v 11.534 7.156 27.876
v -6.5 -11.915 27.876
v 12.237 5.834 27.874
v -5.181 -12.574 27.876
v 12.809 4.474 27.877
v -3.766 -13.043 27.878
v 13.238 3.065 27.88
v -2.309 -13.374 27.876
v 13.465 1.599 27.876
v -0.846 -13.561 27.878
v 13.556 0.09 27.874
v 0.662 -13.56 27.878
v 13.51 -1.369 27.875
v 2.117 -13.422 27.876
v 13.283 -2.823 27.879
v 3.581 -13.09 27.878
v 12.896 -4.289 27.874
v 4.991 -12.621 27.877
v 12.335 -5.653 27.876
v 6.305 -12.011 27.875
v 11.681 -6.967 27.879
v 7.58 -11.256 27.876
v 10.826 -8.197 27.875
v 8.811 -10.356 27.88
v 9.887 -9.325 27.876
v 6.974 12.811 28.915
v 5.551 13.463 28.91
v 4.101 13.989 28.915
v 2.536 14.358 28.91
v 0.994 14.554 28.915
v -0.611 14.551 28.913
v -2.163 14.412 28.915
v -3.719 14.08 28.913
v -5.233 13.604 28.91
v -6.69 12.947 28.911
v -8.056 12.147 28.911
v -9.317 11.259 28.916
v -10.458 10.168 28.911
v -11.488 8.949 28.914
v -12.379 7.68 28.916
v -13.143 6.307 28.911
v -13.747 4.853 28.915
v -14.218 3.298 28.914
v -14.451 1.746 28.915
v -14.599 0.187 28.912
v -14.507 -1.415 28.911
v -14.274 -2.971 28.91
v -13.887 -4.471 28.915
v -13.323 -5.978 28.915
v -12.573 -7.346 28.913
v -11.719 -8.66 28.916
v -10.689 -9.888 28.913
v -9.559 -11.019 28.913
v -8.335 -11.961 28.913
v -6.964 -12.805 28.916
v -5.563 -13.472 28.91
v -4.091 -13.982 28.916
v -2.549 -14.367 28.91
v -0.987 -14.549 28.914
v 0.609 -14.553 28.911
v 2.162 -14.412 28.911
v 3.723 -14.078 28.914
v 5.23 -13.607 28.915
v 6.681 -12.954 28.91
v 8.047 -12.153 28.91
v 9.329 -11.251 28.916
v 10.449 -10.175 28.91
v 11.495 -8.944 28.915
v 12.379 -7.679 28.91
v 13.144 -6.306 28.916
v 13.744 -4.854 28.91
v 14.224 -3.294 28.914
v 14.459 -1.741 28.914
v 14.6 -0.187 28.914
v 14.501 1.411 28.912
v 14.266 2.965 28.912
v 13.898 4.478 28.916
v 13.33 5.983 28.915
v 12.579 7.35 28.916
v 11.73 8.668 28.915
v 10.683 9.884 28.91
v 9.557 11.017 28.912
v 8.334 11.96 28.912
v -12.849 10.506 28.916
v -11.767 11.729 28.916
v -10.544 12.811 28.915
v -9.224 13.801 28.916
v -13.843 9.183 28.914
v -7.811 14.649 28.916
v -14.644 7.77 28.913
v -6.307 15.353 28.914
v -15.348 6.265 28.914
v -4.75 15.873 28.916
v -15.914 4.71 28.914
v -3.205 16.291 28.912
v -16.287 3.112 28.916
v -1.552 16.53 28.914
v -16.526 1.509 28.914
v 0.088 16.571 28.91
v -16.571 -0.138 28.915
v 1.737 16.477 28.91
v -16.484 -1.791 28.912
v 3.344 16.246 28.913
v -16.246 -3.391 28.913
v -15.825 -4.993 28.912
v 4.941 15.82 28.911
v -15.253 -6.542 28.915
v 6.457 15.261 28.916
v -14.506 -8.007 28.912
v 7.959 14.551 28.913
v 9.184 13.845 28.914
v -13.651 -9.414 28.916
v 10.308 12.993 28.91
v -12.667 -10.689 28.913
v 11.534 11.912 28.911
v -11.538 -11.914 28.912
v 12.661 10.685 28.91
v -10.312 -12.996 28.913
v 13.649 9.413 28.91
v -9.186 -13.847 28.911
v 14.505 8.006 28.914
v -7.965 -14.555 28.91
v 15.251 6.541 28.91
v -6.446 -15.253 28.916
v 15.822 4.991 28.913
v -4.946 -15.823 28.912
v 16.246 3.39 28.913
v -3.337 -16.242 28.916
v 16.486 1.793 28.915
v -1.736 -16.477 28.916
v 16.574 0.14 28.912
v -0.095 -16.576 28.913
v 16.528 -1.507 28.913
v 1.557 -16.526 28.914
v 16.29 -3.11 28.911
v 3.207 -16.29 28.915
v 15.918 -4.708 28.914
v 4.761 -15.866 28.915
v 15.349 -6.264 28.912
v 6.315 -15.348 28.915
v 14.645 -7.769 28.913
v 7.822 -14.641 28.915
v 13.844 -9.182 28.913
v 9.226 -13.799 28.911
v 12.86 -10.497 28.915
v 10.553 -12.805 28.916
v 11.766 -11.73 28.91
v 7.489 13.657 26.889
v 5.93 14.407 26.887
v 4.384 14.978 26.89
v 2.728 15.349 26.886
v 1.037 15.54 26.888
v -0.655 15.59 26.89
v -2.305 15.4 26.889
v -4.003 15.068 26.888
v -5.609 14.547 26.885
v -7.108 13.846 26.889
v -8.572 12.996 26.887
v -9.934 12.009 26.889
v -11.162 10.876 26.887
v -12.294 9.604 26.886
v -13.235 8.192 26.887
v -14.084 6.731 26.886
v -14.685 5.185 26.891
v -15.169 3.527 26.885
v -15.492 1.884 26.888
v -15.591 0.185 26.886
v -15.497 -1.51 26.886
v -15.256 -3.154 26.889
v -14.828 -4.799 26.891
v -14.223 -6.358 26.887
v -13.466 -7.863 26.889
v -12.525 -9.276 26.889
v -11.448 -10.599 26.885
v -10.225 -11.777 26.885
v -8.903 -12.81 26.887
v -7.49 -13.658 26.887
v -5.933 -14.409 26.888
v -4.373 -14.97 26.891
v -2.73 -15.351 26.888
v -1.032 -15.537 26.89
v 0.661 -15.585 26.889
v 2.308 -15.398 26.888
v 4.009 -15.064 26.891
v 5.605 -14.549 26.889
v 7.107 -13.847 26.886
v 8.572 -12.995 26.889
v 9.933 -12.01 26.887
v 11.162 -10.876 26.889
v 12.289 -9.607 26.887
v 13.239 -8.189 26.891
v 14.075 -6.737 26.886
v 14.688 -5.182 26.886
v 15.162 -3.532 26.888
v 15.49 -1.886 26.887
v 15.586 -0.189 26.888
v 15.499 1.511 26.891
v 15.256 3.154 26.887
v 14.838 4.807 26.891
v 14.22 6.356 26.888
v 13.473 7.868 26.891
v 12.525 9.276 26.887
v 11.449 10.599 26.891
v 10.213 11.769 26.885
v 8.896 12.806 26.886
v 7.532 13.748 26.887
v -8.952 -12.859 26.885
v -7.531 -13.748 26.89
v -9.04 -12.949 26.889
v -7.577 -13.841 26.89
v -9.09 -13.045 26.84
v -7.632 -13.941 26.839
v -9.129 -13.134 26.797
v -7.674 -14.031 26.795
v -9.18 -13.183 26.748
v -7.724 -14.128 26.746
v -9.231 -13.28 26.699
v -7.764 -14.17 26.703
v -9.277 -13.327 26.652
v -7.765 -14.265 26.655
v -9.328 -13.424 26.556
v -7.821 -14.318 26.556
v -9.374 -13.47 26.463
v -7.861 -14.408 26.466
v -9.421 -13.517 26.368
v -7.859 -14.453 26.372
v -9.413 -13.558 26.278
v -7.907 -14.453 26.278
v -9.468 -13.564 26.18
v -7.91 -14.503 26.182
v -9.469 -13.612 26.085
v -7.96 -14.552 26.087
v -9.461 -13.606 25.995
v -9.467 -13.61 25.898
v -7.956 -14.549 25.9
v -7.962 -14.554 25.991
v -10.312 -11.819 26.888
v -10.358 -11.912 26.889
v -10.46 -11.965 26.838
v -10.497 -12.052 26.796
v -10.553 -12.152 26.744
v -10.641 -12.195 26.7
v -10.688 -12.242 26.653
v -10.741 -12.294 26.556
v -10.788 -12.341 26.462
v -10.783 -12.384 26.371
v -10.834 -12.434 26.274
v -10.882 -12.482 26.179
v -10.878 -12.479 26.087
v -10.884 -12.483 25.99
v -10.874 -12.523 25.901
v -11.542 -10.646 26.886
v -11.578 -10.732 26.891
v -11.682 -10.786 26.839
v -11.724 -10.83 26.794
v -11.825 -10.929 26.744
v -11.865 -10.971 26.701
v -11.965 -11.022 26.65
v -12.014 -11.07 26.555
v -12.061 -11.117 26.461
v -12.108 -11.164 26.367
v -12.103 -11.208 26.275
v -12.148 -11.206 26.182
v -12.147 -11.253 26.088
v -12.19 -11.25 25.997
v -12.201 -11.258 25.897
v -12.617 -9.322 26.889
v -12.713 -9.417 26.889
v -12.767 -9.469 26.838
v -12.856 -9.512 26.794
v -12.904 -9.56 26.746
v -13.003 -9.611 26.696
v -13.048 -9.656 26.65
v -13.139 -9.701 26.558
v -13.183 -9.746 26.465
v -13.236 -9.797 26.368
v -13.273 -9.837 26.279
v -13.281 -9.843 26.181
v -13.324 -9.84 26.089
v -13.331 -9.892 25.991
v -13.322 -9.886 25.901
v -13.561 -7.911 26.888
v -13.65 -7.954 26.891
v -13.706 -8.008 26.839
v -13.798 -8.053 26.793
v -13.885 -8.095 26.75
v -13.936 -8.145 26.701
v -14.034 -8.195 26.652
v -14.085 -8.244 26.556
v -14.18 -8.292 26.461
v -14.222 -8.288 26.37
v -14.228 -8.339 26.273
v -14.275 -8.339 26.179
v -14.315 -8.382 26.088
v -14.309 -8.378 25.996
v -14.314 -8.381 25.9
v -14.321 -6.408 26.885
v -14.41 -6.452 26.888
v -14.502 -6.497 26.842
v -14.595 -6.543 26.795
v -14.686 -6.588 26.75
v -14.743 -6.595 26.698
v -14.832 -6.639 26.653
v -14.876 -6.684 26.56
v -14.976 -6.688 26.463
v -15.027 -6.738 26.367
v -15.069 -6.734 26.276
v -15.122 -6.738 26.179
v -15.112 -6.778 26.089
v -15.114 -6.779 25.994
v -15.114 -6.78 25.9
v -14.922 -4.799 26.891
v -15.018 -4.848 26.89
v -15.119 -4.9 26.839
v -15.203 -4.893 26.797
v -15.305 -4.945 26.746
v -15.405 -4.996 26.696
v -15.442 -4.989 26.655
v -15.54 -5.039 26.558
v -15.58 -5.034 26.467
v -15.636 -5.04 26.369
v -15.679 -5.084 26.277
v -15.723 -5.082 26.184
v -15.771 -5.083 26.09
v -15.771 -5.083 25.995
v -15.776 -5.087 25.899
v -16.244 -3.342 25.9
v -15.354 -3.204 26.887
v -15.441 -3.199 26.89
v -15.586 -3.202 26.841
v -15.687 -3.253 26.791
v -15.732 -3.252 26.745
v -15.824 -3.298 26.699
v -15.92 -3.299 26.651
v -16.015 -3.3 26.556
v -16.059 -3.344 26.464
v -16.107 -3.345 26.369
v -16.149 -3.342 26.277
v -16.204 -3.347 26.179
v -16.197 -3.342 26.088
v -16.245 -3.343 25.994
v -15.639 -1.511 26.885
v -15.728 -1.507 26.888
v -15.826 -1.51 26.839
v -15.914 -1.505 26.795
v -16.01 -1.553 26.747
v -16.1 -1.551 26.702
v -16.2 -1.555 26.652
v -16.246 -1.554 26.559
v -16.342 -1.556 26.463
v -16.384 -1.552 26.372
v -16.439 -1.604 26.274
v -16.477 -1.598 26.184
v -16.488 -1.606 26.084
v -16.476 -1.597 25.996
v -16.528 -1.601 25.9
v -16.57 0.192 25.902
v -15.683 0.187 26.887
v -15.775 0.188 26.888
v -15.865 0.191 26.843
v -16.012 0.187 26.793
v -16.103 0.189 26.747
v -16.153 0.188 26.699
v -16.241 0.192 26.655
v -16.34 0.188 26.558
v -16.385 0.19 26.465
v -16.441 0.184 26.367
v -16.481 0.189 26.276
v -16.531 0.186 26.18
v -16.57 0.192 26.09
v -16.575 0.188 25.993
v -15.585 1.884 26.889
v -15.676 1.887 26.89
v -15.773 1.932 26.842
v -15.867 1.932 26.795
v -15.961 1.933 26.748
v -16.054 1.933 26.702
v -16.149 1.979 26.654
v -16.199 1.977 26.558
v -16.295 1.976 26.463
v -16.341 1.977 26.369
v -16.384 1.98 26.277
v -16.43 1.98 26.184
v -16.439 1.975 26.085
v -16.485 1.975 25.991
v -16.484 1.976 25.898
v -16.149 3.769 25.901
v -15.252 3.582 26.891
v -15.402 3.576 26.886
v -15.497 3.622 26.838
v -15.593 3.622 26.791
v -15.678 3.675 26.748
v -15.727 3.674 26.7
v -15.819 3.675 26.654
v -15.923 3.715 26.555
v -15.961 3.722 26.465
v -16.005 3.724 26.373
v -16.062 3.764 26.273
v -16.104 3.768 26.182
v -16.152 3.767 26.088
v -16.146 3.771 25.996
v -15.636 5.508 25.898
v -14.791 5.176 26.885
v -14.88 5.227 26.888
v -14.969 5.278 26.844
v -15.074 5.27 26.791
v -15.162 5.321 26.747
v -15.259 5.367 26.699
v -15.35 5.369 26.653
v -15.396 5.417 26.56
v -15.446 5.415 26.464
v -15.533 5.467 26.373
v -15.589 5.461 26.275
v -15.58 5.467 26.185
v -15.64 5.458 26.084
v -15.627 5.514 25.997
v -14.174 6.781 26.888
v -14.275 6.823 26.885
v -14.357 6.879 26.844
v -14.41 6.875 26.794
v -14.509 6.918 26.744
v -14.597 6.97 26.7
v -14.647 7.015 26.652
v -14.741 7.062 26.558
v -14.784 7.065 26.465
v -14.832 7.112 26.371
v -14.88 7.111 26.276
v -14.921 7.115 26.185
v -14.925 7.159 26.089
v -14.978 7.155 25.992
v -14.981 7.153 25.896
v -13.333 8.236 26.885
v -13.419 8.289 26.889
v -13.512 8.384 26.842
v -13.603 8.433 26.797
v -13.651 8.48 26.749
v -13.748 8.524 26.701
v -13.845 8.57 26.652
v -13.885 8.575 26.562
v -13.935 8.62 26.466
v -13.988 8.663 26.369
v -14.036 8.662 26.274
v -14.073 8.716 26.185
v -14.086 8.707 26.084
v -14.076 8.714 25.995
v -14.078 8.713 25.9
v -12.379 9.657 26.891
v -12.431 9.701 26.888
v -12.526 9.795 26.841
v -12.619 9.843 26.795
v -12.664 9.891 26.748
v -12.76 9.936 26.7
v -12.809 9.983 26.652
v -12.852 10.033 26.56
v -12.904 10.076 26.463
v -12.951 10.124 26.37
v -13 10.169 26.274
v -13.046 10.169 26.18
v -13.05 10.167 26.084
v -13.091 10.219 25.993
v -13.085 10.222 25.902
v -11.257 10.923 26.887
v -11.344 11.022 26.89
v -11.395 11.067 26.841
v -11.493 11.158 26.792
v -11.536 11.208 26.747
v -11.583 11.255 26.7
v -11.684 11.298 26.65
v -11.731 11.392 26.556
v -11.77 11.445 26.466
v -11.825 11.439 26.368
v -11.819 11.49 26.276
v -11.872 11.533 26.179
v -11.871 11.534 26.085
v -11.911 11.539 25.995
v -11.913 11.537 25.899
v -9.987 12.099 26.886
v -10.081 12.147 26.886
v -10.126 12.242 26.84
v -10.222 12.335 26.792
v -10.269 12.382 26.745
v -10.309 12.481 26.702
v -10.366 12.521 26.649
v -10.404 12.575 26.56
v -10.45 12.622 26.466
v -10.494 12.672 26.373
v -10.502 12.713 26.275
v -10.551 12.712 26.18
v -10.546 12.762 26.088
v -10.59 12.765 25.996
v -10.596 12.761 25.899
v -8.658 13.096 26.891
v -8.707 13.188 26.89
v -8.761 13.277 26.84
v -8.804 13.328 26.795
v -8.846 13.425 26.75
v -8.903 13.513 26.698
v -8.952 13.558 26.65
v -8.996 13.607 26.557
v -9.042 13.702 26.464
v -9.035 13.754 26.373
v -9.092 13.747 26.274
v -9.091 13.795 26.18
v -9.141 13.84 26.085
v -9.137 13.843 25.992
v -9.14 13.841 25.897
v -7.161 13.936 26.886
v -7.203 14.034 26.889
v -7.256 14.124 26.839
v -7.293 14.225 26.797
v -7.346 14.316 26.747
v -7.395 14.361 26.699
v -7.445 14.453 26.65
v -7.481 14.508 26.562
v -7.486 14.598 26.465
v -7.541 14.64 26.367
v -7.537 14.69 26.274
v -7.586 14.689 26.18
v -7.588 14.735 26.085
v -7.582 14.738 25.993
v -7.586 14.736 25.897
v -5.607 14.643 26.886
v -5.648 14.741 26.889
v -5.701 14.831 26.84
v -5.744 14.928 26.794
v -5.741 15.025 26.749
v -5.788 15.119 26.702
v -5.838 15.163 26.653
v -5.838 15.258 26.559
v -5.885 15.305 26.465
v -5.884 15.353 26.371
v -5.933 15.398 26.276
v -5.934 15.445 26.181
v -5.93 15.448 26.089
v -5.935 15.492 25.993
v -5.929 15.496 25.901
v -3.997 15.167 26.891
v -4.05 15.257 26.888
v -4.054 15.348 26.839
v -4.102 15.441 26.791
v -4.095 15.541 26.748
v -4.141 15.635 26.701
v -4.147 15.725 26.651
v -4.189 15.776 26.559
v -4.187 15.872 26.466
v -4.195 15.913 26.368
v -4.232 15.968 26.279
v -4.236 16.012 26.183
v -4.242 16.007 26.085
v -4.233 16.014 25.996
v -4.233 16.061 25.902
v -2.357 15.491 26.887
v -2.349 15.638 26.891
v -2.356 15.727 26.84
v -2.406 15.819 26.792
v -2.398 15.919 26.749
v -2.4 16.011 26.7
v -2.443 16.061 26.655
v -2.452 16.149 26.557
v -2.453 16.196 26.462
v -2.449 16.245 26.37
v -2.452 16.291 26.274
v -2.454 16.336 26.179
v -2.501 16.384 26.085
v -2.493 16.389 25.995
v -2.497 16.386 25.899
v -0.657 15.682 26.889
v -0.662 15.773 26.887
v -0.665 15.865 26.838
v -0.665 15.96 26.791
v -0.666 16.053 26.744
v -0.657 16.153 26.701
v -0.656 16.248 26.654
v -0.655 16.296 26.561
v -0.654 16.391 26.467
v -0.708 16.433 26.369
v -0.709 16.479 26.274
v -0.7 16.533 26.185
v -0.704 16.53 26.089
v -0.712 16.572 25.991
v -0.713 16.571 25.896
v 1.03 15.63 26.885
v 1.031 15.771 26.886
v 1.04 15.872 26.843
v 1.085 15.965 26.795
v 1.078 16.054 26.744
v 1.088 16.155 26.702
v 1.076 16.194 26.649
v 1.089 16.297 26.562
v 1.09 16.345 26.468
v 1.088 16.438 26.373
v 1.077 16.477 26.273
v 1.081 16.48 26.181
v 1.083 16.528 26.087
v 1.087 16.531 25.995
v 1.084 16.529 25.9
v 2.736 15.449 26.89
v 2.728 15.538 26.887
v 2.773 15.63 26.838
v 2.773 15.724 26.791
v 2.781 15.824 26.748
v 2.828 15.918 26.701
v 2.824 16.01 26.652
v 2.82 16.054 26.556
v 2.869 16.149 26.463
v 2.874 16.2 26.371
v 2.875 16.248 26.277
v 2.872 16.293 26.182
v 2.879 16.297 26.091
v 2.867 16.337 25.991
v 2.878 16.344 25.902
v 4.373 15.065 26.885
v 4.423 15.161 26.886
v 4.43 15.259 26.843
v 4.477 15.354 26.796
v 4.473 15.445 26.747
v 4.518 15.538 26.699
v 4.52 15.586 26.652
v 4.563 15.677 26.556
v 4.561 15.723 26.461
v 4.617 15.777 26.371
v 4.62 15.826 26.279
v 4.612 15.867 26.181
v 4.614 15.915 26.087
v 4.616 15.917 25.994
v 4.62 15.92 25.902
v 5.976 14.501 26.886
v 6.029 14.599 26.889
v 7.587 13.848 26.891
v 6.078 14.694 26.843
v 7.623 13.935 26.838
v 6.121 14.786 26.794
v 7.674 14.032 26.793
v 7.727 14.13 26.749
v 6.126 14.883 26.749
v 6.164 14.924 26.697
v 7.773 14.176 26.702
v 6.217 15.022 26.653
v 7.776 14.273 26.656
v 6.22 15.072 26.561
v 7.812 14.312 26.556
v 6.256 15.158 26.461
v 7.861 14.407 26.463
v 6.263 15.21 26.37
v 7.86 14.454 26.368
v 7.913 14.458 26.277
v 6.316 15.261 26.279
v 6.311 15.305 26.182
v 7.908 14.501 26.18
v 7.961 14.553 26.089
v 6.306 15.301 26.086
v 7.954 14.548 25.991
v 6.308 15.303 25.992
v 6.307 15.349 25.898
v 7.964 14.555 25.902
v 8.95 12.857 26.889
v 9.035 12.945 26.885
v 9.085 13.041 26.839
v 9.139 13.14 26.796
v 9.179 13.183 26.745
v 9.225 13.276 26.698
v 9.279 13.328 26.654
v 9.329 13.424 26.561
v 9.369 13.466 26.463
v 9.417 13.514 26.369
v 9.412 13.558 26.273
v 9.463 13.56 26.181
v 9.471 13.613 26.09
v 9.459 13.605 25.99
v 9.459 13.605 25.896
v 10.312 11.819 26.888
v 10.355 11.91 26.886
v 10.449 11.957 26.838
v 10.5 12.054 26.794
v 10.545 12.147 26.745
v 10.648 12.2 26.702
v 10.692 12.245 26.654
v 10.736 12.29 26.558
v 10.777 12.333 26.461
v 10.787 12.387 26.372
v 10.828 12.43 26.275
v 10.878 12.479 26.182
v 10.88 12.48 26.089
v 10.883 12.483 25.996
v 10.877 12.526 25.899
v 11.541 10.645 26.89
v 11.578 10.732 26.885
v 11.678 10.783 26.841
v 11.727 10.832 26.795
v 11.825 10.929 26.75
v 11.873 10.976 26.703
v 11.961 11.019 26.653
v 12.008 11.066 26.558
v 12.059 11.116 26.466
v 12.106 11.163 26.372
v 12.1 11.206 26.275
v 12.143 11.203 26.179
v 12.154 11.258 26.09
v 12.194 11.253 25.992
v 12.2 11.257 25.901
v 12.616 9.321 26.886
v 12.713 9.417 26.888
v 12.759 9.463 26.84
v 12.861 9.516 26.797
v 12.903 9.559 26.747
v 12.995 9.605 26.699
v 13.039 9.65 26.65
v 13.133 9.697 26.556
v 13.185 9.748 26.464
v 13.231 9.794 26.37
v 13.283 9.844 26.278
v 13.275 9.838 26.179
v 13.328 9.843 26.089
v 13.324 9.887 25.992
v 13.332 9.893 25.902
v 13.558 7.908 26.886
v 13.661 7.962 26.891
v 13.707 8.008 26.843
v 13.799 8.054 26.795
v 13.895 8.102 26.748
v 13.943 8.15 26.702
v 14.03 8.192 26.651
v 14.077 8.238 26.557
v 14.175 8.289 26.465
v 14.227 8.292 26.373
v 14.217 8.332 26.274
v 14.269 8.335 26.182
v 14.32 8.385 26.09
v 14.309 8.377 25.99
v 14.309 8.377 25.896
v 14.313 6.403 26.887
v 14.405 6.448 26.886
v 14.501 6.497 26.84
v 14.595 6.543 26.792
v 14.69 6.591 26.746
v 14.735 6.59 26.698
v 14.827 6.635 26.65
v 14.884 6.689 26.56
v 14.968 6.682 26.461
v 15.026 6.737 26.373
v 15.066 6.732 26.274
v 15.117 6.735 26.182
v 15.119 6.783 26.089
v 15.113 6.779 25.992
v 15.122 6.785 25.902
v 15.772 5.083 25.898
v 14.928 4.803 26.888
v 15.019 4.848 26.887
v 15.118 4.899 26.842
v 15.204 4.893 26.791
v 15.31 4.949 26.75
v 15.401 4.994 26.701
v 15.444 4.991 26.652
v 15.537 5.036 26.557
v 15.588 5.04 26.465
v 15.638 5.041 26.372
v 15.678 5.084 26.275
v 15.729 5.087 26.182
v 15.772 5.084 26.086
v 15.778 5.088 25.995
v 16.244 3.342 25.898
v 15.347 3.199 26.886
v 15.443 3.201 26.887
v 15.591 3.205 26.843
v 15.678 3.247 26.792
v 15.732 3.252 26.749
v 15.827 3.3 26.702
v 15.913 3.294 26.651
v 16.016 3.3 26.561
v 16.064 3.348 26.468
v 16.11 3.347 26.373
v 16.15 3.342 26.275
v 16.193 3.339 26.179
v 16.202 3.345 26.089
v 16.24 3.339 25.991
v 15.639 1.511 26.891
v 15.727 1.506 26.887
v 15.825 1.509 26.842
v 15.916 1.506 26.794
v 16.01 1.553 26.746
v 16.099 1.55 26.697
v 16.2 1.555 26.653
v 16.244 1.553 26.558
v 16.346 1.558 26.467
v 16.391 1.556 26.372
v 16.432 1.6 26.275
v 16.485 1.603 26.183
v 16.485 1.604 26.09
v 16.476 1.597 25.991
v 16.525 1.599 25.898
v 16.582 -0.184 25.902
v 15.678 -0.19 26.887
v 15.772 -0.191 26.886
v 15.865 -0.191 26.839
v 16.005 -0.192 26.791
v 16.108 -0.186 26.749
v 16.152 -0.188 26.7
v 16.252 -0.184 26.655
v 16.334 -0.193 26.555
v 16.393 -0.184 26.467
v 16.438 -0.186 26.372
v 16.485 -0.186 26.278
v 16.523 -0.192 26.179
v 16.572 -0.191 26.086
v 16.573 -0.19 25.992
v 16.488 -1.973 25.903
v 15.583 -1.886 26.886
v 15.676 -1.887 26.886
v 15.774 -1.931 26.841
v 15.873 -1.928 26.796
v 15.959 -1.934 26.745
v 16.061 -1.928 26.702
v 16.15 -1.979 26.652
v 16.198 -1.978 26.558
v 16.287 -1.982 26.461
v 16.339 -1.979 26.369
v 16.393 -1.974 26.279
v 16.431 -1.98 26.18
v 16.431 -1.98 26.086
v 16.485 -1.975 25.995
v 15.259 -3.577 26.889
v 15.392 -3.583 26.885
v 15.496 -3.623 26.843
v 15.592 -3.622 26.796
v 15.677 -3.675 26.745
v 15.73 -3.672 26.701
v 15.819 -3.675 26.651
v 15.922 -3.716 26.562
v 15.966 -3.718 26.466
v 16.008 -3.722 26.369
v 16.054 -3.77 26.274
v 16.102 -3.769 26.181
v 16.151 -3.768 26.087
v 16.148 -3.77 25.991
v 16.154 -3.765 25.901
v 15.634 -5.509 25.899
v 14.784 -5.182 26.887
v 14.883 -5.225 26.89
v 14.977 -5.272 26.842
v 15.071 -5.272 26.795
v 15.164 -5.32 26.747
v 15.262 -5.365 26.702
v 15.358 -5.364 26.656
v 15.395 -5.418 26.557
v 15.443 -5.417 26.463
v 15.537 -5.464 26.369
v 15.589 -5.46 26.277
v 15.585 -5.464 26.181
v 15.628 -5.467 26.085
v 15.631 -5.511 25.992
v 14.173 -6.782 26.888
v 14.272 -6.825 26.89
v 14.357 -6.879 26.838
v 14.41 -6.875 26.794
v 14.498 -6.926 26.744
v 14.596 -6.97 26.699
v 14.646 -7.015 26.653
v 14.745 -7.06 26.561
v 14.792 -7.059 26.467
v 14.837 -7.108 26.372
v 14.883 -7.108 26.277
v 14.922 -7.114 26.179
v 14.929 -7.157 26.088
v 14.981 -7.153 25.997
v 14.97 -7.161 25.897
v 13.323 -8.243 26.886
v 13.424 -8.285 26.89
v 13.52 -8.378 26.844
v 13.606 -8.431 26.792
v 13.658 -8.475 26.748
v 13.747 -8.526 26.698
v 13.85 -8.566 26.655
v 13.89 -8.571 26.558
v 13.934 -8.621 26.462
v 13.988 -8.663 26.371
v 14.029 -8.667 26.274
v 14.08 -8.712 26.182
v 14.08 -8.712 26.087
v 14.081 -8.711 25.994
v 14.079 -8.712 25.899
v 12.389 -9.65 26.89
v 12.426 -9.704 26.885
v 12.527 -9.794 26.841
v 12.615 -9.845 26.791
v 12.667 -9.889 26.747
v 12.765 -9.933 26.702
v 12.802 -9.987 26.65
v 12.857 -10.029 26.559
v 12.907 -10.074 26.467
v 12.956 -10.12 26.373
v 13 -10.169 26.278
v 13.048 -10.168 26.184
v 13.047 -10.169 26.089
v 13.09 -10.219 25.993
v 13.093 -10.217 25.9
v 11.261 -10.92 26.891
v 11.343 -11.023 26.885
v 11.4 -11.063 26.843
v 11.487 -11.162 26.793
v 11.542 -11.204 26.749
v 11.59 -11.25 26.703
v 11.683 -11.298 26.655
v 11.727 -11.394 26.56
v 11.769 -11.445 26.462
v 11.817 -11.444 26.369
v 11.814 -11.493 26.273
v 11.868 -11.536 26.183
v 11.869 -11.535 26.089
v 11.918 -11.534 25.996
v 11.909 -11.54 25.897
v 9.987 -12.099 26.89
v 10.072 -12.153 26.886
v 10.121 -12.246 26.839
v 10.217 -12.339 26.793
v 10.269 -12.382 26.749
v 10.314 -12.478 26.7
v 10.355 -12.529 26.65
v 10.413 -12.569 26.561
v 10.452 -12.621 26.463
v 10.497 -12.67 26.368
v 10.496 -12.718 26.273
v 10.551 -12.712 26.183
v 10.547 -12.762 26.087
v 10.598 -12.759 25.995
v 10.589 -12.766 25.896
v 8.664 -13.091 26.888
v 8.714 -13.183 26.889
v 8.756 -13.281 26.84
v 8.809 -13.324 26.796
v 8.848 -13.424 26.744
v 8.904 -13.512 26.702
v 8.942 -13.565 26.65
v 8.99 -13.612 26.556
v 9.048 -13.699 26.467
v 9.044 -13.748 26.372
v 9.092 -13.747 26.278
v 9.085 -13.8 26.18
v 9.137 -13.843 26.088
v 9.129 -13.848 25.99
v 9.129 -13.849 25.896
v 7.581 -14.739 25.899
v 7.164 -13.934 26.891
v 7.21 -14.029 26.891
v 7.25 -14.128 26.84
v 7.293 -14.225 26.791
v 7.34 -14.319 26.744
v 7.391 -14.364 26.698
v 7.434 -14.461 26.649
v 7.482 -14.507 26.556
v 7.485 -14.6 26.463
v 7.534 -14.645 26.37
v 7.538 -14.689 26.278
v 7.587 -14.688 26.185
v 7.575 -14.743 26.084
v 7.577 -14.742 25.991
v 5.605 -14.644 26.889
v 5.65 -14.74 26.888
v 5.703 -14.83 26.844
v 5.739 -14.932 26.791
v 5.744 -15.022 26.746
v 5.792 -15.116 26.7
v 5.833 -15.167 26.649
v 5.841 -15.256 26.559
v 5.89 -15.301 26.466
v 5.884 -15.353 26.369
v 5.928 -15.402 26.274
v 5.936 -15.444 26.183
v 5.929 -15.449 26.085
v 5.939 -15.489 25.996
v 5.938 -15.489 25.902
v 4.003 -15.163 26.888
v 4.043 -15.261 26.885
v 4.052 -15.35 26.842
v 4.097 -15.445 26.794
v 4.091 -15.544 26.744
v 4.142 -15.635 26.699
v 4.144 -15.728 26.653
v 4.185 -15.779 26.555
v 4.188 -15.871 26.463
v 4.192 -15.915 26.371
v 4.241 -15.961 26.277
v 4.242 -16.007 26.184
v 4.233 -16.014 26.085
v 4.241 -16.009 25.995
v 4.234 -16.06 25.897
v 2.49 -16.391 25.896
v 2.35 -15.496 26.886
v 2.353 -15.634 26.888
v 2.349 -15.732 26.838
v 2.398 -15.824 26.792
v 2.397 -15.919 26.745
v 2.396 -16.015 26.697
v 2.453 -16.054 26.655
v 2.453 -16.149 26.56
v 2.452 -16.196 26.466
v 2.448 -16.247 26.37
v 2.447 -16.294 26.275
v 2.446 -16.342 26.181
v 2.501 -16.383 26.09
v 2.501 -16.383 25.996
v 0.658 -15.681 26.888
v 0.658 -15.776 26.888
v 0.657 -15.871 26.84
v 0.658 -15.964 26.793
v 0.656 -16.06 26.745
v 0.663 -16.149 26.702
v 0.664 -16.243 26.655
v 0.658 -16.294 26.558
v 0.66 -16.387 26.465
v 0.704 -16.436 26.369
v 0.7 -16.485 26.273
v 0.71 -16.526 26.184
v 0.711 -16.525 26.09
v 0.702 -16.578 25.991
v 0.709 -16.574 25.9
v -1.04 -15.637 26.886
v -1.032 -15.772 26.89
v -1.036 -15.869 26.841
v -1.077 -15.959 26.797
v -1.085 -16.059 26.746
v -1.088 -16.155 26.697
v -1.089 -16.203 26.65
v -1.079 -16.29 26.561
v -1.086 -16.342 26.463
v -1.086 -16.436 26.369
v -1.086 -16.483 26.274
v -1.089 -16.485 26.179
v -1.084 -16.529 26.087
v -1.078 -16.525 25.996
v -1.081 -16.527 25.9
v -2.725 -15.441 26.891
v -2.735 -15.542 26.886
v -2.775 -15.632 26.843
v -2.785 -15.732 26.791
v -2.779 -15.823 26.746
v -2.822 -15.914 26.702
v -2.827 -16.011 26.652
v -2.828 -16.059 26.557
v -2.878 -16.155 26.462
v -2.879 -16.203 26.367
v -2.874 -16.247 26.275
v -2.87 -16.291 26.183
v -2.869 -16.291 26.089
v -2.866 -16.335 25.997
v -2.875 -16.342 25.898
v -4.612 -15.914 25.901
v -4.376 -15.067 26.889
v -4.428 -15.164 26.887
v -4.425 -15.256 26.842
v -4.468 -15.347 26.797
v -4.478 -15.448 26.745
v -4.524 -15.542 26.698
v -4.519 -15.586 26.653
v -4.567 -15.68 26.559
v -4.571 -15.73 26.462
v -4.617 -15.777 26.369
v -4.617 -15.824 26.275
v -4.614 -15.869 26.182
v -4.62 -15.92 26.085
v -4.617 -15.918 25.992
v -5.983 -14.506 26.887
v -6.026 -14.597 26.889
v -6.079 -14.695 26.839
v -6.124 -14.788 26.793
v -6.127 -14.884 26.744
v -6.174 -14.931 26.697
v -6.214 -15.02 26.654
v -6.213 -15.067 26.56
v -6.263 -15.163 26.464
v -6.263 -15.21 26.37
v -6.317 -15.262 26.273
v -6.312 -15.305 26.181
v -6.313 -15.306 26.086
v -6.309 -15.304 25.994
v -6.311 -15.352 25.899
v 0.283 -8.664 -13.609
v 0.561 -8.62 -13.611
v 0.85 -8.569 -13.702
v 1.135 -8.52 -13.795
v 1.364 -8.43 -13.892
v 1.6 -8.336 -14.033
v 1.834 -8.243 -14.175
v 2.029 -8.097 -14.36
v 2.212 -7.959 -14.504
v 2.359 -7.814 -14.737
v 2.501 -7.672 -14.925
v 2.59 -7.488 -15.163
v 2.632 -7.349 -15.401
v 2.684 -7.158 -15.634
v 2.688 -7.014 -15.867
v 0.286 -5.507 -17.892
v 2.634 -6.83 -16.106
v 0.565 -5.557 -17.847
v 2.595 -6.683 -16.338
v 0.851 -5.601 -17.798
v 2.49 -6.503 -16.531
v 1.131 -5.65 -17.705
v 2.358 -6.354 -16.762
v 1.362 -5.748 -17.613
v 2.213 -6.216 -16.952
v 1.601 -5.839 -17.47
v 2.031 -6.07 -17.137
v 1.835 -5.935 -17.33
v -8.564 -20.809 18.698
v -6.308 -21.613 18.696
v -3.911 -22.181 18.693
v -1.512 -22.465 18.692
v 0.946 -22.506 18.697
v 3.344 -22.273 18.695
v 5.746 -21.754 18.695
v 8.055 -21 18.696
v 10.314 -20.012 18.695
v 12.382 -18.79 18.693
v 14.357 -17.333 18.692
v 16.154 -15.679 18.696
v 17.758 -13.841 18.697
v 19.12 -11.865 18.695
v 20.293 -9.702 18.693
v 21.236 -7.441 18.694
v 21.902 -5.129 18.697
v 22.324 -2.729 18.696
v 22.506 -0.284 18.693
v 22.413 2.165 18.694
v 22.043 4.571 18.697
v 21.428 6.924 18.696
v 20.537 9.187 18.697
v 19.448 11.349 18.695
v 18.082 13.373 18.694
v 16.529 15.257 18.695
v 14.788 16.953 18.695
v 12.862 18.464 18.698
v 7.486 13.655 24.91
v 5.933 14.409 24.91
v 7.533 13.749 24.91
v -9.468 -13.611 25.803
v -7.957 -14.55 25.806
v -9.461 -13.606 25.666
v -7.964 -14.555 25.661
v -9.462 -13.559 25.571
v -7.907 -14.5 25.572
v -9.422 -13.565 25.473
v -7.915 -14.459 25.473
v -9.411 -13.51 25.385
v -7.859 -14.453 25.384
v -9.371 -13.468 25.287
v -7.861 -14.407 25.289
v -9.321 -13.418 25.241
v -7.812 -14.312 25.243
v -9.279 -13.328 25.144
v -7.77 -14.268 25.146
v -9.23 -13.28 25.098
v -7.773 -14.177 25.097
v -9.178 -13.182 25.007
v -7.72 -14.125 25.006
v -9.13 -13.134 24.96
v -7.676 -14.033 24.957
v -9.084 -13.041 24.959
v -7.624 -13.935 24.96
v -9.037 -12.947 24.912
v -7.579 -13.843 24.911
v -8.951 -12.858 24.908
v -8.896 -12.805 24.912
v -7.483 -13.653 24.913
v -7.534 -13.75 24.91
v -10.876 -12.478 25.806
v -10.878 -12.479 25.664
v -10.877 -12.478 25.57
v -10.827 -12.429 25.477
v -10.784 -12.385 25.381
v -10.788 -12.341 25.285
v -10.731 -12.286 25.243
v -10.686 -12.241 25.148
v -10.645 -12.198 25.097
v -10.55 -12.151 25.003
v -10.499 -12.054 24.958
v -10.456 -11.962 24.956
v -10.353 -11.909 24.914
v -10.307 -11.815 24.913
v -10.222 -11.775 24.909
v -12.196 -11.255 25.805
v -12.156 -11.259 25.66
v -12.144 -11.204 25.572
v -12.106 -11.21 25.473
v -12.103 -11.161 25.381
v -12.049 -11.109 25.29
v -12.003 -11.063 25.242
v -11.958 -11.017 25.147
v -11.862 -10.969 25.101
v -11.821 -10.926 25.004
v -11.725 -10.83 24.957
v -11.682 -10.786 24.956
v -11.59 -10.741 24.907
v -11.537 -10.642 24.91
v -11.44 -10.593 24.912
v -13.332 -9.893 25.802
v -13.332 -9.845 25.661
v -13.276 -9.839 25.571
v -13.282 -9.843 25.474
v -13.233 -9.795 25.381
v -13.189 -9.75 25.285
v -13.134 -9.698 25.242
v -13.05 -9.657 25.143
v -12.994 -9.605 25.1
v -12.905 -9.561 25.003
v -12.86 -9.516 24.955
v -12.767 -9.469 24.954
v -12.712 -9.416 24.912
v -12.62 -9.324 24.91
v -12.532 -9.281 24.907
v -14.315 -8.382 25.805
v -14.31 -8.379 25.666
v -14.269 -8.336 25.569
v -14.228 -8.34 25.472
v -14.226 -8.291 25.379
v -14.175 -8.289 25.286
v -14.081 -8.242 25.239
v -14.029 -8.191 25.148
v -13.945 -8.151 25.095
v -13.893 -8.101 25.003
v -13.793 -8.049 24.959
v -13.699 -8.002 24.959
v -13.653 -7.956 24.912
v -13.557 -7.908 24.913
v -13.465 -7.862 24.912
v -15.117 -6.782 25.805
v -15.122 -6.785 25.661
v -15.109 -6.729 25.573
v -15.064 -6.731 25.478
v -15.019 -6.732 25.383
v -14.971 -6.685 25.289
v -14.876 -6.684 25.242
v -14.833 -6.64 25.146
v -14.737 -6.591 25.1
v -14.694 -6.594 25.004
v -14.597 -6.545 24.958
v -14.508 -6.502 24.955
v -14.416 -6.456 24.907
v -14.321 -6.408 24.907
v -14.22 -6.357 24.911
v -15.778 -5.088 25.803
v -15.772 -5.083 25.665
v -15.723 -5.082 25.572
v -15.681 -5.086 25.475
v -15.629 -5.035 25.383
v -15.583 -5.036 25.289
v -15.538 -5.037 25.241
v -15.445 -4.992 25.146
v -15.394 -4.989 25.101
v -15.309 -4.948 25.002
v -15.207 -4.895 24.959
v -15.119 -4.9 24.956
v -15.019 -4.848 24.912
v -14.923 -4.8 24.913
v -14.832 -4.802 24.911
v -16.247 -3.344 25.804
v -16.203 -3.346 25.662
v -16.192 -3.339 25.573
v -16.154 -3.345 25.474
v -16.106 -3.344 25.381
v -16.055 -3.342 25.288
v -16.008 -3.294 25.241
v -15.912 -3.293 25.148
v -15.823 -3.297 25.098
v -15.735 -3.254 25.001
v -15.679 -3.248 24.958
v -15.591 -3.205 24.955
v -15.443 -3.201 24.911
v -15.351 -3.202 24.91
v -15.264 -3.16 24.907
v -16.477 -1.598 25.807
v -16.478 -1.599 25.665
v -16.476 -1.597 25.572
v -16.438 -1.604 25.473
v -16.386 -1.553 25.382
v -16.34 -1.554 25.287
v -16.244 -1.553 25.241
v -16.2 -1.555 25.145
v -16.099 -1.55 25.102
v -16.009 -1.553 25.005
v -15.922 -1.511 24.954
v -15.821 -1.506 24.958
v -15.728 -1.507 24.91
v -15.64 -1.511 24.907
v -15.499 -1.512 24.907
v -16.579 0.186 25.803
v -16.582 0.184 25.661
v -16.533 0.185 25.567
v -16.483 0.187 25.475
v -16.439 0.185 25.379
v -16.39 0.187 25.286
v -16.343 0.187 25.239
v -16.243 0.19 25.147
v -16.158 0.184 25.096
v -16.11 0.185 25.002
v -16.012 0.187 24.957
v -15.867 0.19 24.958
v -15.78 0.185 24.908
v -15.681 0.188 24.91
v -15.593 0.184 24.907
v -16.481 1.978 25.805
v -16.438 1.975 25.662
v -16.431 1.98 25.571
v -16.387 1.978 25.476
v -16.34 1.978 25.381
v -16.288 1.981 25.29
v -16.202 1.976 25.238
v -16.153 1.977 25.145
v -16.052 1.935 25.101
v -15.959 1.934 25.007
v -15.863 1.935 24.96
v -15.77 1.934 24.96
v -15.685 1.881 24.908
v -15.587 1.883 24.91
v -15.492 1.884 24.91
v -16.152 3.767 25.805
v -16.158 3.763 25.66
v -16.103 3.768 25.57
v -16.063 3.763 25.473
v -16.004 3.725 25.385
v -15.968 3.717 25.285
v -15.91 3.724 25.243
v -15.826 3.67 25.144
v -15.723 3.676 25.101
v -15.679 3.674 25.005
v -15.589 3.625 24.956
v -15.492 3.626 24.958
v -15.392 3.583 24.913
v -15.258 3.578 24.91
v -15.168 3.528 24.908
v -15.639 5.506 25.802
v -15.635 5.461 25.663
v -15.588 5.461 25.569
v -15.585 5.464 25.476
v -15.54 5.462 25.381
v -15.449 5.413 25.285
v -15.404 5.411 25.237
v -15.352 5.368 25.145
v -15.251 5.373 25.102
v -15.157 5.325 25.008
v -15.071 5.273 24.956
v -14.98 5.27 24.954
v -14.885 5.224 24.908
v -14.781 5.183 24.913
v -14.693 5.179 24.91
v -14.971 7.16 25.807
v -14.921 7.162 25.667
v -14.926 7.111 25.57
v -14.877 7.113 25.477
v -14.833 7.11 25.381
v -14.788 7.062 25.286
v -14.744 7.06 25.238
v -14.639 7.02 25.149
v -14.593 6.972 25.101
v -14.51 6.918 25.001
v -14.414 6.872 24.955
v -14.365 6.873 24.956
v -14.274 6.824 24.907
v -14.171 6.783 24.912
v -14.076 6.737 24.912
v -14.086 8.707 25.802
v -14.077 8.713 25.665
v -14.08 8.712 25.57
v -14.03 8.667 25.477
v -13.986 8.664 25.381
v -13.938 8.618 25.287
v -13.886 8.574 25.243
v -13.851 8.566 25.143
v -13.746 8.526 25.101
v -13.657 8.476 25.004
v -13.606 8.431 24.959
v -13.517 8.38 24.956
v -13.423 8.286 24.909
v -13.326 8.241 24.91
v -13.226 8.198 24.913
v -13.091 10.218 25.805
v -13.044 10.171 25.664
v -13.042 10.172 25.57
v -12.992 10.175 25.478
v -12.943 10.129 25.384
v -12.902 10.077 25.287
v -12.854 10.031 25.241
v -12.81 9.982 25.145
v -12.765 9.933 25.097
v -12.664 9.891 25.006
v -12.622 9.84 24.956
v -12.522 9.797 24.959
v -12.433 9.7 24.91
v -12.391 9.649 24.907
v -12.285 9.61 24.913
v -11.907 11.541 25.808
v -11.866 11.537 25.664
v -11.863 11.54 25.572
v -11.825 11.486 25.473
v -11.823 11.441 25.38
v -11.779 11.438 25.284
v -11.724 11.397 25.241
v -11.674 11.304 25.148
v -11.588 11.252 25.097
v -11.541 11.204 25.002
v -11.49 11.16 24.957
v -11.4 11.063 24.955
v -11.347 11.02 24.911
v -11.26 10.921 24.907
v -11.156 10.88 24.912
v -10.591 12.764 25.807
v -10.545 12.764 25.665
v -10.551 12.712 25.568
v -10.504 12.712 25.474
v -10.506 12.664 25.379
v -10.455 12.619 25.287
v -10.405 12.574 25.241
v -10.358 12.527 25.146
v -10.307 12.482 25.101
v -10.262 12.387 25.006
v -10.213 12.341 24.96
v -10.122 12.245 24.959
v -10.079 12.148 24.909
v -9.985 12.1 24.909
v -9.936 12.008 24.91
v -9.14 13.841 25.803
v -9.136 13.844 25.663
v -9.092 13.794 25.568
v -9.089 13.749 25.475
v -9.034 13.755 25.385
v -9.037 13.706 25.289
v -8.99 13.611 25.242
v -8.947 13.561 25.146
v -8.895 13.518 25.101
v -8.85 13.423 25.006
v -8.811 13.323 24.955
v -8.759 13.279 24.957
v -8.706 13.189 24.913
v -8.659 13.095 24.913
v -8.575 12.994 24.908
v -7.586 14.736 25.803
v -7.585 14.737 25.662
v -7.583 14.691 25.569
v -7.528 14.696 25.479
v -7.536 14.644 25.38
v -7.486 14.598 25.287
v -7.481 14.508 25.243
v -7.446 14.453 25.143
v -7.387 14.366 25.102
v -7.346 14.315 25.004
v -7.296 14.223 24.959
v -7.253 14.126 24.957
v -7.203 14.034 24.911
v -7.156 13.94 24.911
v -7.115 13.841 24.908
v -5.929 15.496 25.807
v -5.931 15.447 25.665
v -5.928 15.449 25.572
v -5.939 15.394 25.472
v -5.891 15.348 25.379
v -5.887 15.304 25.287
v -5.833 15.261 25.243
v -5.832 15.167 25.149
v -5.796 15.113 25.097
v -5.751 15.018 25.002
v -5.742 14.93 24.959
v -5.692 14.837 24.96
v -5.652 14.738 24.909
v -5.607 14.642 24.908
v -5.604 14.55 24.91
v -4.243 16.007 25.803
v -4.242 16.007 25.662
v -4.232 16.015 25.573
v -4.232 15.967 25.478
v -4.185 15.92 25.384
v -4.194 15.867 25.286
v -4.191 15.775 25.24
v -4.145 15.727 25.145
v -4.149 15.63 25.096
v -4.095 15.541 25.005
v -4.099 15.444 24.956
v -4.047 15.353 24.959
v -4.05 15.257 24.91
v -4.001 15.164 24.911
v -3.998 15.072 24.913
v -2.491 16.391 25.808
v -2.495 16.387 25.664
v -2.446 16.342 25.571
v -2.451 16.291 25.474
v -2.455 16.241 25.378
v -2.455 16.194 25.284
v -2.45 16.151 25.239
v -2.454 16.054 25.143
v -2.397 16.013 25.101
v -2.401 15.917 25.005
v -2.405 15.82 24.956
v -2.358 15.725 24.956
v -2.361 15.629 24.907
v -2.36 15.488 24.907
v -2.312 15.395 24.908
v -0.703 16.578 25.807
v -0.712 16.524 25.661
v -0.701 16.532 25.572
v -0.708 16.48 25.474
v -0.712 16.43 25.378
v -0.666 16.383 25.284
v -0.659 16.293 25.24
v -0.664 16.243 25.144
v -0.654 16.155 25.101
v -0.665 16.053 25.001
v -0.656 15.966 24.959
v -0.658 15.87 24.958
v -0.656 15.777 24.912
v -0.663 15.678 24.908
v -0.655 15.589 24.912
v 1.089 16.533 25.808
v 1.089 16.532 25.667
v 1.081 16.48 25.568
v 1.08 16.479 25.474
v 1.076 16.43 25.378
v 1.085 16.342 25.288
v 1.079 16.29 25.238
v 1.077 16.194 25.143
v 1.084 16.152 25.099
v 1.079 16.055 25.003
v 1.083 15.963 24.957
v 1.039 15.871 24.959
v 1.037 15.776 24.911
v 1.042 15.638 24.913
v 1.04 15.543 24.913
v 2.874 16.341 25.806
v 2.873 16.294 25.664
v 2.868 16.29 25.567
v 2.875 16.248 25.477
v 2.874 16.2 25.382
v 2.869 16.149 25.285
v 2.828 16.059 25.241
v 2.82 16.007 25.143
v 2.828 15.918 25.1
v 2.773 15.818 25.002
v 2.779 15.728 24.958
v 2.776 15.632 24.956
v 2.728 15.537 24.909
v 2.734 15.448 24.912
v 2.734 15.353 24.912
v 4.618 15.919 25.807
v 4.621 15.921 25.667
v 4.609 15.865 25.567
v 4.612 15.82 25.474
v 4.612 15.773 25.38
v 4.563 15.725 25.285
v 4.572 15.684 25.242
v 4.526 15.59 25.148
v 4.519 15.539 25.098
v 4.471 15.443 25.003
v 4.474 15.351 24.958
v 4.43 15.26 24.959
v 4.423 15.16 24.908
v 4.38 15.069 24.911
v 4.385 14.979 24.913
v 6.314 15.307 25.807
v 7.962 14.554 25.807
v 6.312 15.306 25.665
v 7.958 14.55 25.664
v 6.311 15.305 25.57
v 7.914 14.506 25.571
v 6.315 15.261 25.478
v 7.913 14.458 25.476
v 6.269 15.214 25.384
v 7.866 14.458 25.382
v 6.263 15.163 25.287
v 7.86 14.407 25.285
v 6.218 15.07 25.241
v 7.813 14.313 25.238
v 6.218 15.023 25.147
v 7.773 14.27 25.147
v 6.171 14.929 25.1
v 7.766 14.171 25.097
v 6.119 14.878 25.003
v 7.725 14.129 25.006
v 6.115 14.782 24.954
v 7.671 14.03 24.955
v 6.079 14.695 24.96
v 7.63 13.94 24.958
v 6.027 14.598 24.91
v 7.576 13.841 24.908
v 5.976 14.5 24.908
v 8.899 12.808 24.91
v 9.471 13.613 25.808
v 9.46 13.605 25.661
v 9.469 13.565 25.572
v 9.423 13.565 25.478
v 9.42 13.516 25.382
v 9.366 13.464 25.285
v 9.319 13.417 25.238
v 9.272 13.323 25.144
v 9.235 13.283 25.101
v 9.184 13.186 25.005
v 9.134 13.137 24.957
v 9.083 13.04 24.955
v 9.037 12.947 24.908
v 8.95 12.857 24.912
v 10.872 12.475 25.802
v 10.875 12.477 25.663
v 10.873 12.476 25.567
v 10.828 12.43 25.474
v 10.783 12.384 25.381
v 10.787 12.34 25.289
v 10.73 12.286 25.237
v 10.688 12.243 25.145
v 10.648 12.2 25.101
v 10.547 12.149 25.004
v 10.504 12.057 24.959
v 10.448 11.957 24.954
v 10.361 11.915 24.911
v 10.31 11.818 24.909
v 10.218 11.772 24.91
v 12.193 11.253 25.804
v 12.151 11.256 25.665
v 12.149 11.207 25.57
v 12.096 11.203 25.473
v 12.097 11.157 25.379
v 12.059 11.116 25.289
v 12.013 11.069 25.242
v 11.967 11.023 25.149
v 11.86 10.968 25.096
v 11.823 10.927 25.006
v 11.731 10.835 24.96
v 11.68 10.785 24.958
v 11.577 10.732 24.907
v 11.531 10.638 24.908
v 11.443 10.595 24.91
v 13.321 9.885 25.802
v 13.329 9.844 25.665
v 13.275 9.838 25.567
v 13.277 9.84 25.475
v 13.227 9.791 25.378
v 13.188 9.749 25.288
v 13.134 9.698 25.238
v 13.043 9.653 25.146
v 12.997 9.607 25.099
v 12.901 9.558 25.004
v 12.85 9.508 24.955
v 12.761 9.465 24.957
v 12.717 9.42 24.912
v 12.619 9.323 24.91
v 12.529 9.279 24.912
v 14.316 8.382 25.805
v 14.311 8.379 25.661
v 14.271 8.337 25.571
v 14.227 8.339 25.478
v 14.222 8.288 25.382
v 14.169 8.284 25.285
v 14.084 8.244 25.242
v 14.036 8.196 25.147
v 13.938 8.146 25.098
v 13.89 8.099 25.004
v 13.798 8.053 24.958
v 13.707 8.008 24.96
v 13.655 7.957 24.91
v 13.557 7.908 24.908
v 13.474 7.868 24.913
v 15.111 6.777 25.802
v 15.112 6.778 25.662
v 15.117 6.735 25.57
v 15.064 6.731 25.473
v 15.022 6.734 25.382
v 14.974 6.686 25.287
v 14.876 6.683 25.238
v 14.836 6.642 25.147
v 14.739 6.593 25.099
v 14.689 6.59 25.003
v 14.599 6.546 24.958
v 14.505 6.499 24.958
v 14.413 6.454 24.912
v 14.311 6.401 24.908
v 14.215 6.353 24.907
v 15.775 5.085 25.805
v 15.777 5.087 25.665
v 15.731 5.088 25.571
v 15.687 5.09 25.479
v 15.628 5.034 25.378
v 15.591 5.041 25.289
v 15.537 5.037 25.239
v 15.448 4.994 25.147
v 15.395 4.989 25.097
v 15.309 4.948 25.007
v 15.213 4.899 24.959
v 15.117 4.899 24.958
v 15.025 4.853 24.912
v 14.933 4.807 24.913
v 14.834 4.804 24.911
v 15.254 3.153 24.909
v 16.247 3.344 25.806
v 16.205 3.348 25.667
v 16.197 3.342 25.569
v 16.158 3.348 25.478
v 16.103 3.343 25.381
v 16.062 3.347 25.289
v 16.006 3.294 25.238
v 15.914 3.295 25.145
v 15.827 3.299 25.101
v 15.727 3.249 25.004
v 15.676 3.246 24.955
v 15.585 3.201 24.956
v 15.447 3.203 24.911
v 15.346 3.198 24.908
v 16.478 1.599 25.803
v 16.481 1.601 25.664
v 16.476 1.598 25.567
v 16.439 1.605 25.478
v 16.388 1.555 25.382
v 16.341 1.554 25.287
v 16.244 1.552 25.239
v 16.201 1.556 25.147
v 16.101 1.552 25.097
v 16.006 1.551 25.002
v 15.91 1.502 24.954
v 15.817 1.504 24.955
v 15.723 1.503 24.908
v 15.636 1.508 24.911
v 15.495 1.509 24.912
v 15.582 -0.191 24.908
v 16.573 -0.19 25.804
v 16.57 -0.192 25.661
v 16.522 -0.192 25.567
v 16.486 -0.185 25.478
v 16.435 -0.188 25.382
v 16.388 -0.188 25.287
v 16.342 -0.187 25.241
v 16.249 -0.186 25.147
v 16.15 -0.19 25.098
v 16.111 -0.184 25.008
v 16.017 -0.184 24.96
v 15.863 -0.193 24.954
v 15.776 -0.188 24.911
v 15.675 -0.192 24.908
v 16.484 -1.976 25.807
v 16.433 -1.979 25.663
v 16.433 -1.979 25.569
v 16.384 -1.98 25.474
v 16.345 -1.975 25.383
v 16.293 -1.978 25.287
v 16.202 -1.975 25.242
v 16.15 -1.979 25.145
v 16.058 -1.93 25.099
v 15.959 -1.934 25.002
v 15.868 -1.932 24.957
v 15.774 -1.931 24.957
v 15.686 -1.88 24.913
v 15.588 -1.883 24.911
v 15.49 -1.885 24.909
v 15.162 -3.532 24.91
v 16.158 -3.763 25.808
v 16.152 -3.767 25.664
v 16.107 -3.766 25.571
v 16.064 -3.763 25.479
v 16.01 -3.72 25.381
v 15.961 -3.722 25.286
v 15.916 -3.72 25.24
v 15.821 -3.674 25.145
v 15.734 -3.669 25.102
v 15.677 -3.676 25.003
v 15.592 -3.622 24.96
v 15.496 -3.623 24.959
v 15.395 -3.581 24.908
v 15.26 -3.577 24.912
v 14.69 -5.181 24.909
v 15.635 -5.509 25.805
v 15.631 -5.464 25.662
v 15.593 -5.458 25.573
v 15.581 -5.466 25.473
v 15.543 -5.46 25.383
v 15.451 -5.411 25.29
v 15.394 -5.418 25.238
v 15.355 -5.366 25.148
v 15.258 -5.368 25.099
v 15.162 -5.322 25.004
v 15.066 -5.276 24.956
v 14.979 -5.271 24.96
v 14.884 -5.225 24.912
v 14.781 -5.184 24.908
v 14.974 -7.158 25.805
v 14.933 -7.154 25.666
v 14.93 -7.109 25.571
v 14.883 -7.109 25.477
v 14.831 -7.112 25.38
v 14.787 -7.063 25.287
v 14.737 -7.065 25.239
v 14.639 -7.02 25.143
v 14.597 -6.97 25.098
v 14.501 -6.924 25.003
v 14.415 -6.871 24.96
v 14.36 -6.876 24.956
v 14.268 -6.828 24.91
v 14.179 -6.777 24.913
v 14.078 -6.735 24.909
v 14.082 -8.71 25.806
v 14.084 -8.708 25.666
v 14.081 -8.711 25.57
v 14.033 -8.664 25.476
v 13.989 -8.662 25.383
v 13.935 -8.62 25.285
v 13.896 -8.567 25.242
v 13.848 -8.567 25.148
v 13.748 -8.525 25.097
v 13.662 -8.472 25.008
v 13.605 -8.432 24.955
v 13.513 -8.383 24.956
v 13.423 -8.286 24.911
v 13.328 -8.239 24.911
v 13.233 -8.193 24.911
v 13.093 -10.217 25.806
v 13.044 -10.171 25.664
v 13.047 -10.169 25.571
v 13.001 -10.169 25.477
v 12.952 -10.122 25.383
v 12.901 -10.078 25.286
v 12.85 -10.034 25.237
v 12.812 -9.981 25.147
v 12.759 -9.937 25.098
v 12.665 -9.89 25.004
v 12.618 -9.843 24.956
v 12.531 -9.791 24.96
v 12.426 -9.704 24.908
v 12.381 -9.656 24.909
v 12.297 -9.602 24.913
v 11.163 -10.876 24.912
v 11.91 -11.54 25.803
v 11.867 -11.536 25.664
v 11.872 -11.533 25.572
v 11.813 -11.494 25.472
v 11.826 -11.438 25.384
v 11.77 -11.444 25.286
v 11.726 -11.395 25.24
v 11.678 -11.302 25.146
v 11.588 -11.252 25.1
v 11.535 -11.208 25.004
v 11.496 -11.156 24.961
v 11.392 -11.069 24.956
v 11.349 -11.019 24.91
v 11.258 -10.922 24.912
v 10.594 -12.762 25.804
v 10.551 -12.759 25.665
v 10.553 -12.711 25.572
v 10.504 -12.712 25.477
v 10.501 -12.667 25.381
v 10.456 -12.619 25.288
v 10.411 -12.57 25.242
v 10.364 -12.523 25.148
v 10.315 -12.477 25.1
v 10.271 -12.381 25.007
v 10.216 -12.339 24.956
v 10.123 -12.244 24.957
v 10.071 -12.153 24.907
v 9.978 -12.105 24.908
v 9.935 -12.008 24.91
v 8.566 -13 24.908
v 9.139 -13.842 25.807
v 9.132 -13.847 25.662
v 9.085 -13.799 25.568
v 9.086 -13.752 25.474
v 9.046 -13.746 25.384
v 9.04 -13.704 25.286
v 9 -13.605 25.243
v 8.944 -13.564 25.144
v 8.898 -13.516 25.098
v 8.858 -13.417 25.007
v 8.802 -13.329 24.956
v 8.763 -13.276 24.959
v 8.705 -13.19 24.907
v 8.668 -13.088 24.912
v 7.576 -14.743 25.802
v 7.587 -14.735 25.666
v 7.583 -14.691 25.57
v 7.528 -14.696 25.472
v 7.533 -14.646 25.38
v 7.494 -14.593 25.29
v 7.488 -14.503 25.24
v 7.442 -14.455 25.147
v 7.39 -14.365 25.097
v 7.348 -14.314 25.005
v 7.295 -14.224 24.955
v 7.255 -14.124 24.959
v 7.203 -14.034 24.91
v 7.157 -13.939 24.91
v 7.115 -13.841 24.913
v 5.603 -14.551 24.91
v 5.936 -15.49 25.806
v 5.929 -15.448 25.662
v 5.933 -15.446 25.569
v 5.937 -15.396 25.477
v 5.888 -15.35 25.382
v 5.887 -15.303 25.288
v 5.845 -15.253 25.243
v 5.837 -15.164 25.145
v 5.796 -15.113 25.101
v 5.739 -15.025 25.002
v 5.747 -14.926 24.959
v 5.703 -14.83 24.96
v 5.646 -14.742 24.908
v 5.601 -14.647 24.909
v 4.235 -16.012 25.804
v 4.242 -16.007 25.666
v 4.238 -16.011 25.569
v 4.234 -15.966 25.473
v 4.187 -15.919 25.379
v 4.19 -15.87 25.287
v 4.186 -15.778 25.237
v 4.144 -15.728 25.146
v 4.144 -15.634 25.099
v 4.098 -15.539 25.005
v 4.094 -15.447 24.956
v 4.045 -15.354 24.955
v 4.045 -15.26 24.908
v 3.998 -15.166 24.908
v 4.003 -15.069 24.91
v 2.494 -16.388 25.804
v 2.495 -16.388 25.663
v 2.443 -16.344 25.567
v 2.448 -16.294 25.475
v 2.455 -16.242 25.384
v 2.446 -16.201 25.285
v 2.45 -16.15 25.241
v 2.447 -16.059 25.145
v 2.403 -16.009 25.1
v 2.406 -15.913 25.007
v 2.407 -15.818 24.96
v 2.356 -15.727 24.958
v 2.358 -15.631 24.912
v 2.356 -15.492 24.911
v 2.301 -15.403 24.907
v 0.66 -15.586 24.911
v 0.706 -16.576 25.805
v 0.707 -16.528 25.664
v 0.703 -16.531 25.568
v 0.713 -16.477 25.479
v 0.713 -16.43 25.384
v 0.656 -16.389 25.286
v 0.655 -16.296 25.238
v 0.654 -16.25 25.143
v 0.661 -16.151 25.099
v 0.66 -16.057 25.005
v 0.662 -15.961 24.959
v 0.662 -15.867 24.959
v 0.666 -15.77 24.914
v 0.653 -15.685 24.907
v -1.086 -16.53 25.804
v -1.079 -16.525 25.666
v -1.084 -16.482 25.569
v -1.086 -16.484 25.474
v -1.087 -16.437 25.379
v -1.077 -16.335 25.29
v -1.082 -16.292 25.24
v -1.082 -16.198 25.146
v -1.084 -16.152 25.098
v -1.08 -16.056 25.006
v -1.086 -15.966 24.956
v -1.038 -15.87 24.957
v -1.037 -15.776 24.91
v -1.033 -15.632 24.912
v -1.035 -15.539 24.911
v -2.735 -15.354 24.908
v -2.868 -16.337 25.807
v -2.87 -16.291 25.665
v -2.872 -16.293 25.57
v -2.876 -16.248 25.474
v -2.868 -16.196 25.383
v -2.872 -16.152 25.287
v -2.826 -16.058 25.24
v -2.823 -16.009 25.147
v -2.825 -15.916 25.099
v -2.783 -15.825 25.002
v -2.78 -15.729 24.957
v -2.784 -15.637 24.955
v -2.732 -15.54 24.91
v -2.725 -15.441 24.913
v -4.384 -14.978 24.908
v -4.62 -15.92 25.802
v -4.615 -15.916 25.664
v -4.611 -15.866 25.572
v -4.613 -15.821 25.476
v -4.609 -15.771 25.384
v -4.568 -15.728 25.287
v -4.567 -15.68 25.24
v -4.526 -15.591 25.143
v -4.522 -15.541 25.098
v -4.474 -15.446 25.004
v -4.479 -15.355 24.955
v -4.423 -15.255 24.959
v -4.424 -15.161 24.912
v -4.386 -15.073 24.907
v -6.307 -15.302 25.807
v -6.311 -15.305 25.663
v -6.316 -15.309 25.566
v -6.316 -15.261 25.472
v -6.26 -15.208 25.383
v -6.265 -15.164 25.286
v -6.215 -15.068 25.24
v -6.215 -15.021 25.146
v -6.174 -14.931 25.096
v -6.117 -14.877 25.007
v -6.121 -14.786 24.958
v -6.07 -14.689 24.96
v -6.026 -14.597 24.911
v -5.978 -14.502 24.912
v -5.939 -14.413 24.907
v -8.565 -20.716 22.747
v 12.946 18.598 22.554
v 12.805 18.41 22.743
v 13.047 18.744 22.369
v 13.143 18.886 22.181
v 13.232 19.024 21.943
v 13.322 19.115 21.706
v 13.377 19.168 21.475
v 13.427 19.264 21.241
v 13.417 19.257 20.953
v 13.425 19.31 20.675
v 13.427 19.264 20.44
v 14.881 17.094 22.556
v 14.744 16.908 22.747
v 16.488 15.214 22.747
v 13.417 19.257 20.152
v 15.021 17.234 22.367
v 13.38 19.217 19.922
v 15.12 17.332 22.181
v 13.326 19.118 19.683
v 15.21 17.47 21.944
v 13.227 19.02 19.445
v 15.304 17.564 21.708
v 13.18 18.927 19.21
v 15.351 17.611 21.473
v 13.095 18.791 19.026
v 15.396 17.657 21.236
v 12.992 18.644 18.833
v 15.451 17.71 20.958
v 15.451 17.71 20.675
v 15.444 17.705 20.436
v 16.621 15.35 22.555
v 15.395 17.704 20.153
v 16.761 15.49 22.366
v 15.354 17.614 19.92
v 16.906 15.634 22.179
v 15.307 17.567 19.685
v 16.997 15.726 21.942
v 15.208 17.469 19.447
v 17.089 15.772 21.706
v 15.12 17.379 19.214
v 17.191 15.871 21.474
v 15.027 17.239 19.027
v 17.232 15.914 21.236
v 14.924 17.138 18.834
v 17.231 15.96 20.953
v 17.285 15.965 20.674
v 17.229 15.959 20.434
v 18.171 13.464 22.553
v 18.036 13.327 22.745
v 17.238 15.919 20.156
v 18.37 13.612 22.37
v 17.184 15.867 19.917
v 18.512 13.707 22.182
v 17.096 15.824 19.684
v 18.595 13.794 21.941
v 17.049 15.73 19.449
v 18.69 13.841 21.706
v 16.901 15.631 19.21
v 18.79 13.892 21.473
v 16.811 15.54 19.024
v 18.841 13.942 21.24
v 16.671 15.399 18.837
v 18.882 13.985 20.954
v 18.888 13.989 20.675
v 18.877 13.981 20.434
v 19.536 11.439 22.553
v 19.355 11.303 22.745
v 18.833 13.936 20.153
v 19.728 11.535 22.366
v 18.791 13.94 19.92
v 19.878 11.636 22.182
v 18.744 13.846 19.685
v 19.961 11.675 21.941
v 18.654 13.802 19.451
v 20.105 11.771 21.707
v 18.501 13.7 19.21
v 20.205 11.822 21.475
v 18.417 13.613 19.027
v 20.246 11.818 21.236
v 18.221 13.513 18.834
v 20.296 11.867 20.955
v 20.296 11.867 20.672
v 20.297 11.868 20.438
v 20.667 9.226 22.553
v 20.48 9.18 22.742
v 20.243 11.815 20.151
v 20.857 9.321 22.366
v 20.198 11.817 19.917
v 21.001 9.417 22.179
v 20.111 11.775 19.685
v 21.141 9.463 21.943
v 20.01 11.723 19.446
v 21.236 9.511 21.708
v 19.87 11.63 19.212
v 21.338 9.564 21.476
v 19.772 11.533 19.021
v 21.421 9.556 21.235
v 19.593 11.445 18.838
v 21.431 9.61 20.957
v 21.477 9.609 20.674
v 21.424 9.605 20.436
v 21.569 6.97 22.557
v 21.332 6.875 22.744
v 21.425 9.559 20.154
v 21.705 7.014 22.366
v 21.337 9.563 19.921
v 21.895 7.062 22.178
v 21.286 9.513 19.684
v 22.032 7.106 21.941
v 21.144 9.466 19.448
v 22.133 7.159 21.709
v 21.054 9.422 19.215
v 22.228 7.206 21.474
v 20.906 9.369 19.023
v 22.324 7.207 21.239
v 20.715 9.274 18.834
v 22.362 7.201 20.952
v 22.37 7.206 20.673
v 22.371 7.207 20.438
v 22.173 4.563 22.553
v 21.94 4.565 22.742
v 22.319 2.165 22.744
v 22.318 7.203 20.153
v 22.366 4.614 22.367
v 22.274 7.205 19.919
v 22.509 4.662 22.179
v 22.181 7.159 19.684
v 22.7 4.711 21.945
v 22.043 7.114 19.45
v 22.785 4.704 21.705
v 21.947 7.066 19.214
v 22.882 4.754 21.471
v 21.758 7.018 19.026
v 22.979 4.756 21.237
v 21.619 6.972 18.838
v 23.026 4.756 20.955
v 23.022 4.753 20.67
v 23.033 4.76 20.44
v 22.561 2.169 22.558
v 22.985 4.76 20.157
v 22.738 2.162 22.364
v 22.892 4.76 19.922
v 22.881 2.21 22.177
v 22.796 4.712 19.686
v 23.032 2.217 21.946
v 22.696 4.708 19.447
v 23.167 2.212 21.708
v 22.556 4.662 19.212
v 23.268 2.217 21.475
v 22.411 4.659 19.022
v 23.359 2.262 21.239
v 22.223 4.613 18.834
v 23.408 2.263 20.957
v 23.397 2.256 20.669
v 23.4 2.258 20.435
v 22.647 -0.285 22.554
v 22.418 -0.28 22.746
v 23.358 2.262 20.155
v 22.839 -0.282 22.368
v 23.264 2.262 19.92
v 23.033 -0.278 22.182
v 23.162 2.209 19.68
v 23.171 -0.281 21.945
v 23.07 2.211 19.446
v 23.261 -0.283 21.708
v 22.932 2.213 19.212
v 23.356 -0.283 21.473
v 22.785 2.162 19.021
v 23.447 -0.285 21.236
v 22.598 2.163 18.833
v 23.495 -0.285 20.953
v 23.498 -0.282 20.673
v 23.499 -0.282 20.437
v 22.455 -2.736 22.553
v 22.27 -2.686 22.743
v 23.445 -0.286 20.152
v 22.65 -2.731 22.367
v 23.407 -0.28 19.921
v 22.834 -2.781 22.177
v 23.305 -0.286 19.681
v 22.982 -2.777 21.945
v 23.167 -0.283 19.448
v 23.127 -2.821 21.711
v 23.028 -0.281 19.213
v 23.22 -2.822 21.475
v 22.879 -0.287 19.021
v 23.263 -2.825 21.238
v 22.7 -0.28 18.837
v 23.31 -2.825 20.955
v 23.359 -2.824 20.673
v 23.309 -2.826 20.436
v 22.042 -5.13 22.558
v 21.853 -5.083 22.746
v 23.261 -2.826 20.154
v 22.226 -5.18 22.368
v 23.219 -2.822 19.921
v 22.409 -5.231 22.176
v 23.119 -2.827 19.683
v 22.551 -5.278 21.941
v 23.027 -2.778 19.448
v 22.645 -5.277 21.706
v 22.89 -2.775 19.215
v 22.741 -5.323 21.471
v 22.703 -2.774 19.027
v 22.832 -5.326 21.234
v 22.56 -2.728 18.838
v 22.881 -5.324 20.952
v 22.884 -5.322 20.672
v 22.888 -5.319 20.438
v 21.378 -7.488 22.555
v 21.145 -7.439 22.745
v 22.842 -5.319 20.156
v 21.562 -7.585 22.365
v 22.796 -5.318 19.921
v 21.703 -7.632 22.177
v 22.701 -5.272 19.685
v 21.847 -7.677 21.943
v 22.55 -5.278 19.445
v 21.944 -7.723 21.708
v 22.463 -5.226 19.213
v 22.033 -7.726 21.47
v 22.279 -5.176 19.027
v 22.135 -7.768 21.239
v 22.126 -5.184 18.833
v 22.178 -7.771 20.954
v 22.177 -7.771 20.671
v 22.179 -7.77 20.437
v 20.431 -9.752 22.553
v 20.243 -9.657 22.742
v 22.137 -7.766 20.157
v 20.623 -9.843 22.366
v 22.084 -7.723 19.919
v 20.766 -9.936 22.179
v 21.993 -7.721 19.685
v 20.907 -9.983 21.944
v 21.899 -7.674 19.449
v 21.005 -10.028 21.71
v 21.762 -7.624 19.216
v 21.095 -10.078 21.472
v 21.616 -7.58 19.025
v 21.148 -10.121 21.24
v 21.424 -7.536 18.835
v 21.188 -10.126 20.954
v 21.185 -10.128 20.669
v 21.195 -10.121 20.439
v 19.257 -11.916 22.554
v 19.067 -11.823 22.742
v 21.14 -10.127 20.153
v 19.405 -12.005 22.369
v 21.094 -10.079 19.918
v 19.541 -12.103 22.178
v 20.996 -10.034 19.68
v 19.679 -12.199 21.942
v 20.912 -9.98 19.45
v 19.773 -12.246 21.706
v 20.814 -9.936 19.213
v 19.874 -12.289 21.474
v 20.629 -9.886 19.026
v 19.92 -12.337 21.238
v 20.486 -9.793 18.837
v 19.97 -12.382 20.957
v 19.964 -12.386 20.672
v 19.97 -12.382 20.439
v 17.847 -13.938 22.556
v 17.707 -13.796 22.745
v 19.97 -12.335 20.156
v 17.983 -14.036 22.365
v 19.875 -12.288 19.921
v 18.133 -14.171 22.181
v 19.825 -12.243 19.683
v 18.275 -14.218 21.946
v 19.735 -12.193 19.45
v 18.362 -14.317 21.707
v 19.592 -12.147 19.214
v 18.413 -14.362 21.473
v 19.453 -12.051 19.027
v 18.501 -14.413 21.235
v 19.306 -11.961 18.836
v 18.5 -14.461 20.952
v 18.548 -14.46 20.67
v 18.506 -14.457 20.437
v 16.249 -15.773 22.557
v 16.109 -15.63 22.747
v 14.312 -17.284 22.743
v 18.509 -14.407 20.156
v 16.383 -15.919 22.366
v 18.458 -14.41 19.918
v 16.476 -16.014 22.176
v 18.367 -14.314 19.684
v 16.622 -16.152 21.943
v 18.268 -14.27 19.447
v 16.723 -16.194 21.711
v 18.178 -14.173 19.213
v 16.765 -16.292 21.473
v 18.036 -14.079 19.024
v 16.81 -16.341 21.237
v 17.9 -13.981 18.839
v 16.855 -16.389 20.953
v 16.861 -16.385 20.674
v 16.864 -16.383 20.44
v 14.459 -17.421 22.557
v 16.814 -16.338 20.156
v 14.555 -17.561 22.37
v 16.762 -16.294 19.918
v 14.688 -17.708 22.177
v 16.711 -16.25 19.681
v 14.791 -17.843 21.946
v 16.617 -16.156 19.445
v 14.84 -17.936 21.712
v 16.534 -16.053 19.215
v 14.933 -17.984 21.476
v 16.428 -15.968 19.021
v 14.981 -18.078 21.24
v 16.291 -15.824 18.835
v 14.972 -18.084 20.953
v 14.98 -18.078 20.675
v 14.98 -18.078 20.44
v 12.482 -18.881 22.557
v 12.337 -18.742 22.744
v 14.975 -18.082 20.154
v 12.569 -19.074 22.366
v 14.926 -18.036 19.918
v 12.666 -19.214 22.178
v 14.886 -17.937 19.686
v 12.762 -19.306 21.944
v 14.781 -17.85 19.445
v 12.808 -19.448 21.708
v 14.693 -17.752 19.213
v 12.85 -19.499 21.47
v 14.601 -17.609 19.026
v 12.905 -19.587 21.239
v 14.508 -17.467 18.838
v 12.943 -19.594 20.952
v 12.954 -19.633 20.675
v 12.95 -19.589 20.437
v 10.356 -20.157 22.554
v 10.264 -19.967 22.743
v 12.906 -19.587 20.156
v 10.454 -20.296 22.367
v 12.898 -19.545 19.917
v 10.507 -20.433 22.182
v 12.854 -19.449 19.683
v 10.599 -20.575 21.946
v 12.761 -19.354 19.448
v 10.642 -20.719 21.708
v 12.713 -19.214 19.212
v 10.687 -20.815 21.472
v 12.626 -19.114 19.027
v 10.737 -20.861 21.237
v 12.53 -18.927 18.838
v 10.73 -20.912 20.952
v 10.732 -20.911 20.67
v 10.743 -20.903 20.44
v 8.105 -21.139 22.559
v 8.055 -20.953 22.746
v 5.742 -21.71 22.743
v 10.739 -20.859 20.155
v 8.191 -21.334 22.366
v 10.693 -20.811 19.921
v 8.246 -21.469 22.182
v 10.637 -20.723 19.681
v 8.283 -21.617 21.941
v 10.589 -20.63 19.445
v 8.328 -21.76 21.705
v 10.552 -20.481 19.214
v 8.377 -21.806 21.47
v 10.46 -20.338 19.027
v 8.433 -21.894 21.24
v 10.353 -20.206 18.833
v 8.428 -21.945 20.954
v 8.423 -21.948 20.669
v 8.432 -21.941 20.438
v 5.797 -21.893 22.558
v 3.338 -22.183 22.742
v 8.431 -21.895 20.155
v 5.843 -22.082 22.369
v 8.388 -21.845 19.922
v 5.892 -22.222 22.182
v 8.335 -21.755 19.684
v 5.938 -22.364 21.946
v 8.286 -21.663 19.447
v 5.932 -22.51 21.707
v 8.245 -21.517 19.215
v 5.987 -22.598 21.476
v 8.198 -21.376 19.026
v 5.975 -22.654 21.235
v 8.144 -21.192 18.834
v 5.986 -22.693 20.958
v 6.034 -22.74 20.676
v 5.983 -22.695 20.438
v 3.39 -22.368 22.555
v 5.986 -22.693 20.157
v 3.397 -22.552 22.371
v 5.986 -22.599 19.922
v 3.432 -22.748 22.177
v 5.939 -22.505 19.686
v 3.44 -22.884 21.945
v 5.935 -22.413 19.449
v 3.491 -23.022 21.712
v 5.882 -22.276 19.21
v 3.486 -23.12 21.474
v 5.833 -22.136 19.021
v 3.491 -23.164 21.24
v 5.787 -21.947 18.833
v 3.537 -23.212 20.957
v 3.525 -23.267 20.669
v 3.527 -23.218 20.435
v 0.939 -22.605 22.554
v 0.94 -22.416 22.743
v -1.512 -22.371 22.742
v 3.485 -23.168 20.155
v 0.946 -22.788 22.37
v 3.488 -23.119 19.92
v 0.947 -22.976 22.182
v 3.487 -23.025 19.685
v 0.937 -23.124 21.941
v 3.481 -22.935 19.446
v 0.993 -23.259 21.71
v 3.436 -22.792 19.212
v 0.987 -23.358 21.472
v 3.44 -22.649 19.025
v 0.984 -23.454 21.235
v 3.384 -22.466 18.833
v 0.983 -23.455 20.952
v 0.991 -23.496 20.673
v 0.984 -23.454 20.435
v -1.502 -22.599 22.558
v -3.915 -22.09 22.741
v 0.986 -23.453 20.153
v -1.509 -22.793 22.366
v 0.992 -23.354 19.92
v -1.552 -22.931 22.18
v 0.983 -23.266 19.68
v -1.549 -23.118 21.946
v 0.983 -23.172 19.445
v -1.547 -23.211 21.711
v 0.944 -23.025 19.214
v -1.548 -23.305 21.476
v 0.935 -22.89 19.021
v -1.559 -23.407 21.235
v 0.947 -22.693 18.838
v -1.547 -23.446 20.958
v -1.555 -23.451 20.672
v -1.551 -23.449 20.438
v -3.955 -22.273 22.556
v -1.549 -23.4 20.157
v -3.956 -22.509 22.367
v -1.554 -23.357 19.919
v -4.007 -22.653 22.177
v -1.554 -23.262 19.683
v -4.045 -22.788 21.946
v -1.556 -23.122 19.447
v -4.048 -22.932 21.709
v -1.551 -22.977 19.214
v -4.053 -23.029 21.471
v -1.507 -22.838 19.024
v -4.092 -23.071 21.24
v -1.506 -22.65 18.836
v -4.097 -23.121 20.955
v -4.092 -23.165 20.675
v -4.099 -23.122 20.436
v -6.308 -21.754 22.557
v -6.263 -21.52 22.744
v -4.104 -23.079 20.151
v -6.401 -21.942 22.369
v -4.055 -23.03 19.916
v -6.454 -22.087 22.178
v -4.049 -22.932 19.684
v -6.458 -22.231 21.94
v -4.05 -22.838 19.448
v -6.494 -22.364 21.71
v -3.997 -22.693 19.215
v -6.539 -22.457 21.476
v -4 -22.554 19.025
v -6.546 -22.509 21.237
v -3.958 -22.369 18.835
v -6.545 -22.555 20.955
v -6.588 -22.553 20.675
v -6.546 -22.557 20.436
v -8.669 -20.911 22.553
v -6.547 -22.51 20.153
v -8.706 -21.092 22.37
v -6.546 -22.462 19.919
v -8.812 -21.289 22.176
v -6.502 -22.37 19.681
v -8.856 -21.381 21.942
v -6.5 -22.275 19.447
v -8.904 -21.523 21.706
v -6.451 -22.132 19.213
v -8.943 -21.611 21.475
v -6.407 -21.993 19.023
v -8.953 -21.665 21.235
v -6.362 -21.806 18.833
v -8.942 -21.705 20.957
v -8.988 -21.704 20.675
v -8.944 -21.706 20.438
v -8.942 -21.658 20.157
v -8.946 -21.613 19.919
v -8.904 -21.523 19.681
v -8.858 -21.429 19.445
v -8.801 -21.281 19.215
v -8.758 -21.143 19.025
v -8.667 -21.004 18.835
v 9.177 13.181 24.908
v 10.544 12.147 24.908
v 11.823 10.927 24.912
v 12.901 9.558 24.91
v 13.886 8.096 24.908
v 14.698 6.596 24.913
v -6.128 -14.884 24.907
v 15.3 4.942 24.908
v -4.473 -15.445 24.91
v 15.726 3.248 24.909
v -2.781 -15.824 24.909
v 16.011 1.554 24.91
v -1.077 -16.053 24.914
v 16.108 -0.186 24.912
v 0.666 -16.053 24.914
v 15.959 -1.934 24.908
v 2.403 -15.915 24.911
v 15.676 -3.676 24.908
v 4.094 -15.541 24.909
v 15.157 -5.325 24.907
v 5.751 -15.017 24.913
v 14.505 -6.921 24.911
v 7.351 -14.311 24.913
v 13.649 -8.481 24.907
v 8.851 -13.422 24.91
v 12.671 -9.886 24.912
v 10.27 -12.382 24.912
v 11.534 -11.21 24.909
v 12.523 14.596 23.826
v 15.302 11.677 23.826
v 17.423 8.241 23.827
v 18.737 4.424 23.825
v 19.259 0.47 23.827
v 18.931 -3.578 23.828
v 17.757 -7.39 23.829
v 15.82 -10.926 23.826
v 13.233 -13.985 23.828
v 10.03 -16.434 23.827
v 6.402 -18.178 23.826
v 2.452 -19.116 23.829
v -1.56 -19.217 23.824
v -5.511 -18.46 23.827
f 1 2 3
f 1 4 2
f 1 5 4
f 1 3 6
f 1 6 7
f 1 7 8
f 1 8 9
f 10 11 5
f 10 1 9
f 10 12 11
f 10 9 13
f 10 13 14
f 10 5 1
f 15 16 12
f 15 17 16
f 15 12 10
f 15 14 18
f 15 10 14
f 15 18 19
f 20 21 17
f 20 22 21
f 20 19 23
f 20 23 24
f 20 17 15
f 20 15 19
f 25 26 22
f 25 27 26
f 25 24 28
f 25 28 29
f 25 20 24
f 25 22 20
f 30 31 27
f 30 32 31
f 30 29 33
f 30 33 34
f 30 27 25
f 30 25 29
f 35 36 32
f 35 32 30
f 35 30 34
f 35 34 37
f 38 39 36
f 38 40 39
f 38 36 35
f 38 37 41
f 38 41 42
f 38 35 37
f 43 44 40
f 43 45 44
f 43 42 46
f 43 46 47
f 43 38 42
f 43 40 38
f 48 49 45
f 48 50 49
f 48 47 51
f 48 51 52
f 48 43 47
f 48 45 43
f 53 54 50
f 53 55 54
f 53 48 52
f 53 52 56
f 53 56 57
f 53 50 48
f 58 55 53
f 58 53 57
f 58 59 55
f 58 60 59
f 58 57 61
f 58 61 62
f 63 60 58
f 63 58 62
f 63 64 60
f 63 65 64
f 63 62 66
f 63 66 67
f 68 69 70
f 68 63 67
f 68 71 65
f 68 72 71
f 68 70 72
f 68 65 63
f 68 67 73
f 68 73 74
f 68 74 69
f 75 76 77
f 78 79 3
f 78 3 2
f 80 79 78
f 80 81 79
f 82 83 81
f 82 81 80
f 84 85 83
f 84 83 82
f 86 87 85
f 86 85 84
f 88 89 87
f 88 87 86
f 90 91 89
f 90 89 88
f 92 93 91
f 92 91 90
f 94 95 93
f 94 93 92
f 96 95 94
f 96 97 95
f 98 2 4
f 98 4 5
f 98 78 2
f 99 97 96
f 99 100 97
f 101 80 78
f 101 78 98
f 102 100 99
f 102 103 100
f 104 82 80
f 104 80 101
f 105 103 102
f 105 106 103
f 107 82 104
f 107 84 82
f 108 109 106
f 108 106 105
f 110 88 86
f 110 84 107
f 110 86 84
f 111 109 108
f 111 112 109
f 113 88 110
f 114 112 111
f 114 115 112
f 116 90 88
f 116 88 113
f 116 92 90
f 117 115 114
f 117 75 77
f 117 118 75
f 117 77 115
f 119 92 116
f 120 94 92
f 120 92 119
f 121 96 94
f 121 94 120
f 122 98 5
f 123 99 96
f 123 96 121
f 124 98 122
f 124 101 98
f 125 99 123
f 125 102 99
f 126 104 101
f 126 101 124
f 127 102 125
f 127 105 102
f 128 107 104
f 128 104 126
f 128 110 107
f 129 108 105
f 129 105 127
f 130 110 128
f 131 111 108
f 131 108 129
f 132 113 110
f 132 110 130
f 133 111 131
f 133 114 111
f 133 117 114
f 134 116 113
f 134 113 132
f 135 118 117
f 135 117 133
f 136 116 134
f 136 119 116
f 137 119 136
f 137 120 119
f 137 121 120
f 138 121 137
f 138 123 121
f 139 5 11
f 139 11 12
f 139 122 5
f 140 123 138
f 141 124 122
f 141 122 139
f 142 123 140
f 142 125 123
f 142 127 125
f 143 124 141
f 143 126 124
f 144 127 142
f 145 126 143
f 145 128 126
f 146 127 144
f 146 129 127
f 146 131 129
f 147 130 128
f 147 128 145
f 147 132 130
f 148 131 146
f 149 132 147
f 149 134 132
f 150 131 148
f 150 133 131
f 151 134 149
f 152 118 135
f 152 135 133
f 152 133 150
f 152 153 118
f 152 154 153
f 155 134 151
f 155 136 134
f 156 137 136
f 156 136 155
f 157 138 137
f 157 137 156
f 158 139 12
f 159 140 138
f 159 138 157
f 160 141 139
f 160 139 158
f 161 142 140
f 161 140 159
f 162 141 160
f 162 143 141
f 163 144 142
f 163 142 161
f 164 145 143
f 164 143 162
f 165 144 163
f 165 146 144
f 166 145 164
f 166 147 145
f 167 146 165
f 167 148 146
f 168 149 147
f 168 147 166
f 169 148 167
f 169 150 148
f 170 151 149
f 170 149 168
f 171 152 150
f 171 154 152
f 171 150 169
f 172 155 151
f 172 156 155
f 172 151 170
f 173 156 172
f 174 156 173
f 174 157 156
f 175 160 158
f 175 12 16
f 175 158 12
f 176 157 174
f 176 161 159
f 176 159 157
f 177 160 175
f 178 161 176
f 178 163 161
f 179 160 177
f 179 164 162
f 179 162 160
f 180 163 178
f 181 164 179
f 181 166 164
f 182 165 163
f 182 163 180
f 182 167 165
f 183 166 181
f 184 167 182
f 185 166 183
f 185 168 166
f 186 171 169
f 186 167 184
f 186 169 167
f 187 170 168
f 187 172 170
f 187 168 185
f 188 154 171
f 188 171 186
f 188 189 154
f 190 172 187
f 191 173 172
f 191 174 173
f 191 172 190
f 192 174 191
f 193 175 16
f 193 16 17
f 193 177 175
f 194 176 174
f 194 178 176
f 194 174 192
f 195 177 193
f 196 178 194
f 197 179 177
f 197 177 195
f 198 180 178
f 198 182 180
f 198 178 196
f 199 181 179
f 199 179 197
f 200 182 198
f 201 181 199
f 201 183 181
f 202 184 182
f 202 186 184
f 202 182 200
f 203 187 185
f 203 185 183
f 203 183 201
f 204 186 202
f 205 187 203
f 206 186 204
f 206 188 186
f 206 189 188
f 206 207 189
f 208 190 187
f 208 187 205
f 209 190 208
f 209 191 190
f 210 192 191
f 210 191 209
f 211 17 21
f 211 21 22
f 211 193 17
f 212 192 210
f 212 194 192
f 213 195 193
f 213 193 211
f 214 194 212
f 214 196 194
f 215 195 213
f 215 197 195
f 216 198 196
f 216 196 214
f 217 197 215
f 217 199 197
f 218 198 216
f 218 200 198
f 219 199 217
f 219 203 201
f 219 201 199
f 220 200 218
f 220 202 200
f 221 203 219
f 221 205 203
f 222 204 202
f 222 202 220
f 223 205 221
f 224 207 206
f 224 204 222
f 224 225 207
f 224 226 225
f 224 206 204
f 227 208 205
f 227 205 223
f 228 209 208
f 228 208 227
f 229 209 228
f 229 210 209
f 230 211 22
f 231 212 210
f 231 210 229
f 232 213 211
f 232 211 230
f 233 214 212
f 233 212 231
f 234 215 213
f 234 213 232
f 235 216 214
f 235 214 233
f 236 217 215
f 236 215 234
f 237 216 235
f 237 218 216
f 238 219 217
f 238 221 219
f 238 217 236
f 239 220 218
f 239 218 237
f 240 221 238
f 241 222 220
f 241 220 239
f 242 223 221
f 242 221 240
f 243 224 222
f 243 226 224
f 243 222 241
f 244 227 223
f 244 223 242
f 245 228 227
f 245 229 228
f 245 227 244
f 246 229 245
f 247 22 26
f 247 26 27
f 247 230 22
f 248 229 246
f 248 231 229
f 248 233 231
f 249 230 247
f 249 232 230
f 249 234 232
f 250 233 248
f 250 235 233
f 251 234 249
f 252 235 250
f 253 234 251
f 253 236 234
f 254 235 252
f 254 237 235
f 255 236 253
f 255 238 236
f 256 237 254
f 256 239 237
f 257 238 255
f 257 240 238
f 258 241 239
f 258 239 256
f 259 242 240
f 259 240 257
f 260 243 241
f 260 226 243
f 260 241 258
f 260 261 226
f 262 244 242
f 262 242 259
f 262 245 244
f 263 246 245
f 263 245 262
f 264 246 263
f 265 247 27
f 266 248 246
f 266 246 264
f 267 249 247
f 267 247 265
f 268 250 248
f 268 248 266
f 268 252 250
f 269 253 251
f 269 249 267
f 269 251 249
f 270 252 268
f 271 255 253
f 271 253 269
f 272 256 254
f 272 252 270
f 272 254 252
f 273 255 271
f 274 258 256
f 274 256 272
f 275 257 255
f 275 255 273
f 276 258 274
f 277 259 257
f 277 262 259
f 277 257 275
f 278 260 258
f 278 261 260
f 278 279 261
f 278 258 276
f 280 262 277
f 281 263 262
f 281 262 280
f 282 263 281
f 282 264 263
f 283 27 31
f 283 265 27
f 284 266 264
f 284 264 282
f 285 267 265
f 285 265 283
f 286 266 284
f 286 268 266
f 287 267 285
f 287 269 267
f 287 271 269
f 288 270 268
f 288 268 286
f 289 271 287
f 289 273 271
f 290 270 288
f 290 272 270
f 290 274 272
f 291 273 289
f 292 274 290
f 293 273 291
f 293 275 273
f 293 277 275
f 294 278 276
f 294 274 292
f 294 276 274
f 295 277 293
f 296 279 278
f 296 278 294
f 296 297 279
f 298 280 277
f 298 277 295
f 298 281 280
f 299 281 298
f 300 282 281
f 300 281 299
f 300 284 282
f 301 31 32
f 301 283 31
f 302 284 300
f 303 285 283
f 303 287 285
f 303 283 301
f 304 286 284
f 304 288 286
f 304 284 302
f 305 287 303
f 306 288 304
f 306 290 288
f 307 289 287
f 307 287 305
f 308 290 306
f 309 289 307
f 309 291 289
f 310 290 308
f 310 292 290
f 310 294 292
f 311 293 291
f 311 291 309
f 312 294 310
f 313 295 293
f 313 293 311
f 314 294 312
f 314 296 294
f 314 297 296
f 314 315 297
f 316 298 295
f 316 295 313
f 317 300 299
f 317 299 298
f 317 298 316
f 318 300 317
f 318 302 300
f 319 301 32
f 319 32 36
f 319 36 39
f 319 303 301
f 320 302 318
f 321 303 319
f 321 305 303
f 322 302 320
f 322 306 304
f 322 304 302
f 323 305 321
f 324 306 322
f 325 307 305
f 325 305 323
f 326 310 308
f 326 306 324
f 326 308 306
f 327 311 309
f 327 307 325
f 327 309 307
f 328 310 326
f 329 311 327
f 330 314 312
f 330 312 310
f 330 310 328
f 331 311 329
f 331 313 311
f 332 315 314
f 332 314 330
f 332 333 315
f 334 316 313
f 334 313 331
f 335 317 316
f 335 316 334
f 336 318 317
f 336 317 335
f 337 321 319
f 337 319 39
f 338 320 318
f 338 318 336
f 339 321 337
f 340 322 320
f 340 320 338
f 341 321 339
f 341 323 321
f 342 322 340
f 342 324 322
f 343 325 323
f 343 323 341
f 344 326 324
f 344 324 342
f 345 327 325
f 345 325 343
f 346 328 326
f 346 326 344
f 347 329 327
f 347 327 345
f 348 330 328
f 348 328 346
f 349 331 329
f 349 329 347
f 350 332 330
f 350 333 332
f 350 351 333
f 350 330 348
f 352 334 331
f 352 331 349
f 353 334 352
f 353 335 334
f 354 336 335
f 354 335 353
f 355 39 40
f 355 337 39
f 356 338 336
f 356 336 354
f 357 339 337
f 357 341 339
f 357 337 355
f 358 338 356
f 358 340 338
f 359 341 357
f 360 342 340
f 360 340 358
f 361 341 359
f 361 343 341
f 361 345 343
f 362 342 360
f 362 344 342
f 363 345 361
f 363 347 345
f 364 344 362
f 364 346 344
f 365 347 363
f 366 350 348
f 366 348 346
f 366 346 364
f 367 349 347
f 367 347 365
f 368 351 350
f 368 350 366
f 368 369 351
f 370 352 349
f 370 353 352
f 370 349 367
f 371 353 370
f 372 354 353
f 372 353 371
f 373 40 44
f 373 44 45
f 373 355 40
f 373 357 355
f 374 356 354
f 374 354 372
f 375 359 357
f 375 357 373
f 376 358 356
f 376 356 374
f 377 359 375
f 378 360 358
f 378 358 376
f 379 363 361
f 379 359 377
f 379 361 359
f 380 362 360
f 380 360 378
f 381 363 379
f 382 364 362
f 382 362 380
f 383 365 363
f 383 363 381
f 384 366 364
f 384 364 382
f 385 365 383
f 385 367 365
f 386 368 366
f 386 369 368
f 386 387 369
f 386 366 384
f 388 367 385
f 388 370 367
f 389 371 370
f 389 370 388
f 390 372 371
f 390 371 389
f 391 45 49
f 391 373 45
f 392 372 390
f 392 374 372
f 393 373 391
f 393 375 373
f 394 376 374
f 394 374 392
f 395 375 393
f 395 377 375
f 396 376 394
f 396 378 376
f 397 377 395
f 397 379 377
f 397 381 379
f 398 378 396
f 398 380 378
f 399 381 397
f 399 383 381
f 400 382 380
f 400 380 398
f 401 383 399
f 402 384 382
f 402 382 400
f 403 385 383
f 403 383 401
f 404 386 384
f 404 387 386
f 404 384 402
f 404 405 387
f 404 406 405
f 407 388 385
f 407 389 388
f 407 385 403
f 408 390 389
f 408 389 407
f 409 390 408
f 410 393 391
f 410 391 49
f 411 392 390
f 411 390 409
f 412 395 393
f 412 393 410
f 413 394 392
f 413 396 394
f 413 392 411
f 414 395 412
f 415 398 396
f 415 396 413
f 416 397 395
f 416 399 397
f 416 395 414
f 417 398 415
f 418 399 416
f 418 401 399
f 419 398 417
f 419 400 398
f 420 401 418
f 421 402 400
f 421 400 419
f 422 403 401
f 422 401 420
f 423 402 421
f 423 404 402
f 423 406 404
f 424 403 422
f 424 407 403
f 425 408 407
f 425 409 408
f 425 407 424
f 426 409 425
f 427 410 49
f 427 49 50
f 428 411 409
f 428 409 426
f 429 412 410
f 429 414 412
f 429 410 427
f 430 411 428
f 430 413 411
f 430 415 413
f 431 414 429
f 432 415 430
f 433 414 431
f 433 416 414
f 434 415 432
f 434 417 415
f 435 416 433
f 435 418 416
f 436 417 434
f 436 419 417
f 437 418 435
f 437 420 418
f 438 421 419
f 438 423 421
f 438 419 436
f 439 422 420
f 439 420 437
f 440 406 423
f 440 441 406
f 440 423 438
f 442 424 422
f 442 422 439
f 443 425 424
f 443 424 442
f 444 426 425
f 444 425 443
f 445 429 427
f 445 427 50
f 445 50 54
f 446 428 426
f 446 426 444
f 447 429 445
f 448 430 428
f 448 428 446
f 449 429 447
f 449 431 429
f 450 430 448
f 450 432 430
f 451 433 431
f 451 431 449
f 452 434 432
f 452 432 450
f 453 435 433
f 453 433 451
f 454 436 434
f 454 438 436
f 454 434 452
f 455 437 435
f 455 435 453
f 456 438 454
f 457 439 437
f 457 437 455
f 458 438 456
f 458 440 438
f 458 441 440
f 458 459 441
f 460 439 457
f 460 443 442
f 460 442 439
f 461 443 460
f 462 444 443
f 462 443 461
f 463 445 54
f 463 54 55
f 463 447 445
f 464 444 462
f 464 446 444
f 465 447 463
f 465 449 447
f 466 448 446
f 466 446 464
f 467 449 465
f 468 448 466
f 468 450 448
f 469 449 467
f 469 451 449
f 469 453 451
f 470 450 468
f 470 452 450
f 471 453 469
f 472 454 452
f 472 452 470
f 473 455 453
f 473 453 471
f 474 454 472
f 474 456 454
f 475 460 457
f 475 457 455
f 475 455 473
f 476 458 456
f 476 459 458
f 476 456 474
f 476 477 459
f 478 461 460
f 478 460 475
f 479 461 478
f 480 462 461
f 480 461 479
f 481 463 55
f 481 55 59
f 482 464 462
f 482 462 480
f 483 463 481
f 483 465 463
f 484 466 464
f 484 464 482
f 485 465 483
f 485 467 465
f 486 468 466
f 486 470 468
f 486 466 484
f 487 469 467
f 487 467 485
f 488 472 470
f 488 470 486
f 489 471 469
f 489 469 487
f 490 472 488
f 491 471 489
f 491 473 471
f 492 472 490
f 492 474 472
f 492 476 474
f 493 473 491
f 493 475 473
f 494 476 492
f 494 477 476
f 494 495 477
f 494 496 495
f 497 478 475
f 497 479 478
f 497 475 493
f 498 479 497
f 499 480 479
f 499 479 498
f 500 481 59
f 500 59 60
f 500 483 481
f 501 480 499
f 501 482 480
f 502 483 500
f 503 484 482
f 503 482 501
f 504 483 502
f 504 485 483
f 505 484 503
f 505 486 484
f 506 485 504
f 506 487 485
f 507 486 505
f 507 488 486
f 508 487 506
f 508 489 487
f 509 490 488
f 509 488 507
f 510 493 491
f 510 489 508
f 510 491 489
f 511 492 490
f 511 490 509
f 512 493 510
f 513 496 494
f 513 492 511
f 513 494 492
f 514 497 493
f 514 498 497
f 514 493 512
f 515 499 498
f 515 498 514
f 516 499 515
f 517 502 500
f 517 500 60
f 517 60 64
f 518 499 516
f 518 501 499
f 519 502 517
f 520 505 503
f 520 501 518
f 520 503 501
f 521 502 519
f 521 504 502
f 522 505 520
f 523 506 504
f 523 504 521
f 524 507 505
f 524 509 507
f 524 505 522
f 525 510 508
f 525 508 506
f 525 506 523
f 526 509 524
f 527 512 510
f 527 510 525
f 528 511 509
f 528 513 511
f 528 509 526
f 529 512 527
f 530 513 528
f 530 531 496
f 530 532 531
f 530 496 513
f 533 512 529
f 533 514 512
f 534 515 514
f 534 516 515
f 534 514 533
f 535 516 534
f 536 517 64
f 536 64 65
f 536 65 71
f 537 516 535
f 537 518 516
f 538 519 517
f 538 517 536
f 539 520 518
f 539 522 520
f 539 518 537
f 540 519 538
f 540 521 519
f 541 522 539
f 542 525 523
f 542 521 540
f 542 523 521
f 543 522 541
f 543 524 522
f 544 525 542
f 545 524 543
f 545 526 524
f 546 525 544
f 546 527 525
f 547 528 526
f 547 526 545
f 548 527 546
f 548 529 527
f 549 530 528
f 549 528 547
f 549 532 530
f 549 550 532
f 551 533 529
f 551 529 548
f 552 534 533
f 552 533 551
f 553 535 534
f 553 537 535
f 553 534 552
f 554 71 72
f 554 536 71
f 555 537 553
f 556 540 538
f 556 536 554
f 556 538 536
f 557 539 537
f 557 537 555
f 558 542 540
f 558 540 556
f 559 543 541
f 559 539 557
f 559 541 539
f 560 544 542
f 560 542 558
f 561 543 559
f 562 544 560
f 563 545 543
f 563 547 545
f 563 543 561
f 564 546 544
f 564 544 562
f 565 549 547
f 565 547 563
f 566 546 564
f 566 548 546
f 567 549 565
f 567 550 549
f 568 548 566
f 568 551 548
f 568 552 551
f 569 552 568
f 570 552 569
f 570 553 552
f 571 72 70
f 571 70 572
f 571 556 554
f 571 554 72
f 573 553 570
f 573 555 553
f 574 572 575
f 574 575 576
f 574 556 571
f 574 571 572
f 574 558 556
f 577 557 555
f 577 555 573
f 578 558 574
f 578 574 576
f 579 557 577
f 579 559 557
f 580 576 581
f 580 578 576
f 580 558 578
f 580 560 558
f 582 559 579
f 582 561 559
f 583 562 560
f 583 580 581
f 583 564 562
f 583 560 580
f 583 581 584
f 583 584 585
f 586 563 561
f 586 561 582
f 587 583 585
f 587 564 583
f 588 565 563
f 588 563 586
f 589 564 587
f 589 585 590
f 589 587 585
f 589 566 564
f 591 567 565
f 591 550 567
f 591 565 588
f 591 592 550
f 593 568 566
f 593 569 568
f 593 589 590
f 593 590 594
f 593 594 595
f 593 566 589
f 596 569 593
f 596 593 595
f 597 570 569
f 597 573 570
f 597 595 598
f 597 569 596
f 597 596 595
f 599 573 597
f 599 598 600
f 599 600 601
f 599 597 598
f 602 573 599
f 602 599 601
f 602 577 573
f 603 582 579
f 603 579 577
f 603 601 604
f 603 577 602
f 603 602 601
f 605 604 606
f 605 603 604
f 605 582 603
f 607 606 608
f 607 608 609
f 607 586 582
f 607 588 586
f 607 582 605
f 607 605 606
f 610 607 609
f 610 591 588
f 610 588 607
f 611 609 612
f 611 612 613
f 611 592 591
f 611 614 592
f 611 613 614
f 611 610 609
f 611 591 610
f 615 616 617
f 618 619 620
f 621 622 623
f 623 622 624
f 625 626 621
f 621 626 622
f 627 628 625
f 625 628 626
f 629 630 627
f 627 630 628
f 631 632 629
f 629 632 630
f 633 634 631
f 631 634 632
f 635 636 633
f 633 636 634
f 637 638 635
f 635 638 636
f 637 639 638
f 640 639 637
f 641 642 640
f 640 642 639
f 643 644 641
f 641 644 642
f 645 646 643
f 643 646 644
f 645 647 646
f 648 647 645
f 648 649 647
f 650 649 648
f 650 651 649
f 652 651 650
f 652 653 651
f 654 653 652
f 654 655 653
f 656 655 654
f 656 657 655
f 658 657 656
f 659 660 661
f 658 660 657
f 662 660 658
f 661 660 662
f 622 663 624
f 624 663 664
f 622 665 663
f 626 665 622
f 628 666 626
f 626 666 665
f 628 667 666
f 630 667 628
f 630 668 667
f 632 668 630
f 632 669 668
f 634 669 632
f 636 670 634
f 634 670 669
f 638 670 636
f 638 671 670
f 639 672 638
f 642 672 639
f 638 672 671
f 642 673 672
f 644 674 642
f 642 674 673
f 646 675 644
f 644 675 674
f 647 676 646
f 646 676 675
f 649 677 647
f 647 677 676
f 651 678 649
f 649 678 677
f 653 679 651
f 651 679 678
f 655 680 653
f 653 680 679
f 660 681 657
f 657 681 655
f 655 681 680
f 682 683 659
f 659 683 660
f 660 683 681
f 663 684 664
f 664 684 685
f 665 686 663
f 663 686 684
f 665 687 686
f 666 687 665
f 667 688 666
f 666 688 687
f 667 689 688
f 668 689 667
f 668 690 689
f 669 690 668
f 669 691 690
f 670 691 669
f 672 692 671
f 670 692 691
f 671 692 670
f 672 693 692
f 672 694 693
f 673 694 672
f 674 695 673
f 673 695 694
f 675 696 674
f 674 696 695
f 675 697 696
f 676 697 675
f 676 698 697
f 677 698 676
f 677 699 698
f 678 699 677
f 678 700 699
f 679 700 678
f 679 701 700
f 680 701 679
f 681 702 680
f 680 702 701
f 682 703 683
f 681 703 702
f 704 703 682
f 683 703 681
f 686 705 684
f 685 705 706
f 684 705 685
f 686 707 705
f 687 708 686
f 686 708 707
f 688 709 687
f 687 709 708
f 689 710 688
f 688 710 709
f 690 711 689
f 689 711 710
f 692 712 691
f 691 712 690
f 690 712 711
f 692 713 712
f 693 714 692
f 692 714 713
f 693 715 714
f 694 715 693
f 695 716 694
f 696 716 695
f 694 716 715
f 696 717 716
f 696 718 717
f 697 718 696
f 698 719 697
f 697 719 718
f 700 720 699
f 698 720 719
f 699 720 698
f 700 721 720
f 700 722 721
f 701 722 700
f 701 723 722
f 702 723 701
f 703 723 702
f 703 724 723
f 704 724 703
f 725 724 704
f 705 726 706
f 706 726 727
f 707 728 705
f 705 728 726
f 707 729 728
f 708 729 707
f 708 730 729
f 709 730 708
f 709 731 730
f 710 731 709
f 711 732 710
f 710 732 731
f 711 733 732
f 712 733 711
f 712 734 733
f 713 734 712
f 713 735 734
f 714 735 713
f 714 736 735
f 715 736 714
f 715 737 736
f 716 737 715
f 716 738 737
f 717 738 716
f 717 739 738
f 718 739 717
f 719 740 718
f 718 740 739
f 721 741 720
f 719 741 740
f 720 741 719
f 721 742 741
f 722 743 721
f 721 743 742
f 723 744 722
f 722 744 743
f 724 745 723
f 725 745 724
f 746 745 725
f 723 745 744
f 727 747 748
f 726 747 727
f 728 749 726
f 726 749 747
f 729 750 728
f 728 750 749
f 730 751 729
f 729 751 750
f 731 752 730
f 730 752 751
f 733 753 732
f 732 753 731
f 731 753 752
f 733 754 753
f 734 755 733
f 735 755 734
f 733 755 754
f 735 756 755
f 737 757 736
f 735 757 756
f 736 757 735
f 737 758 757
f 738 759 737
f 737 759 758
f 738 760 759
f 739 760 738
f 740 760 739
f 740 761 760
f 740 762 761
f 741 762 740
f 742 763 741
f 741 763 762
f 742 764 763
f 743 764 742
f 744 764 743
f 744 765 764
f 744 766 765
f 767 766 746
f 746 766 745
f 745 766 744
f 748 768 769
f 747 768 748
f 749 770 747
f 747 770 768
f 749 771 770
f 750 771 749
f 751 772 750
f 750 772 771
f 751 773 772
f 752 773 751
f 753 774 752
f 752 774 773
f 753 775 774
f 754 775 753
f 754 776 775
f 755 776 754
f 755 777 776
f 756 777 755
f 756 778 777
f 757 778 756
f 758 779 757
f 757 779 778
f 759 780 758
f 758 780 779
f 760 781 759
f 759 781 780
f 761 782 760
f 762 782 761
f 760 782 781
f 762 783 782
f 763 784 762
f 762 784 783
f 764 785 763
f 763 785 784
f 765 786 764
f 766 786 765
f 764 786 785
f 767 787 766
f 788 787 767
f 766 787 786
f 770 789 768
f 769 789 790
f 768 789 769
f 770 791 789
f 772 792 771
f 770 792 791
f 771 792 770
f 773 793 772
f 772 793 792
f 773 794 793
f 774 795 773
f 773 795 794
f 775 796 774
f 776 796 775
f 774 796 795
f 776 797 796
f 776 798 797
f 778 798 777
f 777 798 776
f 778 799 798
f 779 800 778
f 778 800 799
f 779 801 800
f 780 801 779
f 781 802 780
f 780 802 801
f 781 803 802
f 782 803 781
f 782 804 803
f 783 804 782
f 784 805 783
f 783 805 804
f 784 806 805
f 785 806 784
f 786 806 785
f 786 807 806
f 787 807 786
f 787 808 807
f 809 808 788
f 810 808 809
f 788 808 787
f 790 811 812
f 789 811 790
f 789 813 811
f 791 813 789
f 792 813 791
f 792 814 813
f 792 815 814
f 793 815 792
f 793 816 815
f 794 816 793
f 794 817 816
f 795 817 794
f 795 818 817
f 796 818 795
f 797 819 796
f 796 819 818
f 798 820 797
f 797 820 819
f 799 821 798
f 798 821 820
f 800 822 799
f 799 822 821
f 801 823 800
f 802 823 801
f 800 823 822
f 802 824 823
f 803 825 802
f 802 825 824
f 803 826 825
f 804 826 803
f 805 827 804
f 804 827 826
f 806 828 805
f 807 828 806
f 805 828 827
f 807 829 828
f 810 830 808
f 807 830 829
f 808 830 807
f 812 831 832
f 811 831 812
f 813 833 811
f 811 833 831
f 813 834 833
f 814 834 813
f 815 835 814
f 814 835 834
f 815 836 835
f 816 836 815
f 816 837 836
f 817 837 816
f 817 838 837
f 818 838 817
f 818 839 838
f 819 839 818
f 819 840 839
f 820 840 819
f 821 841 820
f 820 841 840
f 822 842 821
f 821 842 841
f 822 843 842
f 823 843 822
f 824 843 823
f 824 844 843
f 824 845 844
f 825 845 824
f 825 846 845
f 826 846 825
f 826 847 846
f 827 847 826
f 827 848 847
f 828 848 827
f 828 849 848
f 829 849 828
f 830 849 829
f 830 850 849
f 851 850 810
f 852 850 851
f 810 850 830
f 832 853 854
f 833 853 831
f 831 853 832
f 834 855 833
f 833 855 853
f 834 856 855
f 835 857 834
f 836 857 835
f 834 857 856
f 836 858 857
f 837 859 836
f 838 859 837
f 836 859 858
f 838 860 859
f 839 861 838
f 840 861 839
f 838 861 860
f 841 862 840
f 840 862 861
f 841 863 862
f 841 864 863
f 842 864 841
f 843 865 842
f 842 865 864
f 844 866 843
f 843 866 865
f 845 867 844
f 846 867 845
f 844 867 866
f 846 868 867
f 847 869 846
f 846 869 868
f 848 870 847
f 847 870 869
f 848 871 870
f 849 871 848
f 849 872 871
f 850 872 849
f 852 872 850
f 854 873 874
f 853 873 854
f 855 875 853
f 853 875 873
f 856 875 855
f 856 876 875
f 856 877 876
f 857 877 856
f 857 878 877
f 858 878 857
f 860 879 859
f 858 879 878
f 859 879 858
f 860 880 879
f 861 881 860
f 862 881 861
f 860 881 880
f 862 882 881
f 864 883 863
f 862 883 882
f 863 883 862
f 864 884 883
f 864 885 884
f 865 885 864
f 865 886 885
f 866 886 865
f 867 886 866
f 867 887 886
f 868 888 867
f 867 888 887
f 869 889 868
f 868 889 888
f 870 889 869
f 870 890 889
f 871 891 870
f 870 891 890
f 871 892 891
f 872 892 871
f 852 892 872
f 893 892 852
f 874 894 895
f 873 894 874
f 876 896 875
f 875 896 873
f 873 896 894
f 877 897 876
f 876 897 896
f 877 898 897
f 879 899 878
f 878 899 877
f 877 899 898
f 879 900 899
f 880 901 879
f 879 901 900
f 880 902 901
f 881 902 880
f 882 903 881
f 883 903 882
f 881 903 902
f 883 904 903
f 883 905 904
f 884 905 883
f 885 906 884
f 884 906 905
f 886 907 885
f 887 907 886
f 885 907 906
f 887 908 907
f 887 909 908
f 888 909 887
f 888 910 909
f 889 910 888
f 889 911 910
f 890 911 889
f 891 911 890
f 891 912 911
f 891 913 912
f 892 913 891
f 893 913 892
f 914 913 893
f 895 915 916
f 896 915 894
f 894 915 895
f 896 917 915
f 896 918 917
f 897 918 896
f 898 919 897
f 897 919 918
f 898 920 919
f 899 920 898
f 899 921 920
f 900 921 899
f 901 921 900
f 901 922 921
f 901 923 922
f 902 923 901
f 902 924 923
f 903 924 902
f 903 925 924
f 904 925 903
f 904 926 925
f 905 926 904
f 906 927 905
f 905 927 926
f 906 928 927
f 907 928 906
f 908 929 907
f 907 929 928
f 909 930 908
f 908 930 929
f 910 931 909
f 909 931 930
f 911 932 910
f 910 932 931
f 912 933 911
f 911 933 932
f 913 934 912
f 914 934 913
f 935 934 914
f 912 934 933
f 916 936 937
f 915 936 916
f 917 936 915
f 917 938 936
f 918 939 917
f 919 939 918
f 917 939 938
f 919 940 939
f 920 941 919
f 921 941 920
f 919 941 940
f 921 942 941
f 922 943 921
f 923 943 922
f 921 943 942
f 923 944 943
f 924 945 923
f 923 945 944
f 925 946 924
f 924 946 945
f 926 947 925
f 925 947 946
f 926 948 947
f 927 948 926
f 928 949 927
f 929 949 928
f 927 949 948
f 929 950 949
f 929 951 950
f 930 951 929
f 930 952 951
f 931 952 930
f 932 952 931
f 932 953 952
f 933 954 932
f 932 954 953
f 933 955 954
f 956 955 935
f 957 955 956
f 935 955 934
f 934 955 933
f 937 958 959
f 936 958 937
f 938 958 936
f 938 960 958
f 938 961 960
f 940 961 939
f 939 961 938
f 940 962 961
f 941 963 940
f 940 963 962
f 943 964 942
f 941 964 963
f 942 964 941
f 943 965 964
f 944 966 943
f 943 966 965
f 945 967 944
f 946 967 945
f 944 967 966
f 946 968 967
f 947 969 946
f 948 969 947
f 946 969 968
f 948 970 969
f 949 971 948
f 950 971 949
f 948 971 970
f 950 972 971
f 951 973 950
f 950 973 972
f 952 974 951
f 951 974 973
f 953 975 952
f 954 975 953
f 952 975 974
f 954 976 975
f 957 977 955
f 955 977 954
f 978 977 957
f 954 977 976
f 960 979 958
f 959 979 980
f 958 979 959
f 960 981 979
f 960 982 981
f 962 982 961
f 961 982 960
f 963 983 962
f 962 983 982
f 963 984 983
f 964 984 963
f 964 985 984
f 964 986 985
f 966 986 965
f 965 986 964
f 966 987 986
f 966 988 987
f 967 988 966
f 968 989 967
f 969 989 968
f 967 989 988
f 969 990 989
f 969 991 990
f 970 991 969
f 971 991 970
f 971 992 991
f 973 993 972
f 972 993 971
f 971 993 992
f 973 994 993
f 973 995 994
f 974 995 973
f 974 996 995
f 975 996 974
f 975 997 996
f 976 997 975
f 976 998 997
f 978 998 977
f 977 998 976
f 979 999 980
f 980 999 1000
f 979 1001 999
f 981 1001 979
f 983 1002 982
f 981 1002 1001
f 982 1002 981
f 984 1003 983
f 983 1003 1002
f 985 1004 984
f 984 1004 1003
f 985 1005 1004
f 986 1006 985
f 985 1006 1005
f 987 1007 986
f 986 1007 1006
f 988 1008 987
f 987 1008 1007
f 989 1009 988
f 988 1009 1008
f 990 1010 989
f 989 1010 1009
f 991 1011 990
f 990 1011 1010
f 992 1012 991
f 991 1012 1011
f 992 1013 1012
f 993 1013 992
f 994 1014 993
f 993 1014 1013
f 995 1015 994
f 996 1015 995
f 994 1015 1014
f 996 1016 1015
f 997 1017 996
f 996 1017 1016
f 997 1018 1017
f 998 1018 997
f 978 1018 998
f 1019 1018 978
f 1020 1018 1019
f 1000 1021 1022
f 999 1021 1000
f 1001 1023 999
f 999 1023 1021
f 1001 1024 1023
f 1002 1024 1001
f 1003 1025 1002
f 1002 1025 1024
f 1003 1026 1025
f 1004 1026 1003
f 1004 1027 1026
f 1005 1027 1004
f 1006 1028 1005
f 1005 1028 1027
f 1006 1029 1028
f 1007 1029 1006
f 1007 1030 1029
f 1008 1030 1007
f 1009 1030 1008
f 1009 1031 1030
f 1009 1032 1031
f 1010 1032 1009
f 1010 1033 1032
f 1011 1033 1010
f 1011 1034 1033
f 1012 1034 1011
f 1013 1035 1012
f 1012 1035 1034
f 1013 1036 1035
f 1014 1036 1013
f 1014 1037 1036
f 1016 1037 1015
f 1015 1037 1014
f 1016 1038 1037
f 1018 1039 1017
f 1016 1039 1038
f 1017 1039 1016
f 1018 1040 1039
f 1020 1040 1018
f 1021 1041 1022
f 1022 1041 1042
f 1023 1043 1021
f 1021 1043 1041
f 1024 1044 1023
f 1023 1044 1043
f 1025 1045 1024
f 1024 1045 1044
f 1026 1046 1025
f 1025 1046 1045
f 1027 1047 1026
f 1026 1047 1046
f 1027 1048 1047
f 1028 1048 1027
f 1029 1049 1028
f 1028 1049 1048
f 1029 1050 1049
f 1030 1050 1029
f 1031 1051 1030
f 1030 1051 1050
f 1031 1052 1051
f 1033 1052 1032
f 1032 1052 1031
f 1034 1053 1033
f 1033 1053 1052
f 1034 1054 1053
f 1034 1055 1054
f 1035 1055 1034
f 1036 1056 1035
f 1035 1056 1055
f 1036 1057 1056
f 1037 1057 1036
f 1037 1058 1057
f 1038 1058 1037
f 1039 1059 1038
f 1038 1059 1058
f 1040 1059 1039
f 1040 1060 1059
f 1020 1060 1040
f 1061 1060 1020
f 1062 1060 1061
f 1042 1063 1064
f 1041 1063 1042
f 1043 1063 1041
f 1043 1065 1063
f 1045 1066 1044
f 1043 1066 1065
f 1044 1066 1043
f 1045 1067 1066
f 1046 1068 1045
f 1045 1068 1067
f 1047 1068 1046
f 1047 1069 1068
f 1047 1070 1069
f 1048 1070 1047
f 1049 1071 1048
f 1048 1071 1070
f 1049 1072 1071
f 1050 1072 1049
f 1050 1073 1072
f 1052 1073 1051
f 1051 1073 1050
f 1052 1074 1073
f 1052 1075 1074
f 1053 1075 1052
f 1055 1076 1054
f 1054 1076 1053
f 1053 1076 1075
f 1055 1077 1076
f 1057 1078 1056
f 1055 1078 1077
f 1056 1078 1055
f 1057 1079 1078
f 1057 1080 1079
f 1058 1080 1057
f 1059 1081 1058
f 1058 1081 1080
f 1060 1082 1059
f 1062 1082 1060
f 1059 1082 1081
f 1083 1082 1062
f 1063 1084 1064
f 1064 1084 1085
f 1065 1086 1063
f 1063 1086 1084
f 1067 1087 1066
f 1065 1087 1086
f 1066 1087 1065
f 1068 1088 1067
f 1067 1088 1087
f 1068 1089 1088
f 1069 1090 1068
f 1068 1090 1089
f 1070 1091 1069
f 1069 1091 1090
f 1071 1092 1070
f 1070 1092 1091
f 1072 1093 1071
f 1073 1093 1072
f 1071 1093 1092
f 1073 1094 1093
f 1073 1095 1094
f 1074 1095 1073
f 1075 1096 1074
f 1076 1096 1075
f 1074 1096 1095
f 1076 1097 1096
f 1077 1098 1076
f 1078 1098 1077
f 1076 1098 1097
f 1078 1099 1098
f 1078 1100 1099
f 1079 1100 1078
f 1079 1101 1100
f 1080 1101 1079
f 1081 1102 1080
f 1080 1102 1101
f 1081 1103 1102
f 1082 1103 1081
f 1083 1103 1082
f 1104 1103 1083
f 1084 1105 1085
f 1085 1105 1106
f 1086 1107 1084
f 1084 1107 1105
f 1086 1108 1107
f 1087 1108 1086
f 1088 1108 1087
f 1088 1109 1108
f 1089 1109 1088
f 1089 1110 1109
f 1090 1110 1089
f 1090 1111 1110
f 1090 1112 1111
f 1091 1112 1090
f 1092 1113 1091
f 1093 1113 1092
f 1091 1113 1112
f 1093 1114 1113
f 1094 1115 1093
f 1093 1115 1114
f 1095 1116 1094
f 1094 1116 1115
f 1096 1117 1095
f 1095 1117 1116
f 1097 1118 1096
f 1098 1118 1097
f 1096 1118 1117
f 1098 1119 1118
f 1099 1120 1098
f 1098 1120 1119
f 1100 1121 1099
f 1101 1121 1100
f 1099 1121 1120
f 1101 1122 1121
f 1102 1123 1101
f 1101 1123 1122
f 1103 1124 1102
f 1104 1124 1103
f 1102 1124 1123
f 1106 1125 1126
f 1105 1125 1106
f 1105 1127 1125
f 1107 1127 1105
f 1107 1128 1127
f 1108 1128 1107
f 1108 1129 1128
f 1109 1129 1108
f 1110 1130 1109
f 1109 1130 1129
f 1111 1131 1110
f 1110 1131 1130
f 1112 1132 1111
f 1111 1132 1131
f 1112 1133 1132
f 1113 1133 1112
f 1114 1134 1113
f 1113 1134 1133
f 1114 1135 1134
f 1115 1135 1114
f 1115 1136 1135
f 1116 1136 1115
f 1117 1137 1116
f 1116 1137 1136
f 1118 1138 1117
f 1117 1138 1137
f 1118 1139 1138
f 1119 1139 1118
f 1120 1140 1119
f 1119 1140 1139
f 1120 1141 1140
f 1121 1141 1120
f 1122 1142 1121
f 1121 1142 1141
f 1122 1143 1142
f 1123 1143 1122
f 1123 1144 1143
f 1145 1144 1104
f 1146 1144 1145
f 1104 1144 1124
f 1124 1144 1123
f 1126 1147 1148
f 1125 1147 1126
f 1127 1147 1125
f 1127 1149 1147
f 1127 1150 1149
f 1128 1150 1127
f 1130 1151 1129
f 1129 1151 1128
f 1128 1151 1150
f 1131 1152 1130
f 1130 1152 1151
f 1131 1153 1152
f 1132 1153 1131
f 1132 1154 1153
f 1133 1155 1132
f 1132 1155 1154
f 1134 1156 1133
f 1133 1156 1155
f 1135 1157 1134
f 1134 1157 1156
f 1136 1158 1135
f 1135 1158 1157
f 1137 1159 1136
f 1138 1159 1137
f 1136 1159 1158
f 1138 1160 1159
f 1139 1161 1138
f 1140 1161 1139
f 1138 1161 1160
f 1140 1162 1161
f 1141 1163 1140
f 1142 1163 1141
f 1140 1163 1162
f 1142 1164 1163
f 1143 1165 1142
f 1142 1165 1164
f 1143 1166 1165
f 1146 1166 1144
f 1144 1166 1143
f 1148 1167 1168
f 1147 1167 1148
f 1149 1169 1147
f 1147 1169 1167
f 1149 1170 1169
f 1150 1170 1149
f 1150 1171 1170
f 1151 1171 1150
f 1152 1172 1151
f 1151 1172 1171
f 1153 1173 1152
f 1152 1173 1172
f 1153 1174 1173
f 1154 1174 1153
f 1154 1175 1174
f 1155 1175 1154
f 1155 1176 1175
f 1156 1176 1155
f 1157 1177 1156
f 1158 1177 1157
f 1156 1177 1176
f 1158 1178 1177
f 1158 1179 1178
f 1159 1179 1158
f 1160 1179 1159
f 1160 1180 1179
f 1160 1181 1180
f 1161 1181 1160
f 1162 1182 1161
f 1161 1182 1181
f 1162 1183 1182
f 1163 1183 1162
f 1163 1184 1183
f 1164 1184 1163
f 1164 1185 1184
f 1165 1185 1164
f 1146 1186 1166
f 1165 1186 1185
f 1187 1186 1146
f 1188 1186 1187
f 1166 1186 1165
f 1168 1189 1190
f 1169 1189 1167
f 1167 1189 1168
f 1169 1191 1189
f 1170 1192 1169
f 1169 1192 1191
f 1171 1193 1170
f 1170 1193 1192
f 1172 1194 1171
f 1171 1194 1193
f 1173 1195 1172
f 1174 1195 1173
f 1172 1195 1194
f 1174 1196 1195
f 1175 1197 1174
f 1174 1197 1196
f 1176 1198 1175
f 1175 1198 1197
f 1177 1199 1176
f 1176 1199 1198
f 1178 1200 1177
f 1177 1200 1199
f 1179 1201 1178
f 1178 1201 1200
f 1180 1202 1179
f 1179 1202 1201
f 1181 1203 1180
f 1182 1203 1181
f 1180 1203 1202
f 1182 1204 1203
f 1182 1205 1204
f 1183 1205 1182
f 1183 1206 1205
f 1184 1206 1183
f 1184 1207 1206
f 1185 1207 1184
f 1186 1208 1185
f 1185 1208 1207
f 1188 1208 1186
f 1191 1209 1189
f 1190 1209 615
f 616 1209 1210
f 1189 1209 1190
f 615 1209 616
f 1210 1211 1212
f 1209 1211 1210
f 1191 1211 1209
f 1191 1213 1211
f 1192 1213 1191
f 1211 1213 1212
f 1192 1214 1213
f 1212 1214 1215
f 1215 1214 1216
f 1193 1214 1192
f 1194 1214 1193
f 1213 1214 1212
f 1194 1217 1214
f 1214 1217 1216
f 1217 1218 1216
f 1216 1218 1219
f 1194 1218 1217
f 1195 1218 1194
f 1196 1218 1195
f 1196 1220 1218
f 1219 1220 1221
f 1218 1220 1219
f 1220 1222 1221
f 1197 1222 1196
f 1196 1222 1220
f 1221 1222 1223
f 1198 1222 1197
f 1223 1224 1225
f 1222 1224 1223
f 1198 1224 1222
f 1224 1226 1225
f 1198 1226 1224
f 1225 1226 1227
f 1199 1226 1198
f 1199 1228 1226
f 1227 1228 1229
f 1200 1228 1199
f 1201 1228 1200
f 1226 1228 1227
f 1228 1230 1229
f 1201 1230 1228
f 1229 1230 1231
f 1202 1232 1201
f 1201 1232 1230
f 1231 1232 1233
f 1230 1232 1231
f 1203 1232 1202
f 1203 1234 1232
f 1233 1234 1235
f 1232 1234 1233
f 1204 1236 1203
f 1234 1236 1235
f 1203 1236 1234
f 1235 1236 1237
f 1205 1238 1204
f 1206 1238 1205
f 1204 1238 1236
f 1237 1238 1239
f 1236 1238 1237
f 1206 1240 1238
f 1239 1240 1241
f 1238 1240 1239
f 1207 1242 1206
f 1241 1242 1243
f 1206 1242 1240
f 1240 1242 1241
f 1208 1244 1207
f 1188 1244 1208
f 1243 1244 620
f 1207 1244 1242
f 1242 1244 1243
f 618 1244 1188
f 620 1244 618
f 1245 661 662
f 616 1246 617
f 617 1246 1247
f 1210 1248 616
f 616 1248 1246
f 1212 1249 1210
f 1210 1249 1248
f 1215 1250 1212
f 1212 1250 1249
f 1216 1251 1215
f 1215 1251 1250
f 1219 1252 1216
f 1216 1252 1251
f 1221 1253 1219
f 1219 1253 1252
f 1223 1254 1221
f 1221 1254 1253
f 1223 1255 1254
f 1225 1255 1223
f 1227 1256 1225
f 1225 1256 1255
f 1229 1257 1227
f 1227 1257 1256
f 1231 1258 1229
f 1229 1258 1257
f 1231 1259 1258
f 1233 1259 1231
f 1233 1260 1259
f 1235 1260 1233
f 1235 1261 1260
f 1237 1261 1235
f 1237 1262 1261
f 1239 1262 1237
f 1239 1263 1262
f 1241 1263 1239
f 1241 1264 1263
f 1243 1264 1241
f 1265 1266 619
f 1243 1266 1264
f 620 1266 1243
f 619 1266 620
f 1246 1267 1247
f 1247 1267 1268
f 1246 1269 1267
f 1248 1269 1246
f 1249 1270 1248
f 1248 1270 1269
f 1249 1271 1270
f 1250 1271 1249
f 1250 1272 1271
f 1251 1272 1250
f 1251 1273 1272
f 1252 1273 1251
f 1253 1274 1252
f 1252 1274 1273
f 1253 1275 1274
f 1254 1275 1253
f 1255 1276 1254
f 1254 1276 1275
f 1256 1277 1255
f 1255 1277 1276
f 1257 1278 1256
f 1256 1278 1277
f 1258 1279 1257
f 1257 1279 1278
f 1258 1280 1279
f 1259 1280 1258
f 1260 1281 1259
f 1259 1281 1280
f 1261 1282 1260
f 1260 1282 1281
f 1261 1283 1282
f 1262 1283 1261
f 1263 1284 1262
f 1262 1284 1283
f 1264 1285 1263
f 1263 1285 1284
f 1265 1286 1266
f 1287 1286 1265
f 1266 1286 1264
f 1264 1286 1285
f 1267 1288 1268
f 1268 1288 1289
f 1267 1290 1288
f 1269 1290 1267
f 1270 1291 1269
f 1269 1291 1290
f 1270 1292 1291
f 1271 1292 1270
f 1272 1293 1271
f 1271 1293 1292
f 1272 1294 1293
f 1273 1294 1272
f 1273 1295 1294
f 1274 1295 1273
f 1274 1296 1295
f 1275 1296 1274
f 1276 1297 1275
f 1275 1297 1296
f 1277 1298 1276
f 1276 1298 1297
f 1277 1299 1298
f 1278 1299 1277
f 1278 1300 1299
f 1279 1300 1278
f 1279 1301 1300
f 1280 1301 1279
f 1280 1302 1301
f 1281 1302 1280
f 1281 1303 1302
f 1282 1303 1281
f 1283 1304 1282
f 1282 1304 1303
f 1283 1305 1304
f 1284 1305 1283
f 1285 1306 1284
f 1284 1306 1305
f 1286 1307 1285
f 1287 1307 1286
f 1285 1307 1306
f 1308 1307 1287
f 1290 1309 1288
f 1289 1309 1310
f 1288 1309 1289
f 1290 1311 1309
f 1291 1311 1290
f 1291 1312 1311
f 1292 1313 1291
f 1291 1313 1312
f 1293 1314 1292
f 1292 1314 1313
f 1294 1315 1293
f 1293 1315 1314
f 1295 1316 1294
f 1294 1316 1315
f 1296 1317 1295
f 1295 1317 1316
f 1297 1318 1296
f 1296 1318 1317
f 1298 1319 1297
f 1297 1319 1318
f 1299 1320 1298
f 1300 1320 1299
f 1298 1320 1319
f 1301 1321 1300
f 1300 1321 1320
f 1302 1322 1301
f 1301 1322 1321
f 1302 1323 1322
f 1303 1324 1302
f 1302 1324 1323
f 1304 1325 1303
f 1305 1325 1304
f 1303 1325 1324
f 1305 1326 1325
f 1305 1327 1326
f 1306 1327 1305
f 1307 1327 1306
f 1307 1328 1327
f 1308 1328 1307
f 1329 1328 1308
f 1309 1330 1310
f 1310 1330 1331
f 1311 1332 1309
f 1309 1332 1330
f 1311 1333 1332
f 1312 1333 1311
f 1313 1334 1312
f 1312 1334 1333
f 1313 1335 1334
f 1314 1335 1313
f 1314 1336 1335
f 1315 1336 1314
f 1316 1337 1315
f 1315 1337 1336
f 1316 1338 1337
f 1317 1338 1316
f 1317 1339 1338
f 1318 1339 1317
f 1319 1340 1318
f 1318 1340 1339
f 1319 1341 1340
f 1320 1341 1319
f 1320 1342 1341
f 1321 1342 1320
f 1321 1343 1342
f 1322 1343 1321
f 1323 1344 1322
f 1322 1344 1343
f 1324 1345 1323
f 1323 1345 1344
f 1325 1346 1324
f 1324 1346 1345
f 1326 1347 1325
f 1325 1347 1346
f 1327 1348 1326
f 1326 1348 1347
f 1328 1349 1327
f 1329 1349 1328
f 1350 1349 1329
f 1327 1349 1348
f 1331 1351 1352
f 1330 1351 1331
f 1332 1353 1330
f 1330 1353 1351
f 1333 1354 1332
f 1332 1354 1353
f 1335 1355 1334
f 1334 1355 1333
f 1333 1355 1354
f 1335 1356 1355
f 1337 1357 1336
f 1336 1357 1335
f 1335 1357 1356
f 1337 1358 1357
f 1338 1359 1337
f 1339 1359 1338
f 1337 1359 1358
f 1339 1360 1359
f 1339 1361 1360
f 1340 1361 1339
f 1341 1361 1340
f 1341 1362 1361
f 1342 1363 1341
f 1341 1363 1362
f 1343 1364 1342
f 1342 1364 1363
f 1344 1364 1343
f 1344 1365 1364
f 1345 1365 1344
f 1345 1366 1365
f 1346 1367 1345
f 1345 1367 1366
f 1346 1368 1367
f 1347 1368 1346
f 1348 1368 1347
f 1348 1369 1368
f 1348 1370 1369
f 1371 1370 1350
f 1350 1370 1349
f 1349 1370 1348
f 1352 1372 1373
f 1351 1372 1352
f 1353 1374 1351
f 1351 1374 1372
f 1354 1375 1353
f 1353 1375 1374
f 1355 1376 1354
f 1354 1376 1375
f 1355 1377 1376
f 1356 1377 1355
f 1356 1378 1377
f 1357 1378 1356
f 1357 1379 1378
f 1358 1379 1357
f 1358 1380 1379
f 1359 1380 1358
f 1360 1381 1359
f 1359 1381 1380
f 1360 1382 1381
f 1361 1382 1360
f 1361 1383 1382
f 1362 1383 1361
f 1362 1384 1383
f 1363 1384 1362
f 1364 1385 1363
f 1363 1385 1384
f 1365 1386 1364
f 1364 1386 1385
f 1366 1387 1365
f 1365 1387 1386
f 1367 1388 1366
f 1366 1388 1387
f 1368 1389 1367
f 1367 1389 1388
f 1369 1390 1368
f 1368 1390 1389
f 1369 1391 1390
f 1370 1391 1369
f 1371 1391 1370
f 1392 1391 1371
f 1373 1393 1394
f 1374 1393 1372
f 1372 1393 1373
f 1374 1395 1393
f 1376 1396 1375
f 1374 1396 1395
f 1375 1396 1374
f 1377 1397 1376
f 1376 1397 1396
f 1377 1398 1397
f 1377 1399 1398
f 1378 1399 1377
f 1380 1400 1379
f 1379 1400 1378
f 1378 1400 1399
f 1380 1401 1400
f 1380 1402 1401
f 1381 1402 1380
f 1382 1402 1381
f 1382 1403 1402
f 1383 1404 1382
f 1382 1404 1403
f 1383 1405 1404
f 1384 1405 1383
f 1385 1405 1384
f 1385 1406 1405
f 1385 1407 1406
f 1387 1407 1386
f 1386 1407 1385
f 1387 1408 1407
f 1387 1409 1408
f 1388 1409 1387
f 1388 1410 1409
f 1389 1410 1388
f 1390 1410 1389
f 1390 1411 1410
f 1391 1411 1390
f 1391 1412 1411
f 1413 1412 1392
f 1392 1412 1391
f 1393 1414 1394
f 1394 1414 1415
f 1396 1416 1395
f 1393 1416 1414
f 1395 1416 1393
f 1396 1417 1416
f 1397 1417 1396
f 1397 1418 1417
f 1398 1419 1397
f 1397 1419 1418
f 1400 1420 1399
f 1399 1420 1398
f 1398 1420 1419
f 1400 1421 1420
f 1400 1422 1421
f 1401 1422 1400
f 1402 1423 1401
f 1401 1423 1422
f 1403 1424 1402
f 1404 1424 1403
f 1402 1424 1423
f 1404 1425 1424
f 1405 1426 1404
f 1404 1426 1425
f 1406 1427 1405
f 1405 1427 1426
f 1407 1428 1406
f 1406 1428 1427
f 1408 1429 1407
f 1407 1429 1428
f 1408 1430 1429
f 1409 1430 1408
f 1410 1430 1409
f 1410 1431 1430
f 1411 1432 1410
f 1412 1432 1411
f 1410 1432 1431
f 1413 1433 1412
f 1434 1433 1413
f 1412 1433 1432
f 1415 1435 1436
f 1414 1435 1415
f 1416 1437 1414
f 1414 1437 1435
f 1417 1438 1416
f 1416 1438 1437
f 1417 1439 1438
f 1418 1439 1417
f 1418 1440 1439
f 1419 1440 1418
f 1420 1441 1419
f 1419 1441 1440
f 1420 1442 1441
f 1421 1442 1420
f 1421 1443 1442
f 1422 1443 1421
f 1423 1444 1422
f 1422 1444 1443
f 1423 1445 1444
f 1424 1445 1423
f 1424 1446 1445
f 1425 1446 1424
f 1426 1447 1425
f 1425 1447 1446
f 1426 1448 1447
f 1427 1448 1426
f 1427 1449 1448
f 1428 1449 1427
f 1428 1450 1449
f 1429 1450 1428
f 1430 1451 1429
f 1429 1451 1450
f 1430 1452 1451
f 1431 1452 1430
f 1431 1453 1452
f 1432 1453 1431
f 1432 1454 1453
f 1455 1454 1434
f 1434 1454 1433
f 1433 1454 1432
f 1436 1456 1457
f 1435 1456 1436
f 1437 1456 1435
f 1438 1458 1437
f 1437 1458 1456
f 1438 1459 1458
f 1439 1460 1438
f 1438 1460 1459
f 1440 1460 1439
f 1440 1461 1460
f 1441 1462 1440
f 1440 1462 1461
f 1442 1462 1441
f 1442 1463 1462
f 1443 1464 1442
f 1444 1464 1443
f 1442 1464 1463
f 1444 1465 1464
f 1445 1466 1444
f 1446 1466 1445
f 1444 1466 1465
f 1446 1467 1466
f 1447 1468 1446
f 1446 1468 1467
f 1448 1469 1447
f 1449 1469 1448
f 1447 1469 1468
f 1449 1470 1469
f 1450 1471 1449
f 1449 1471 1470
f 1451 1472 1450
f 1450 1472 1471
f 1451 1473 1472
f 1452 1473 1451
f 1452 1474 1473
f 1453 1474 1452
f 1453 1475 1474
f 1454 1475 1453
f 1455 1475 1454
f 1476 1475 1455
f 1457 1477 1478
f 1456 1477 1457
f 1458 1479 1456
f 1456 1479 1477
f 1458 1480 1479
f 1459 1480 1458
f 1459 1481 1480
f 1460 1481 1459
f 1460 1482 1481
f 1461 1482 1460
f 1463 1483 1462
f 1461 1483 1482
f 1462 1483 1461
f 1463 1484 1483
f 1463 1485 1484
f 1464 1485 1463
f 1464 1486 1485
f 1466 1486 1465
f 1465 1486 1464
f 1466 1487 1486
f 1466 1488 1487
f 1467 1488 1466
f 1468 1489 1467
f 1467 1489 1488
f 1468 1490 1489
f 1469 1490 1468
f 1470 1490 1469
f 1470 1491 1490
f 1471 1492 1470
f 1470 1492 1491
f 1472 1493 1471
f 1471 1493 1492
f 1472 1494 1493
f 1473 1494 1472
f 1473 1495 1494
f 1474 1495 1473
f 1475 1496 1474
f 1476 1496 1475
f 1474 1496 1495
f 1497 1496 1476
f 1478 1498 1499
f 1477 1498 1478
f 1480 1500 1479
f 1477 1500 1498
f 1479 1500 1477
f 1481 1501 1480
f 1480 1501 1500
f 1481 1502 1501
f 1483 1503 1482
f 1482 1503 1481
f 1481 1503 1502
f 1483 1504 1503
f 1484 1505 1483
f 1483 1505 1504
f 1485 1505 1484
f 1485 1506 1505
f 1486 1507 1485
f 1485 1507 1506
f 1487 1508 1486
f 1488 1508 1487
f 1486 1508 1507
f 1488 1509 1508
f 1489 1510 1488
f 1488 1510 1509
f 1490 1511 1489
f 1491 1511 1490
f 1489 1511 1510
f 1491 1512 1511
f 1491 1513 1512
f 1492 1513 1491
f 1492 1514 1513
f 1493 1514 1492
f 1494 1514 1493
f 1494 1515 1514
f 1494 1516 1515
f 1495 1516 1494
f 1496 1516 1495
f 1496 1517 1516
f 1497 1517 1496
f 1518 1517 1497
f 1499 1519 1520
f 1498 1519 1499
f 1500 1521 1498
f 1498 1521 1519
f 1501 1522 1500
f 1500 1522 1521
f 1501 1523 1522
f 1502 1523 1501
f 1503 1524 1502
f 1502 1524 1523
f 1503 1525 1524
f 1504 1525 1503
f 1504 1526 1525
f 1505 1526 1504
f 1505 1527 1526
f 1506 1527 1505
f 1506 1528 1527
f 1507 1528 1506
f 1507 1529 1528
f 1508 1529 1507
f 1509 1530 1508
f 1508 1530 1529
f 1510 1530 1509
f 1510 1531 1530
f 1512 1532 1511
f 1511 1532 1510
f 1510 1532 1531
f 1512 1533 1532
f 1513 1534 1512
f 1512 1534 1533
f 1514 1535 1513
f 1513 1535 1534
f 1516 1536 1515
f 1515 1536 1514
f 1514 1536 1535
f 1517 1537 1516
f 1516 1537 1536
f 1518 1538 1517
f 1539 1538 1518
f 1517 1538 1537
f 1520 1540 1541
f 1519 1540 1520
f 1521 1540 1519
f 1521 1542 1540
f 1521 1543 1542
f 1522 1543 1521
f 1523 1543 1522
f 1523 1544 1543
f 1525 1545 1524
f 1524 1545 1523
f 1523 1545 1544
f 1525 1546 1545
f 1526 1547 1525
f 1525 1547 1546
f 1527 1548 1526
f 1526 1548 1547
f 1528 1549 1527
f 1527 1549 1548
f 1529 1550 1528
f 1528 1550 1549
f 1529 1551 1550
f 1530 1551 1529
f 1531 1551 1530
f 1531 1552 1551
f 1532 1553 1531
f 1531 1553 1552
f 1532 1554 1553
f 1533 1554 1532
f 1534 1555 1533
f 1535 1555 1534
f 1533 1555 1554
f 1535 1556 1555
f 1535 1557 1556
f 1536 1557 1535
f 1537 1558 1536
f 1536 1558 1557
f 1538 1558 1537
f 1538 1559 1558
f 1560 1559 1539
f 1539 1559 1538
f 1541 1561 1562
f 1540 1561 1541
f 1542 1563 1540
f 1540 1563 1561
f 1542 1564 1563
f 1543 1564 1542
f 1543 1565 1564
f 1544 1565 1543
f 1544 1566 1565
f 1545 1566 1544
f 1545 1567 1566
f 1546 1567 1545
f 1547 1568 1546
f 1546 1568 1567
f 1548 1569 1547
f 1547 1569 1568
f 1549 1570 1548
f 1550 1570 1549
f 1548 1570 1569
f 1550 1571 1570
f 1551 1572 1550
f 1550 1572 1571
f 1552 1573 1551
f 1551 1573 1572
f 1553 1574 1552
f 1552 1574 1573
f 1554 1575 1553
f 1553 1575 1574
f 1555 1576 1554
f 1554 1576 1575
f 1555 1577 1576
f 1556 1577 1555
f 1556 1578 1577
f 1557 1578 1556
f 1558 1579 1557
f 1557 1579 1578
f 1559 1580 1558
f 1558 1580 1579
f 1560 1580 1559
f 1581 1580 1560
f 1561 1582 1562
f 1562 1582 1583
f 1563 1582 1561
f 1563 1584 1582
f 1563 1585 1584
f 1565 1585 1564
f 1564 1585 1563
f 1565 1586 1585
f 1566 1586 1565
f 1566 1587 1586
f 1567 1587 1566
f 1567 1588 1587
f 1568 1589 1567
f 1569 1589 1568
f 1567 1589 1588
f 1569 1590 1589
f 1570 1591 1569
f 1569 1591 1590
f 1571 1592 1570
f 1570 1592 1591
f 1571 1593 1592
f 1572 1593 1571
f 1574 1594 1573
f 1573 1594 1572
f 1572 1594 1593
f 1574 1595 1594
f 1574 1596 1595
f 1575 1596 1574
f 1576 1596 1575
f 1576 1597 1596
f 1577 1598 1576
f 1578 1598 1577
f 1576 1598 1597
f 1578 1599 1598
f 1580 1600 1579
f 1579 1600 1578
f 1578 1600 1599
f 1580 1601 1600
f 1602 1601 1581
f 1581 1601 1580
f 1583 1603 1604
f 1582 1603 1583
f 1584 1603 1582
f 1584 1605 1603
f 1586 1606 1585
f 1585 1606 1584
f 1584 1606 1605
f 1586 1607 1606
f 1586 1608 1607
f 1587 1608 1586
f 1588 1609 1587
f 1587 1609 1608
f 1589 1610 1588
f 1590 1610 1589
f 1588 1610 1609
f 1590 1611 1610
f 1591 1612 1590
f 1590 1612 1611
f 1592 1613 1591
f 1593 1613 1592
f 1591 1613 1612
f 1593 1614 1613
f 1594 1615 1593
f 1595 1615 1594
f 1593 1615 1614
f 1596 1616 1595
f 1595 1616 1615
f 1596 1617 1616
f 1597 1618 1596
f 1596 1618 1617
f 1598 1618 1597
f 1598 1619 1618
f 1599 1620 1598
f 1598 1620 1619
f 1600 1621 1599
f 1599 1621 1620
f 1601 1622 1600
f 1602 1622 1601
f 1623 1622 1602
f 1600 1622 1621
f 1604 1624 1625
f 1603 1624 1604
f 1603 1626 1624
f 1605 1626 1603
f 1605 1627 1626
f 1606 1627 1605
f 1607 1627 1606
f 1607 1628 1627
f 1607 1629 1628
f 1608 1629 1607
f 1609 1629 1608
f 1609 1630 1629
f 1609 1631 1630
f 1610 1631 1609
f 1610 1632 1631
f 1611 1632 1610
f 1611 1633 1632
f 1612 1633 1611
f 1613 1633 1612
f 1613 1634 1633
f 1613 1635 1634
f 1614 1635 1613
f 1615 1636 1614
f 1614 1636 1635
f 1616 1637 1615
f 1615 1637 1636
f 1617 1638 1616
f 1616 1638 1637
f 1617 1639 1638
f 1618 1639 1617
f 1620 1640 1619
f 1618 1640 1639
f 1619 1640 1618
f 1620 1641 1640
f 1622 1642 1621
f 1621 1642 1620
f 1620 1642 1641
f 1623 1643 1622
f 1622 1643 1642
f 1644 1643 1623
f 1624 1645 1625
f 1625 1645 1646
f 1626 1647 1624
f 1624 1647 1645
f 1627 1648 1626
f 1626 1648 1647
f 1628 1649 1627
f 1627 1649 1648
f 1629 1650 1628
f 1628 1650 1649
f 1630 1651 1629
f 1629 1651 1650
f 1631 1652 1630
f 1630 1652 1651
f 1632 1653 1631
f 1631 1653 1652
f 1633 1654 1632
f 1632 1654 1653
f 1634 1655 1633
f 1633 1655 1654
f 1635 1656 1634
f 1634 1656 1655
f 1636 1657 1635
f 1635 1657 1656
f 1637 1658 1636
f 1636 1658 1657
f 1638 1659 1637
f 1637 1659 1658
f 1639 1659 1638
f 1639 1660 1659
f 1639 1661 1660
f 1640 1661 1639
f 1641 1661 1640
f 1641 1662 1661
f 1642 1663 1641
f 1641 1663 1662
f 1643 1663 1642
f 1643 1664 1663
f 1644 1664 1643
f 1665 1664 1644
f 1646 1666 1667
f 1645 1666 1646
f 1647 1668 1645
f 1645 1668 1666
f 1647 1669 1668
f 1648 1669 1647
f 1649 1669 1648
f 1649 1670 1669
f 1650 1670 1649
f 1650 1671 1670
f 1651 1671 1650
f 1651 1672 1671
f 1652 1673 1651
f 1651 1673 1672
f 1652 1674 1673
f 1653 1674 1652
f 1653 1675 1674
f 1654 1675 1653
f 1654 1676 1675
f 1655 1676 1654
f 1655 1677 1676
f 1656 1677 1655
f 1658 1678 1657
f 1656 1678 1677
f 1657 1678 1656
f 1658 1679 1678
f 1659 1680 1658
f 1658 1680 1679
f 1660 1681 1659
f 1659 1681 1680
f 1661 1682 1660
f 1660 1682 1681
f 1662 1683 1661
f 1661 1683 1682
f 1663 1684 1662
f 1662 1684 1683
f 1664 1685 1663
f 1665 1685 1664
f 1663 1685 1684
f 1686 1685 1665
f 1666 1687 1667
f 1667 1687 1688
f 1666 1689 1687
f 1668 1689 1666
f 1669 1690 1668
f 1668 1690 1689
f 1670 1691 1669
f 1669 1691 1690
f 1670 1692 1691
f 1671 1692 1670
f 1672 1693 1671
f 1671 1693 1692
f 1673 1694 1672
f 1672 1694 1693
f 1674 1695 1673
f 1673 1695 1694
f 1675 1696 1674
f 1676 1696 1675
f 1674 1696 1695
f 1676 1697 1696
f 1678 1698 1677
f 1677 1698 1676
f 1676 1698 1697
f 1678 1699 1698
f 1678 1700 1699
f 1679 1700 1678
f 1680 1701 1679
f 1679 1701 1700
f 1680 1702 1701
f 1681 1702 1680
f 1681 1703 1702
f 1682 1703 1681
f 1683 1703 1682
f 1683 1704 1703
f 1684 1705 1683
f 1683 1705 1704
f 1685 1705 1684
f 1685 1706 1705
f 1686 1706 1685
f 1707 1706 1686
f 1687 1708 1688
f 1689 1708 1687
f 1688 1708 1709
f 1689 1710 1708
f 1689 1711 1710
f 1690 1711 1689
f 1691 1711 1690
f 1691 1712 1711
f 1691 1713 1712
f 1692 1713 1691
f 1693 1713 1692
f 1693 1714 1713
f 1695 1715 1694
f 1693 1715 1714
f 1694 1715 1693
f 1695 1716 1715
f 1696 1717 1695
f 1695 1717 1716
f 1697 1718 1696
f 1696 1718 1717
f 1698 1719 1697
f 1697 1719 1718
f 1699 1720 1698
f 1700 1720 1699
f 1698 1720 1719
f 1701 1721 1700
f 1700 1721 1720
f 1701 1722 1721
f 1702 1723 1701
f 1703 1723 1702
f 1701 1723 1722
f 1703 1724 1723
f 1703 1725 1724
f 1704 1725 1703
f 1705 1725 1704
f 1705 1726 1725
f 1706 1727 1705
f 1707 1727 1706
f 1728 1727 1707
f 1705 1727 1726
f 1709 1729 1730
f 1708 1729 1709
f 1708 1731 1729
f 1710 1731 1708
f 1710 1732 1731
f 1711 1732 1710
f 1712 1733 1711
f 1711 1733 1732
f 1713 1734 1712
f 1712 1734 1733
f 1713 1735 1734
f 1714 1735 1713
f 1715 1736 1714
f 1714 1736 1735
f 1715 1737 1736
f 1716 1737 1715
f 1717 1738 1716
f 1716 1738 1737
f 1718 1739 1717
f 1719 1739 1718
f 1717 1739 1738
f 1719 1740 1739
f 1720 1741 1719
f 1719 1741 1740
f 1720 1742 1741
f 1721 1742 1720
f 1722 1742 1721
f 1722 1743 1742
f 1722 1744 1743
f 1723 1744 1722
f 1723 1745 1744
f 1724 1745 1723
f 1724 1746 1745
f 1725 1746 1724
f 1725 1747 1746
f 1726 1747 1725
f 1726 1748 1747
f 1749 1748 1728
f 1728 1748 1727
f 1727 1748 1726
f 1730 1750 1751
f 1731 1750 1729
f 1729 1750 1730
f 1731 1752 1750
f 1731 1753 1752
f 1732 1753 1731
f 1733 1754 1732
f 1732 1754 1753
f 1734 1755 1733
f 1733 1755 1754
f 1735 1756 1734
f 1734 1756 1755
f 1736 1757 1735
f 1735 1757 1756
f 1737 1758 1736
f 1736 1758 1757
f 1738 1759 1737
f 1737 1759 1758
f 1739 1760 1738
f 1738 1760 1759
f 1740 1761 1739
f 1739 1761 1760
f 1741 1762 1740
f 1740 1762 1761
f 1742 1763 1741
f 1741 1763 1762
f 1743 1764 1742
f 1744 1764 1743
f 1742 1764 1763
f 1745 1765 1744
f 1744 1765 1764
f 1745 1766 1765
f 1746 1767 1745
f 1745 1767 1766
f 1747 1768 1746
f 1746 1768 1767
f 1748 1769 1747
f 1770 1769 1749
f 1749 1769 1748
f 1747 1769 1768
f 1751 1771 1772
f 1750 1771 1751
f 1752 1773 1750
f 1753 1773 1752
f 1750 1773 1771
f 1753 1774 1773
f 1753 1775 1774
f 1754 1775 1753
f 1755 1775 1754
f 1755 1776 1775
f 1755 1777 1776
f 1756 1777 1755
f 1757 1777 1756
f 1757 1778 1777
f 1757 1779 1778
f 1758 1779 1757
f 1759 1780 1758
f 1758 1780 1779
f 1759 1781 1780
f 1760 1781 1759
f 1760 1782 1781
f 1761 1782 1760
f 1762 1783 1761
f 1763 1783 1762
f 1761 1783 1782
f 1763 1784 1783
f 1763 1785 1784
f 1764 1785 1763
f 1765 1786 1764
f 1766 1786 1765
f 1764 1786 1785
f 1766 1787 1786
f 1766 1788 1787
f 1767 1788 1766
f 1767 1789 1788
f 1768 1789 1767
f 1769 1790 1768
f 1770 1790 1769
f 1768 1790 1789
f 1791 1790 1770
f 1772 1792 1793
f 1773 1792 1771
f 1771 1792 1772
f 1773 1794 1792
f 1774 1795 1773
f 1773 1795 1794
f 1774 1796 1795
f 1775 1796 1774
f 1776 1797 1775
f 1775 1797 1796
f 1777 1798 1776
f 1776 1798 1797
f 1778 1799 1777
f 1777 1799 1798
f 1779 1800 1778
f 1778 1800 1799
f 1780 1801 1779
f 1779 1801 1800
f 1781 1802 1780
f 1780 1802 1801
f 1782 1803 1781
f 1783 1803 1782
f 1781 1803 1802
f 1783 1804 1803
f 1784 1805 1783
f 1785 1805 1784
f 1783 1805 1804
f 1785 1806 1805
f 1786 1806 1785
f 1786 1807 1806
f 1787 1807 1786
f 1787 1808 1807
f 1787 1809 1808
f 1788 1809 1787
f 1789 1810 1788
f 1788 1810 1809
f 1789 1811 1810
f 1790 1811 1789
f 1791 1811 1790
f 1812 1811 1791
f 1793 1813 1814
f 1814 1813 623
f 623 1813 621
f 1792 1813 1793
f 1794 1815 1792
f 621 1815 625
f 1813 1815 621
f 1795 1815 1794
f 1792 1815 1813
f 625 1816 627
f 1815 1816 625
f 1795 1816 1815
f 1797 1817 1796
f 627 1817 629
f 1795 1817 1816
f 1796 1817 1795
f 1816 1817 627
f 1797 1818 1817
f 629 1818 631
f 1817 1818 629
f 1798 1819 1797
f 1797 1819 1818
f 631 1819 633
f 1799 1819 1798
f 1818 1819 631
f 1799 1820 1819
f 633 1820 635
f 1819 1820 633
f 1799 1821 1820
f 635 1821 637
f 1800 1821 1799
f 1820 1821 635
f 637 1822 640
f 1821 1822 637
f 1801 1822 1800
f 1802 1822 1801
f 1800 1822 1821
f 1802 1823 1822
f 640 1823 641
f 1822 1823 640
f 1802 1824 1823
f 641 1824 643
f 1823 1824 641
f 1803 1824 1802
f 1824 1825 643
f 1803 1825 1824
f 643 1825 645
f 1804 1825 1803
f 1825 1826 645
f 1806 1826 1805
f 1804 1826 1825
f 645 1826 648
f 648 1826 650
f 1805 1826 1804
f 1806 1827 1826
f 1826 1827 650
f 650 1828 652
f 1806 1828 1827
f 1827 1828 650
f 1807 1828 1806
f 1808 1829 1807
f 1828 1829 652
f 652 1829 654
f 1807 1829 1828
f 1809 1830 1808
f 1808 1830 1829
f 654 1830 656
f 1829 1830 654
f 1810 1831 1809
f 1809 1831 1830
f 656 1831 658
f 1830 1831 656
f 1811 1832 1810
f 1812 1832 1811
f 658 1832 662
f 1810 1832 1831
f 1831 1832 658
f 1245 1832 1812
f 662 1832 1245
f 1833 1834 623
f 1833 623 624
f 1833 624 664
f 1835 664 685
f 1835 1833 664
f 1836 685 706
f 1836 1835 685
f 1837 706 727
f 1837 1836 706
f 1838 727 748
f 1838 1837 727
f 1839 748 769
f 1839 1838 748
f 1840 769 790
f 1840 1839 769
f 1841 790 812
f 1841 1840 790
f 1842 1841 812
f 1842 812 832
f 1843 1842 832
f 1843 832 854
f 1844 1843 854
f 1844 854 874
f 1845 1844 874
f 1845 874 895
f 1846 1845 895
f 1846 895 916
f 1847 1846 916
f 1847 916 937
f 1848 1847 937
f 1848 937 959
f 1849 1848 959
f 1849 959 980
f 1850 1849 980
f 1850 980 1000
f 1851 1850 1000
f 1851 1000 1022
f 1852 1851 1022
f 1852 1022 1042
f 1853 1852 1042
f 1853 1042 1064
f 1854 1853 1064
f 1854 1064 1085
f 1855 1854 1085
f 1855 1085 1106
f 1856 1106 1126
f 1856 1855 1106
f 1857 1126 1148
f 1857 1856 1126
f 1858 1148 1168
f 1858 1857 1148
f 1859 1168 1190
f 1859 1858 1168
f 1860 1190 615
f 1860 1859 1190
f 1861 615 617
f 1861 1860 615
f 1862 1861 617
f 1863 1862 617
f 1863 617 1247
f 1863 1247 1268
f 1864 1268 1289
f 1864 1863 1268
f 1865 1289 1310
f 1865 1864 1289
f 1866 1310 1331
f 1866 1865 1310
f 1867 1331 1352
f 1867 1866 1331
f 1868 1352 1373
f 1868 1867 1352
f 1869 1373 1394
f 1869 1868 1373
f 1870 1394 1415
f 1870 1869 1394
f 1871 1870 1415
f 1871 1415 1436
f 1872 1871 1436
f 1872 1436 1457
f 1873 1872 1457
f 1873 1457 1478
f 1874 1873 1478
f 1874 1478 1499
f 1875 1874 1499
f 1875 1499 1520
f 1876 1875 1520
f 1876 1520 1541
f 1877 1876 1541
f 1877 1541 1562
f 1878 1877 1562
f 1878 1562 1583
f 1879 1878 1583
f 1879 1583 1604
f 1880 1879 1604
f 1880 1604 1625
f 1881 1880 1625
f 1881 1625 1646
f 1882 1881 1646
f 1882 1646 1667
f 1883 1882 1667
f 1883 1667 1688
f 1884 1883 1688
f 1884 1688 1709
f 1885 1709 1730
f 1885 1884 1709
f 1886 1730 1751
f 1886 1885 1730
f 1887 1751 1772
f 1887 1886 1751
f 1888 1772 1793
f 1888 1887 1772
f 1889 1793 1814
f 1889 1888 1793
f 1890 1814 623
f 1890 1889 1814
f 1834 1890 623
f 1891 1892 1834
f 1891 1834 1833
f 1893 1894 1892
f 1893 1892 1891
f 1895 1896 1894
f 1895 1894 1893
f 1897 1898 1896
f 1897 1896 1895
f 1899 1900 1898
f 1899 1898 1897
f 1901 1902 1900
f 1901 1900 1899
f 1903 1904 1902
f 1903 1902 1901
f 1905 1833 1835
f 1905 1891 1833
f 1906 1907 1904
f 1906 1904 1903
f 1908 1893 1891
f 1908 1891 1905
f 1909 1910 1907
f 1909 1907 1906
f 1911 1893 1908
f 1911 1895 1893
f 1912 1913 1910
f 1912 1910 1909
f 1914 1897 1895
f 1914 1895 1911
f 1915 1916 1913
f 1915 1913 1912
f 1917 1899 1897
f 1917 1897 1914
f 1918 1916 1915
f 1918 1919 1916
f 1920 1899 1917
f 1920 1901 1899
f 1921 1919 1918
f 1921 1922 1919
f 1923 1903 1901
f 1923 1901 1920
f 1924 1922 1921
f 1924 1925 1922
f 1926 1835 1836
f 1926 1905 1835
f 1927 1906 1903
f 1927 1903 1923
f 1928 1925 1924
f 1928 1929 1925
f 1930 1908 1905
f 1930 1905 1926
f 1931 1929 1928
f 1931 1932 1929
f 1933 1906 1927
f 1933 1909 1906
f 1934 1911 1908
f 1934 1908 1930
f 1935 1936 1932
f 1935 1932 1931
f 1937 1912 1909
f 1937 1909 1933
f 1938 1914 1911
f 1938 1911 1934
f 1939 1940 1936
f 1939 1941 1940
f 1939 1936 1935
f 1942 1912 1937
f 1942 1915 1912
f 1943 1914 1938
f 1943 1917 1914
f 1944 1941 1939
f 1945 1918 1915
f 1945 1915 1942
f 1946 1947 1941
f 1946 1948 1947
f 1946 1941 1944
f 1949 1917 1943
f 1949 1920 1917
f 1950 1921 1918
f 1950 1918 1945
f 1951 1948 1946
f 1952 1923 1920
f 1952 1920 1949
f 1953 1928 1924
f 1953 1924 1921
f 1953 1921 1950
f 1954 1836 1837
f 1954 1837 1838
f 1954 1926 1836
f 1955 1956 1948
f 1955 1948 1951
f 1957 1927 1923
f 1957 1923 1952
f 1957 1933 1927
f 1958 1928 1953
f 1959 1926 1954
f 1959 1930 1926
f 1960 1961 1956
f 1960 1956 1955
f 1962 1931 1928
f 1962 1928 1958
f 1963 1933 1957
f 1964 1965 1961
f 1964 1961 1960
f 1966 1930 1959
f 1966 1934 1930
f 1967 1931 1962
f 1967 1935 1931
f 1968 1937 1933
f 1968 1942 1937
f 1968 1933 1963
f 1969 1970 1965
f 1969 1971 1970
f 1969 1965 1964
f 1969 1972 1971
f 1973 1938 1934
f 1973 1934 1966
f 1974 1935 1967
f 1974 1939 1935
f 1975 1942 1968
f 1976 1938 1973
f 1976 1943 1938
f 1977 1939 1974
f 1977 1944 1939
f 1978 1945 1942
f 1978 1942 1975
f 1978 1950 1945
f 1979 1946 1944
f 1979 1944 1977
f 1980 1949 1943
f 1980 1943 1976
f 1981 1950 1978
f 1982 1951 1946
f 1982 1955 1951
f 1982 1946 1979
f 1983 1952 1949
f 1983 1949 1980
f 1984 1958 1953
f 1984 1953 1950
f 1984 1950 1981
f 1985 1954 1838
f 1986 1955 1982
f 1987 1957 1952
f 1987 1952 1983
f 1988 1958 1984
f 1989 1959 1954
f 1989 1954 1985
f 1990 1955 1986
f 1990 1960 1955
f 1991 1958 1988
f 1991 1962 1958
f 1991 1967 1962
f 1992 1957 1987
f 1992 1963 1957
f 1993 1964 1960
f 1993 1960 1990
f 1993 1969 1964
f 1994 1959 1989
f 1994 1966 1959
f 1995 1967 1991
f 1996 1963 1992
f 1996 1968 1963
f 1997 1969 1993
f 1997 1998 1972
f 1997 1972 1969
f 1999 1973 1966
f 1999 1966 1994
f 2000 1967 1995
f 2000 1974 1967
f 2000 1977 1974
f 2001 1975 1968
f 2001 1968 1996
f 2002 1973 1999
f 2002 1980 1976
f 2002 1976 1973
f 2003 1977 2000
f 2004 1975 2001
f 2004 1978 1975
f 2005 1977 2003
f 2005 1979 1977
f 2006 1980 2002
f 2007 1981 1978
f 2007 1978 2004
f 2008 1982 1979
f 2008 1979 2005
f 2009 1980 2006
f 2009 1983 1980
f 2010 1984 1981
f 2010 1981 2007
f 2011 1985 1838
f 2011 1838 1839
f 2012 1982 2008
f 2012 1986 1982
f 2013 1983 2009
f 2013 1987 1983
f 2014 1988 1984
f 2014 1984 2010
f 2015 1989 1985
f 2015 1985 2011
f 2016 1990 1986
f 2016 1993 1990
f 2016 1986 2012
f 2017 1988 2014
f 2017 1991 1988
f 2018 1992 1987
f 2018 1987 2013
f 2019 1997 1993
f 2019 1993 2016
f 2020 1994 1989
f 2020 1989 2015
f 2021 1995 1991
f 2021 1991 2017
f 2022 1996 1992
f 2022 1992 2018
f 2023 1997 2019
f 2023 1998 1997
f 2023 2024 1998
f 2025 1994 2020
f 2025 2002 1999
f 2025 1999 1994
f 2026 2000 1995
f 2026 1995 2021
f 2027 1996 2022
f 2027 2001 1996
f 2028 2002 2025
f 2029 2000 2026
f 2029 2003 2000
f 2030 2001 2027
f 2030 2004 2001
f 2031 2005 2003
f 2031 2003 2029
f 2031 2008 2005
f 2032 2006 2002
f 2032 2009 2006
f 2032 2002 2028
f 2033 2004 2030
f 2033 2007 2004
f 2034 2008 2031
f 2035 2009 2032
f 2035 2013 2009
f 2036 2007 2033
f 2036 2010 2007
f 2037 1839 1840
f 2037 2015 2011
f 2037 2011 1839
f 2038 2008 2034
f 2038 2012 2008
f 2039 2013 2035
f 2039 2018 2013
f 2040 2010 2036
f 2040 2014 2010
f 2041 2015 2037
f 2042 2016 2012
f 2042 2012 2038
f 2043 2014 2040
f 2043 2017 2014
f 2044 2018 2039
f 2045 2016 2042
f 2045 2019 2016
f 2046 2015 2041
f 2046 2020 2015
f 2047 2021 2017
f 2047 2017 2043
f 2048 2022 2018
f 2048 2018 2044
f 2049 2024 2023
f 2049 2019 2045
f 2049 2050 2024
f 2049 2023 2019
f 2051 2028 2025
f 2051 2025 2020
f 2051 2020 2046
f 2052 2026 2021
f 2052 2021 2047
f 2053 2027 2022
f 2053 2030 2027
f 2053 2022 2048
f 2054 2028 2051
f 2055 2029 2026
f 2055 2031 2029
f 2055 2026 2052
f 2056 2030 2053
f 2056 2033 2030
f 2057 2031 2055
f 2058 2032 2028
f 2058 2035 2032
f 2058 2028 2054
f 2059 2036 2033
f 2059 2033 2056
f 2060 2031 2057
f 2060 2034 2031
f 2061 2035 2058
f 2061 2039 2035
f 2062 2036 2059
f 2063 1840 1841
f 2063 1841 1842
f 2063 2037 1840
f 2064 2034 2060
f 2064 2038 2034
f 2065 2039 2061
f 2066 2040 2036
f 2066 2036 2062
f 2067 2041 2037
f 2067 2037 2063
f 2068 2042 2038
f 2068 2038 2064
f 2069 2047 2043
f 2069 2043 2040
f 2069 2040 2066
f 2070 2039 2065
f 2070 2044 2039
f 2071 2042 2068
f 2071 2045 2042
f 2072 2041 2067
f 2072 2046 2041
f 2073 2047 2069
f 2074 2044 2070
f 2074 2048 2044
f 2075 2050 2049
f 2075 2045 2071
f 2075 2076 2050
f 2075 2077 2076
f 2075 2049 2045
f 2078 2051 2046
f 2078 2046 2072
f 2079 2052 2047
f 2079 2047 2073
f 2080 2048 2074
f 2080 2053 2048
f 2081 2054 2051
f 2081 2051 2078
f 2082 2055 2052
f 2082 2052 2079
f 2083 2056 2053
f 2083 2053 2080
f 2084 2057 2055
f 2084 2055 2082
f 2085 2058 2054
f 2085 2054 2081
f 2086 2059 2056
f 2086 2056 2083
f 2087 2057 2084
f 2087 2060 2057
f 2088 2061 2058
f 2088 2058 2085
f 2089 2062 2059
f 2089 2059 2086
f 2090 2063 1842
f 2091 2064 2060
f 2091 2060 2087
f 2092 2065 2061
f 2092 2061 2088
f 2093 2062 2089
f 2093 2066 2062
f 2094 2067 2063
f 2094 2063 2090
f 2094 2072 2067
f 2095 2068 2064
f 2095 2064 2091
f 2096 2066 2093
f 2096 2069 2066
f 2097 2070 2065
f 2097 2065 2092
f 2098 2068 2095
f 2098 2071 2068
f 2099 2072 2094
f 2100 2069 2096
f 2100 2079 2073
f 2100 2073 2069
f 2101 2074 2070
f 2101 2070 2097
f 2102 2075 2071
f 2102 2071 2098
f 2102 2077 2075
f 2103 2072 2099
f 2103 2078 2072
f 2103 2081 2078
f 2104 2079 2100
f 2105 2074 2101
f 2105 2080 2074
f 2105 2083 2080
f 2106 2081 2103
f 2107 2079 2104
f 2107 2082 2079
f 2108 2086 2083
f 2108 2083 2105
f 2109 2082 2107
f 2109 2084 2082
f 2110 2088 2085
f 2110 2081 2106
f 2110 2085 2081
f 2111 2086 2108
f 2112 2084 2109
f 2112 2087 2084
f 2113 2092 2088
f 2113 2088 2110
f 2114 2089 2086
f 2114 2086 2111
f 2115 1842 1843
f 2115 1843 1844
f 2115 2090 1842
f 2115 2094 2090
f 2116 2091 2087
f 2116 2087 2112
f 2117 2092 2113
f 2118 2096 2093
f 2118 2089 2114
f 2118 2093 2089
f 2119 2094 2115
f 2120 2095 2091
f 2120 2098 2095
f 2120 2091 2116
f 2121 2096 2118
f 2122 2097 2092
f 2122 2092 2117
f 2123 2102 2098
f 2123 2098 2120
f 2124 2094 2119
f 2124 2099 2094
f 2125 2100 2096
f 2125 2096 2121
f 2126 2101 2097
f 2126 2097 2122
f 2127 2102 2123
f 2127 2077 2102
f 2127 2128 2077
f 2129 2103 2099
f 2129 2099 2124
f 2130 2104 2100
f 2130 2100 2125
f 2131 2101 2126
f 2131 2105 2101
f 2132 2106 2103
f 2132 2103 2129
f 2132 2110 2106
f 2133 2107 2104
f 2133 2104 2130
f 2134 2108 2105
f 2134 2105 2131
f 2135 2107 2133
f 2135 2109 2107
f 2136 2110 2132
f 2137 2111 2108
f 2137 2108 2134
f 2138 2109 2135
f 2138 2112 2109
f 2139 2110 2136
f 2139 2113 2110
f 2140 2111 2137
f 2140 2114 2111
f 2141 2115 1844
f 2142 2112 2138
f 2142 2116 2112
f 2143 2113 2139
f 2143 2117 2113
f 2144 2114 2140
f 2144 2118 2114
f 2145 2124 2119
f 2145 2119 2115
f 2145 2115 2141
f 2146 2120 2116
f 2146 2116 2142
f 2147 2118 2144
f 2147 2121 2118
f 2148 2122 2117
f 2148 2117 2143
f 2149 2123 2120
f 2149 2120 2146
f 2150 2124 2145
f 2151 2130 2125
f 2151 2125 2121
f 2151 2121 2147
f 2152 2126 2122
f 2152 2122 2148
f 2153 2128 2127
f 2153 2123 2149
f 2153 2127 2123
f 2153 2154 2128
f 2153 2155 2154
f 2156 2124 2150
f 2156 2132 2129
f 2156 2129 2124
f 2157 2130 2151
f 2158 2131 2126
f 2158 2126 2152
f 2159 2136 2132
f 2159 2132 2156
f 2160 2133 2130
f 2160 2130 2157
f 2161 2134 2131
f 2161 2131 2158
f 2162 2138 2135
f 2162 2133 2160
f 2162 2135 2133
f 2163 2136 2159
f 2164 2137 2134
f 2164 2134 2161
f 2165 2138 2162
f 2166 2139 2136
f 2166 2136 2163
f 2166 2143 2139
f 2167 2140 2137
f 2167 2137 2164
f 2168 2141 1844
f 2168 1844 1845
f 2168 1845 1846
f 2169 2138 2165
f 2169 2142 2138
f 2170 2148 2143
f 2170 2143 2166
f 2171 2140 2167
f 2171 2144 2140
f 2172 2141 2168
f 2172 2145 2141
f 2172 2150 2145
f 2173 2142 2169
f 2173 2146 2142
f 2173 2149 2146
f 2174 2147 2144
f 2174 2144 2171
f 2175 2148 2170
f 2175 2152 2148
f 2176 2149 2173
f 2176 2153 2149
f 2177 2150 2172
f 2178 2157 2151
f 2178 2147 2174
f 2178 2151 2147
f 2179 2152 2175
f 2180 2153 2176
f 2180 2155 2153
f 2181 2159 2156
f 2181 2150 2177
f 2181 2156 2150
f 2182 2157 2178
f 2182 2160 2157
f 2183 2152 2179
f 2183 2158 2152
f 2183 2161 2158
f 2184 2159 2181
f 2185 2160 2182
f 2186 2161 2183
f 2187 2162 2160
f 2187 2160 2185
f 2188 2159 2184
f 2188 2163 2159
f 2188 2166 2163
f 2189 2161 2186
f 2189 2164 2161
f 2189 2167 2164
f 2190 2165 2162
f 2190 2162 2187
f 2191 2166 2188
f 2192 2171 2167
f 2192 2167 2189
f 2193 2168 1846
f 2194 2169 2165
f 2194 2165 2190
f 2195 2170 2166
f 2195 2166 2191
f 2196 2174 2171
f 2196 2171 2192
f 2197 2168 2193
f 2197 2172 2168
f 2198 2173 2169
f 2198 2169 2194
f 2199 2174 2196
f 2200 2170 2195
f 2200 2175 2170
f 2200 2179 2175
f 2201 2173 2198
f 2201 2176 2173
f 2202 2172 2197
f 2202 2177 2172
f 2203 2178 2174
f 2203 2182 2178
f 2203 2174 2199
f 2204 2179 2200
f 2205 2176 2201
f 2205 2180 2176
f 2205 2155 2180
f 2205 2206 2155
f 2207 2177 2202
f 2207 2181 2177
f 2208 2182 2203
f 2209 2183 2179
f 2209 2179 2204
f 2210 2181 2207
f 2210 2184 2181
f 2211 2182 2208
f 2211 2185 2182
f 2212 2183 2209
f 2212 2186 2183
f 2213 2190 2187
f 2213 2185 2211
f 2213 2187 2185
f 2214 2188 2184
f 2214 2184 2210
f 2215 2186 2212
f 2215 2189 2186
f 2216 2190 2213
f 2217 2188 2214
f 2217 2191 2188
f 2218 2189 2215
f 2218 2192 2189
f 2218 2196 2192
f 2219 2197 2193
f 2219 1846 1847
f 2219 1847 1848
f 2219 2193 1846
f 2220 2198 2194
f 2220 2190 2216
f 2220 2194 2190
f 2221 2191 2217
f 2221 2195 2191
f 2222 2196 2218
f 2223 2202 2197
f 2223 2197 2219
f 2224 2198 2220
f 2225 2199 2196
f 2225 2196 2222
f 2226 2200 2195
f 2226 2204 2200
f 2226 2195 2221
f 2227 2201 2198
f 2227 2198 2224
f 2228 2202 2223
f 2229 2203 2199
f 2229 2199 2225
f 2230 2204 2226
f 2231 2201 2227
f 2231 2205 2201
f 2231 2206 2205
f 2231 2232 2206
f 2231 2233 2232
f 2234 2202 2228
f 2234 2210 2207
f 2234 2207 2202
f 2235 2208 2203
f 2235 2203 2229
f 2236 2209 2204
f 2236 2204 2230
f 2237 2210 2234
f 2238 2211 2208
f 2238 2208 2235
f 2239 2209 2236
f 2239 2212 2209
f 2240 2211 2238
f 2240 2213 2211
f 2241 2210 2237
f 2241 2214 2210
f 2242 2212 2239
f 2242 2215 2212
f 2243 2213 2240
f 2243 2216 2213
f 2244 2214 2241
f 2244 2221 2217
f 2244 2217 2214
f 2245 2215 2242
f 2245 2218 2215
f 2246 2219 1848
f 2247 2216 2243
f 2247 2220 2216
f 2247 2224 2220
f 2248 2221 2244
f 2249 2222 2218
f 2249 2218 2245
f 2250 2223 2219
f 2250 2219 2246
f 2251 2224 2247
f 2252 2222 2249
f 2252 2225 2222
f 2253 2226 2221
f 2253 2230 2226
f 2253 2221 2248
f 2254 2227 2224
f 2254 2224 2251
f 2255 2228 2223
f 2255 2223 2250
f 2256 2229 2225
f 2256 2225 2252
f 2257 2230 2253
f 2258 2231 2227
f 2258 2233 2231
f 2258 2227 2254
f 2259 2228 2255
f 2259 2234 2228
f 2260 2235 2229
f 2260 2229 2256
f 2261 2236 2230
f 2261 2230 2257
f 2262 2237 2234
f 2262 2234 2259
f 2263 2238 2235
f 2263 2240 2238
f 2263 2235 2260
f 2264 2236 2261
f 2264 2239 2236
f 2265 2240 2263
f 2266 2237 2262
f 2266 2241 2237
f 2267 2239 2264
f 2267 2245 2242
f 2267 2242 2239
f 2268 2240 2265
f 2268 2243 2240
f 2269 2244 2241
f 2269 2241 2266
f 2270 2245 2267
f 2270 2249 2245
f 2271 1848 1849
f 2271 2246 1848
f 2272 2247 2243
f 2272 2243 2268
f 2273 2248 2244
f 2273 2244 2269
f 2274 2249 2270
f 2274 2252 2249
f 2275 2246 2271
f 2275 2250 2246
f 2276 2247 2272
f 2276 2251 2247
f 2276 2254 2251
f 2277 2252 2274
f 2277 2256 2252
f 2278 2248 2273
f 2278 2253 2248
f 2279 2254 2276
f 2279 2258 2254
f 2280 2255 2250
f 2280 2250 2275
f 2281 2256 2277
f 2282 2253 2278
f 2282 2257 2253
f 2282 2261 2257
f 2283 2258 2279
f 2283 2284 2233
f 2283 2285 2284
f 2283 2233 2258
f 2286 2255 2280
f 2286 2259 2255
f 2287 2256 2281
f 2287 2260 2256
f 2288 2261 2282
f 2288 2264 2261
f 2289 2262 2259
f 2289 2259 2286
f 2290 2263 2260
f 2290 2260 2287
f 2291 2264 2288
f 2292 2265 2263
f 2292 2268 2265
f 2292 2263 2290
f 2293 2266 2262
f 2293 2262 2289
f 2294 2267 2264
f 2294 2264 2291
f 2295 2268 2292
f 2296 2269 2266
f 2296 2266 2293
f 2297 2270 2267
f 2297 2267 2294
f 2298 1849 1850
f 2298 1850 1851
f 2298 2275 2271
f 2298 2271 1849
f 2299 2272 2268
f 2299 2268 2295
f 2300 2273 2269
f 2300 2269 2296
f 2301 2274 2270
f 2301 2277 2274
f 2301 2270 2297
f 2302 2275 2298
f 2303 2272 2299
f 2303 2276 2272
f 2303 2279 2276
f 2304 2277 2301
f 2305 2273 2300
f 2305 2278 2273
f 2306 2279 2303
f 2307 2275 2302
f 2307 2280 2275
f 2308 2281 2277
f 2308 2277 2304
f 2309 2278 2305
f 2309 2282 2278
f 2310 2279 2306
f 2310 2283 2279
f 2310 2285 2283
f 2311 2280 2307
f 2311 2286 2280
f 2311 2289 2286
f 2312 2287 2281
f 2312 2281 2308
f 2313 2282 2309
f 2313 2288 2282
f 2314 2289 2311
f 2315 2287 2312
f 2315 2290 2287
f 2316 2291 2288
f 2316 2288 2313
f 2317 2290 2315
f 2317 2292 2290
f 2318 2289 2314
f 2318 2293 2289
f 2318 2296 2293
f 2319 2291 2316
f 2319 2294 2291
f 2320 2292 2317
f 2320 2295 2292
f 2321 2296 2318
f 2322 2294 2319
f 2322 2297 2294
f 2323 2298 1851
f 2324 2295 2320
f 2324 2299 2295
f 2325 2300 2296
f 2325 2296 2321
f 2325 2305 2300
f 2326 2297 2322
f 2326 2301 2297
f 2327 2302 2298
f 2327 2298 2323
f 2328 2303 2299
f 2328 2299 2324
f 2329 2301 2326
f 2329 2304 2301
f 2330 2305 2325
f 2330 2309 2305
f 2331 2306 2303
f 2331 2303 2328
f 2332 2307 2302
f 2332 2302 2327
f 2333 2308 2304
f 2333 2304 2329
f 2334 2309 2330
f 2335 2306 2331
f 2335 2310 2306
f 2335 2285 2310
f 2335 2336 2285
f 2337 2311 2307
f 2337 2314 2311
f 2337 2307 2332
f 2338 2312 2308
f 2338 2308 2333
f 2339 2309 2334
f 2339 2313 2309
f 2340 2314 2337
f 2341 2317 2315
f 2341 2315 2312
f 2341 2312 2338
f 2342 2313 2339
f 2342 2316 2313
f 2343 2317 2341
f 2344 2318 2314
f 2344 2314 2340
f 2345 2316 2342
f 2345 2319 2316
f 2346 2320 2317
f 2346 2317 2343
f 2347 2321 2318
f 2347 2318 2344
f 2348 2322 2319
f 2348 2319 2345
f 2349 1851 1852
f 2349 1852 1853
f 2349 2323 1851
f 2349 2327 2323
f 2350 2320 2346
f 2350 2324 2320
f 2351 2321 2347
f 2351 2325 2321
f 2352 2322 2348
f 2352 2326 2322
f 2353 2327 2349
f 2354 2324 2350
f 2354 2328 2324
f 2355 2329 2326
f 2355 2326 2352
f 2356 2330 2325
f 2356 2325 2351
f 2357 2331 2328
f 2357 2328 2354
f 2358 2337 2332
f 2358 2332 2327
f 2358 2327 2353
f 2359 2333 2329
f 2359 2338 2333
f 2359 2329 2355
f 2360 2330 2356
f 2360 2334 2330
f 2360 2339 2334
f 2361 2336 2335
f 2361 2335 2331
f 2361 2331 2357
f 2361 2362 2336
f 2363 2337 2358
f 2364 2338 2359
f 2365 2339 2360
f 2366 2344 2340
f 2366 2340 2337
f 2366 2337 2363
f 2367 2341 2338
f 2367 2338 2364
f 2368 2342 2339
f 2368 2339 2365
f 2369 2343 2341
f 2369 2341 2367
f 2370 2344 2366
f 2371 2345 2342
f 2371 2348 2345
f 2371 2342 2368
f 2372 2346 2343
f 2372 2343 2369
f 2372 2350 2346
f 2373 2344 2370
f 2373 2347 2344
f 2374 2348 2371
f 2375 1853 1854
f 2375 2349 1853
f 2376 2350 2372
f 2377 2347 2373
f 2377 2351 2347
f 2378 2348 2374
f 2378 2352 2348
f 2379 2349 2375
f 2379 2353 2349
f 2380 2354 2350
f 2380 2350 2376
f 2381 2352 2378
f 2381 2355 2352
f 2382 2351 2377
f 2382 2356 2351
f 2383 2354 2380
f 2383 2357 2354
f 2383 2361 2357
f 2384 2353 2379
f 2384 2358 2353
f 2385 2355 2381
f 2385 2359 2355
f 2386 2360 2356
f 2386 2356 2382
f 2387 2361 2383
f 2387 2388 2362
f 2387 2389 2388
f 2387 2362 2361
f 2390 2358 2384
f 2390 2363 2358
f 2391 2359 2385
f 2391 2364 2359
f 2392 2360 2386
f 2392 2368 2365
f 2392 2365 2360
f 2393 2363 2390
f 2393 2366 2363
f 2393 2370 2366
f 2394 2367 2364
f 2394 2364 2391
f 2395 2371 2368
f 2395 2368 2392
f 2396 2369 2367
f 2396 2367 2394
f 2396 2372 2369
f 2397 2370 2393
f 2397 2373 2370
f 2398 2371 2395
f 2399 2372 2396
f 2400 2373 2397
f 2401 2374 2371
f 2401 2378 2374
f 2401 2371 2398
f 2402 2375 1854
f 2402 1854 1855
f 2402 2379 2375
f 2403 2372 2399
f 2403 2376 2372
f 2404 2377 2373
f 2404 2373 2400
f 2405 2381 2378
f 2405 2378 2401
f 2406 2379 2402
f 2407 2376 2403
f 2407 2380 2376
f 2408 2381 2405
f 2409 2382 2377
f 2409 2377 2404
f 2410 2380 2407
f 2410 2383 2380
f 2410 2387 2383
f 2411 2390 2384
f 2411 2379 2406
f 2411 2384 2379
f 2412 2381 2408
f 2412 2385 2381
f 2413 2386 2382
f 2413 2382 2409
f 2414 2387 2410
f 2414 2389 2387
f 2415 2390 2411
f 2416 2391 2385
f 2416 2394 2391
f 2416 2385 2412
f 2417 2386 2413
f 2417 2392 2386
f 2418 2390 2415
f 2418 2393 2390
f 2419 2394 2416
f 2419 2396 2394
f 2420 2398 2395
f 2420 2395 2392
f 2420 2392 2417
f 2421 2396 2419
f 2422 2393 2418
f 2422 2397 2393
f 2422 2400 2397
f 2423 2398 2420
f 2424 2396 2421
f 2424 2399 2396
f 2425 2400 2422
f 2426 2405 2401
f 2426 2398 2423
f 2426 2401 2398
f 2427 2406 2402
f 2427 2402 1855
f 2428 2399 2424
f 2428 2403 2399
f 2429 2400 2425
f 2429 2404 2400
f 2430 2405 2426
f 2431 2406 2427
f 2432 2407 2403
f 2432 2403 2428
f 2433 2408 2405
f 2433 2405 2430
f 2434 2404 2429
f 2434 2409 2404
f 2435 2410 2407
f 2435 2407 2432
f 2436 2411 2406
f 2436 2406 2431
f 2437 2412 2408
f 2437 2408 2433
f 2438 2413 2409
f 2438 2409 2434
f 2439 2410 2435
f 2439 2414 2410
f 2439 2389 2414
f 2439 2440 2389
f 2441 2415 2411
f 2441 2411 2436
f 2442 2416 2412
f 2442 2412 2437
f 2443 2417 2413
f 2443 2420 2417
f 2443 2413 2438
f 2444 2415 2441
f 2444 2418 2415
f 2444 2422 2418
f 2445 2419 2416
f 2445 2416 2442
f 2446 2420 2443
f 2446 2423 2420
f 2447 2421 2419
f 2447 2419 2445
f 2448 2422 2444
f 2449 2423 2446
f 2450 2424 2421
f 2450 2421 2447
f 2450 2428 2424
f 2451 2425 2422
f 2451 2429 2425
f 2451 2422 2448
f 2452 2423 2449
f 2452 2426 2423
f 2452 2430 2426
f 2453 2427 1855
f 2453 1855 1856
f 2454 2428 2450
f 2454 2432 2428
f 2455 2429 2451
f 2456 2430 2452
f 2457 2431 2427
f 2457 2427 2453
f 2458 2432 2454
f 2459 2430 2456
f 2459 2433 2430
f 2460 2429 2455
f 2460 2434 2429
f 2460 2438 2434
f 2461 2439 2435
f 2461 2435 2432
f 2461 2432 2458
f 2462 2436 2431
f 2462 2431 2457
f 2463 2433 2459
f 2463 2437 2433
f 2464 2438 2460
f 2465 2440 2439
f 2465 2439 2461
f 2465 2466 2440
f 2467 2441 2436
f 2467 2436 2462
f 2468 2442 2437
f 2468 2437 2463
f 2469 2438 2464
f 2469 2446 2443
f 2469 2443 2438
f 2470 2444 2441
f 2470 2441 2467
f 2471 2445 2442
f 2471 2442 2468
f 2472 2449 2446
f 2472 2446 2469
f 2473 2447 2445
f 2473 2445 2471
f 2474 2451 2448
f 2474 2444 2470
f 2474 2448 2444
f 2475 2449 2472
f 2476 2447 2473
f 2476 2450 2447
f 2477 2451 2474
f 2478 2452 2449
f 2478 2449 2475
f 2479 1856 1857
f 2479 2453 1856
f 2480 2450 2476
f 2480 2454 2450
f 2481 2451 2477
f 2481 2455 2451
f 2482 2456 2452
f 2482 2452 2478
f 2483 2453 2479
f 2483 2457 2453
f 2484 2458 2454
f 2484 2454 2480
f 2485 2459 2456
f 2485 2456 2482
f 2486 2455 2481
f 2486 2460 2455
f 2487 2458 2484
f 2487 2461 2458
f 2487 2465 2461
f 2488 2457 2483
f 2488 2462 2457
f 2489 2463 2459
f 2489 2459 2485
f 2490 2460 2486
f 2490 2464 2460
f 2491 2465 2487
f 2491 2492 2466
f 2491 2466 2465
f 2493 2462 2488
f 2493 2467 2462
f 2494 2463 2489
f 2494 2468 2463
f 2495 2472 2469
f 2495 2464 2490
f 2495 2469 2464
f 2496 2467 2493
f 2496 2470 2467
f 2497 2471 2468
f 2497 2468 2494
f 2498 2475 2472
f 2498 2472 2495
f 2499 2473 2471
f 2499 2471 2497
f 2500 2474 2470
f 2500 2470 2496
f 2501 2475 2498
f 2502 2476 2473
f 2502 2480 2476
f 2502 2473 2499
f 2503 2481 2477
f 2503 2474 2500
f 2503 2477 2474
f 2504 2478 2475
f 2504 2482 2478
f 2504 2475 2501
f 2505 1857 1858
f 2505 2479 1857
f 2506 2480 2502
f 2507 2481 2503
f 2508 2482 2504
f 2509 2483 2479
f 2509 2479 2505
f 2510 2484 2480
f 2510 2487 2484
f 2510 2480 2506
f 2511 2485 2482
f 2511 2482 2508
f 2512 2486 2481
f 2512 2481 2507
f 2513 2487 2510
f 2514 2488 2483
f 2514 2483 2509
f 2515 2489 2485
f 2515 2485 2511
f 2516 2490 2486
f 2516 2486 2512
f 2517 2487 2513
f 2517 2491 2487
f 2517 2492 2491
f 2517 2518 2492
f 2519 2488 2514
f 2519 2493 2488
f 2520 2494 2489
f 2520 2489 2515
f 2521 2490 2516
f 2521 2495 2490
f 2522 2493 2519
f 2522 2500 2496
f 2522 2496 2493
f 2523 2494 2520
f 2523 2497 2494
f 2523 2499 2497
f 2524 2498 2495
f 2524 2495 2521
f 2525 2499 2523
f 2525 2502 2499
f 2526 2500 2522
f 2527 2501 2498
f 2527 2498 2524
f 2528 2506 2502
f 2528 2502 2525
f 2529 2503 2500
f 2529 2500 2526
f 2530 2501 2527
f 2530 2504 2501
f 2531 2505 1858
f 2531 1858 1859
f 2532 2506 2528
f 2532 2510 2506
f 2533 2503 2529
f 2533 2507 2503
f 2534 2504 2530
f 2534 2508 2504
f 2535 2509 2505
f 2535 2505 2531
f 2536 2510 2532
f 2537 2508 2534
f 2537 2511 2508
f 2538 2512 2507
f 2538 2507 2533
f 2538 2516 2512
f 2539 2513 2510
f 2539 2510 2536
f 2540 2514 2509
f 2540 2509 2535
f 2541 2515 2511
f 2541 2511 2537
f 2542 2516 2538
f 2543 2517 2513
f 2543 2518 2517
f 2543 2544 2518
f 2543 2513 2539
f 2545 2519 2514
f 2545 2522 2519
f 2545 2514 2540
f 2546 2520 2515
f 2546 2515 2541
f 2547 2521 2516
f 2547 2516 2542
f 2548 2522 2545
f 2549 2520 2546
f 2549 2523 2520
f 2550 2521 2547
f 2550 2524 2521
f 2551 2525 2523
f 2551 2523 2549
f 2552 2526 2522
f 2552 2529 2526
f 2552 2522 2548
f 2553 2527 2524
f 2553 2524 2550
f 2554 2525 2551
f 2554 2528 2525
f 2555 2529 2552
f 2556 2527 2553
f 2556 2530 2527
f 2557 1859 1860
f 2557 2531 1859
f 2558 2528 2554
f 2558 2532 2528
f 2559 2529 2555
f 2559 2533 2529
f 2559 2538 2533
f 2560 2530 2556
f 2560 2534 2530
f 2561 2535 2531
f 2561 2540 2535
f 2561 2531 2557
f 2562 2536 2532
f 2562 2532 2558
f 2563 2534 2560
f 2563 2537 2534
f 2564 2538 2559
f 2565 2536 2562
f 2565 2539 2536
f 2566 2540 2561
f 2567 2537 2563
f 2567 2541 2537
f 2568 2542 2538
f 2568 2538 2564
f 2569 2544 2543
f 2569 2543 2539
f 2569 2539 2565
f 2569 2570 2544
f 2571 2540 2566
f 2571 2545 2540
f 2571 2548 2545
f 2572 2546 2541
f 2572 2541 2567
f 2573 2542 2568
f 2573 2547 2542
f 2574 2548 2571
f 2575 2549 2546
f 2575 2546 2572
f 2576 2553 2550
f 2576 2547 2573
f 2576 2550 2547
f 2577 2551 2549
f 2577 2549 2575
f 2578 2552 2548
f 2578 2555 2552
f 2578 2548 2574
f 2579 2553 2576
f 2580 2554 2551
f 2580 2558 2554
f 2580 2551 2577
f 2581 2555 2578
f 2582 2556 2553
f 2582 2553 2579
f 2583 1860 1861
f 2583 1861 1862
f 2583 1862 2584
f 2583 2557 1860
f 2585 2558 2580
f 2586 2555 2581
f 2586 2559 2555
f 2586 2564 2559
f 2587 2556 2582
f 2587 2560 2556
f 2588 2557 2583
f 2588 2561 2557
f 2588 2584 2589
f 2588 2583 2584
f 2590 2558 2585
f 2590 2562 2558
f 2591 2563 2560
f 2591 2567 2563
f 2591 2560 2587
f 2592 2564 2586
f 2593 2565 2562
f 2593 2562 2590
f 2594 2589 2595
f 2594 2595 2596
f 2594 2566 2561
f 2594 2561 2588
f 2594 2588 2589
f 2597 2567 2591
f 2598 2564 2592
f 2598 2568 2564
f 2598 2573 2568
f 2599 2565 2593
f 2599 2569 2565
f 2599 2570 2569
f 2599 2600 2570
f 2601 2566 2594
f 2601 2594 2596
f 2601 2571 2566
f 2602 2567 2597
f 2602 2572 2567
f 2603 2573 2598
f 2604 2596 2605
f 2604 2574 2571
f 2604 2571 2601
f 2604 2601 2596
f 2606 2575 2572
f 2606 2572 2602
f 2606 2577 2575
f 2607 2576 2573
f 2607 2579 2576
f 2607 2573 2603
f 2608 2577 2606
f 2608 2580 2577
f 2609 2604 2605
f 2609 2605 2610
f 2609 2574 2604
f 2609 2578 2574
f 2611 2579 2607
f 2612 2585 2580
f 2612 2580 2608
f 2613 2610 2614
f 2613 2609 2610
f 2613 2578 2609
f 2613 2581 2578
f 2615 2582 2579
f 2615 2579 2611
f 2616 2585 2612
f 2617 2586 2581
f 2617 2581 2613
f 2617 2614 2618
f 2617 2613 2614
f 2619 2582 2615
f 2619 2587 2582
f 2620 2590 2585
f 2620 2593 2590
f 2620 2585 2616
f 2621 2597 2591
f 2621 2591 2587
f 2621 2587 2619
f 2622 2617 2618
f 2622 2586 2617
f 2622 2592 2586
f 2622 2618 2623
f 2622 2623 2624
f 2625 2599 2593
f 2625 2593 2620
f 2626 2597 2621
f 2627 2622 2624
f 2627 2592 2622
f 2627 2598 2592
f 2628 2599 2625
f 2628 2600 2599
f 2628 2629 2600
f 2628 2630 2629
f 2631 2597 2626
f 2631 2602 2597
f 2632 2598 2627
f 2632 2603 2598
f 2632 2624 2633
f 2632 2627 2624
f 2634 2602 2631
f 2634 2606 2602
f 2634 2608 2606
f 2635 2603 2632
f 2635 2632 2633
f 2635 2611 2607
f 2635 2607 2603
f 2635 2633 2636
f 2637 2608 2634
f 2638 2611 2635
f 2638 2636 2639
f 2638 2635 2636
f 2640 2608 2637
f 2640 2612 2608
f 2641 2638 2639
f 2641 2639 2642
f 2641 2611 2638
f 2641 2615 2611
f 2643 2612 2640
f 2643 2616 2612
f 2644 2641 2642
f 2644 2615 2641
f 2644 2642 2645
f 2644 2619 2615
f 2646 2620 2616
f 2646 2616 2643
f 2647 2621 2619
f 2647 2626 2621
f 2647 2644 2645
f 2647 2645 2648
f 2647 2619 2644
f 2649 2625 2620
f 2649 2620 2646
f 2650 2647 2648
f 2650 2626 2647
f 2650 2648 2651
f 2652 2630 2628
f 2652 2625 2649
f 2652 2628 2625
f 2653 2631 2626
f 2653 2650 2651
f 2653 2651 2654
f 2653 2626 2650
f 2655 2653 2654
f 2655 2634 2631
f 2655 2654 2656
f 2655 2631 2653
f 2657 2634 2655
f 2657 2656 2658
f 2657 2655 2656
f 2657 2637 2634
f 2659 2640 2637
f 2659 2637 2657
f 2659 2658 2660
f 2659 2657 2658
f 2661 2643 2640
f 2661 2660 2662
f 2661 2640 2659
f 2661 2659 2660
f 2663 2661 2662
f 2663 2646 2643
f 2663 2662 2664
f 2663 2643 2661
f 2665 2664 2666
f 2665 2649 2646
f 2665 2646 2663
f 2665 2663 2664
f 2667 2649 2665
f 2667 2630 2652
f 2667 2665 2666
f 2667 2666 2668
f 2667 2668 2669
f 2667 2652 2649
f 2667 2670 2630
f 2667 2669 2670
f 2671 2669 2668
f 2672 2584 1862
f 2672 1862 1863
f 2673 2589 2584
f 2673 2584 2672
f 2674 2595 2589
f 2674 2589 2673
f 2675 2596 2595
f 2675 2595 2674
f 2676 2605 2596
f 2676 2596 2675
f 2677 2610 2605
f 2677 2605 2676
f 2678 2614 2610
f 2678 2610 2677
f 2679 1863 1864
f 2679 2672 1863
f 2680 2618 2614
f 2680 2614 2678
f 2681 2673 2672
f 2681 2672 2679
f 2682 2623 2618
f 2682 2618 2680
f 2683 2673 2681
f 2683 2674 2673
f 2684 2624 2623
f 2684 2623 2682
f 2685 2675 2674
f 2685 2674 2683
f 2686 2633 2624
f 2686 2624 2684
f 2687 2676 2675
f 2687 2675 2685
f 2688 2633 2686
f 2688 2636 2633
f 2689 2676 2687
f 2689 2677 2676
f 2690 2636 2688
f 2690 2639 2636
f 2691 2677 2689
f 2691 2678 2677
f 2692 2639 2690
f 2692 2642 2639
f 2692 2645 2642
f 2693 1864 1865
f 2693 2679 1864
f 2694 2678 2691
f 2694 2680 2678
f 2695 2645 2692
f 2696 2681 2679
f 2696 2679 2693
f 2697 2651 2648
f 2697 2645 2695
f 2697 2648 2645
f 2698 2680 2694
f 2698 2682 2680
f 2699 2683 2681
f 2699 2681 2696
f 2700 2651 2697
f 2701 2684 2682
f 2701 2686 2684
f 2701 2682 2698
f 2702 2685 2683
f 2702 2683 2699
f 2703 2654 2651
f 2703 2651 2700
f 2704 2686 2701
f 2705 2685 2702
f 2705 2687 2685
f 2706 2656 2654
f 2706 2654 2703
f 2707 2688 2686
f 2707 2686 2704
f 2708 2658 2656
f 2708 2656 2706
f 2709 2689 2687
f 2709 2687 2705
f 2710 2688 2707
f 2710 2690 2688
f 2711 2660 2658
f 2711 2658 2708
f 2712 2689 2709
f 2712 2691 2689
f 2713 2690 2710
f 2713 2692 2690
f 2714 1865 1866
f 2714 1866 1867
f 2714 2696 2693
f 2714 2693 1865
f 2715 2662 2660
f 2715 2660 2711
f 2716 2694 2691
f 2716 2691 2712
f 2717 2697 2695
f 2717 2692 2713
f 2717 2695 2692
f 2718 2696 2714
f 2718 2699 2696
f 2719 2664 2662
f 2719 2666 2664
f 2719 2662 2715
f 2720 2697 2717
f 2721 2698 2694
f 2721 2694 2716
f 2722 2666 2719
f 2723 2699 2718
f 2724 2697 2720
f 2724 2700 2697
f 2725 2698 2721
f 2725 2701 2698
f 2726 2668 2666
f 2726 2671 2668
f 2726 2666 2722
f 2727 2702 2699
f 2727 2699 2723
f 2728 2700 2724
f 2728 2703 2700
f 2729 2704 2701
f 2729 2701 2725
f 2730 2705 2702
f 2730 2709 2705
f 2730 2702 2727
f 2731 2706 2703
f 2731 2703 2728
f 2732 2710 2707
f 2732 2704 2729
f 2732 2707 2704
f 2733 2708 2706
f 2733 2706 2731
f 2734 2712 2709
f 2734 2709 2730
f 2735 2710 2732
f 2736 2711 2708
f 2736 2708 2733
f 2737 2712 2734
f 2738 2713 2710
f 2738 2710 2735
f 2739 2714 1867
f 2740 2715 2711
f 2740 2719 2715
f 2740 2711 2736
f 2741 2716 2712
f 2741 2712 2737
f 2742 2713 2738
f 2742 2717 2713
f 2743 2714 2739
f 2743 2718 2714
f 2744 2719 2740
f 2745 2724 2720
f 2745 2720 2717
f 2745 2717 2742
f 2746 2716 2741
f 2746 2721 2716
f 2747 2719 2744
f 2747 2722 2719
f 2747 2726 2722
f 2748 2718 2743
f 2748 2723 2718
f 2749 2724 2745
f 2750 2721 2746
f 2750 2725 2721
f 2751 2726 2747
f 2751 2752 2671
f 2751 2753 2752
f 2751 2671 2726
f 2754 2723 2748
f 2754 2727 2723
f 2755 2724 2749
f 2755 2731 2728
f 2755 2728 2724
f 2756 2729 2725
f 2756 2725 2750
f 2757 2734 2730
f 2757 2727 2754
f 2757 2730 2727
f 2758 2731 2755
f 2758 2733 2731
f 2759 2729 2756
f 2759 2732 2729
f 2760 2733 2758
f 2761 2734 2757
f 2762 2738 2735
f 2762 2732 2759
f 2762 2735 2732
f 2763 2740 2736
f 2763 2736 2733
f 2763 2733 2760
f 2764 2741 2737
f 2764 2734 2761
f 2764 2737 2734
f 2765 2738 2762
f 2766 1867 1868
f 2766 2739 1867
f 2767 2740 2763
f 2768 2741 2764
f 2769 2742 2738
f 2769 2738 2765
f 2770 2739 2766
f 2770 2743 2739
f 2771 2744 2740
f 2771 2740 2767
f 2772 2749 2745
f 2772 2745 2742
f 2772 2742 2769
f 2773 2741 2768
f 2773 2746 2741
f 2774 2747 2744
f 2774 2751 2747
f 2774 2744 2771
f 2775 2748 2743
f 2775 2743 2770
f 2776 2755 2749
f 2776 2749 2772
f 2777 2750 2746
f 2777 2756 2750
f 2777 2746 2773
f 2778 2751 2774
f 2778 2753 2751
f 2779 2748 2775
f 2779 2754 2748
f 2780 2755 2776
f 2781 2756 2777
f 2782 2754 2779
f 2782 2757 2754
f 2783 2755 2780
f 2783 2758 2755
f 2784 2756 2781
f 2784 2759 2756
f 2785 2758 2783
f 2785 2760 2758
f 2786 2757 2782
f 2786 2761 2757
f 2787 2765 2762
f 2787 2759 2784
f 2787 2762 2759
f 2788 2760 2785
f 2788 2763 2760
f 2789 2761 2786
f 2789 2764 2761
f 2790 2765 2787
f 2791 1868 1869
f 2791 2766 1868
f 2792 2763 2788
f 2792 2767 2763
f 2793 2768 2764
f 2793 2764 2789
f 2794 2769 2765
f 2794 2765 2790
f 2794 2772 2769
f 2795 2766 2791
f 2795 2770 2766
f 2796 2767 2792
f 2796 2771 2767
f 2797 2772 2794
f 2798 2773 2768
f 2798 2768 2793
f 2799 2774 2771
f 2799 2778 2774
f 2799 2771 2796
f 2800 2775 2770
f 2800 2779 2775
f 2800 2770 2795
f 2801 2776 2772
f 2801 2772 2797
f 2802 2777 2773
f 2802 2773 2798
f 2803 2753 2778
f 2803 2778 2799
f 2803 2804 2753
f 2805 2779 2800
f 2806 2776 2801
f 2806 2780 2776
f 2807 2781 2777
f 2807 2777 2802
f 2808 2782 2779
f 2808 2779 2805
f 2809 2785 2783
f 2809 2783 2780
f 2809 2780 2806
f 2810 2781 2807
f 2810 2784 2781
f 2810 2787 2784
f 2811 2785 2809
f 2812 2782 2808
f 2812 2789 2786
f 2812 2786 2782
f 2813 2787 2810
f 2814 2792 2788
f 2814 2785 2811
f 2814 2788 2785
f 2815 2789 2812
f 2816 2787 2813
f 2816 2790 2787
f 2817 2795 2791
f 2817 1869 1870
f 2817 2791 1869
f 2818 2792 2814
f 2819 2789 2815
f 2819 2793 2789
f 2819 2798 2793
f 2820 2790 2816
f 2820 2794 2790
f 2821 2800 2795
f 2821 2795 2817
f 2822 2792 2818
f 2822 2796 2792
f 2823 2794 2820
f 2823 2797 2794
f 2824 2798 2819
f 2824 2802 2798
f 2825 2796 2822
f 2825 2799 2796
f 2825 2803 2799
f 2826 2800 2821
f 2827 2797 2823
f 2827 2801 2797
f 2828 2802 2824
f 2828 2807 2802
f 2829 2804 2803
f 2829 2803 2825
f 2829 2830 2804
f 2831 2805 2800
f 2831 2800 2826
f 2832 2806 2801
f 2832 2801 2827
f 2833 2807 2828
f 2833 2810 2807
f 2834 2808 2805
f 2834 2805 2831
f 2834 2812 2808
f 2835 2811 2809
f 2835 2806 2832
f 2835 2809 2806
f 2836 2810 2833
f 2837 2811 2835
f 2838 2812 2834
f 2839 2813 2810
f 2839 2810 2836
f 2840 2814 2811
f 2840 2811 2837
f 2841 2815 2812
f 2841 2819 2815
f 2841 2812 2838
f 2842 2816 2813
f 2842 2813 2839
f 2842 2820 2816
f 2843 1870 1871
f 2843 1871 1872
f 2843 2817 1870
f 2844 2814 2840
f 2844 2818 2814
f 2845 2819 2841
f 2846 2820 2842
f 2847 2826 2821
f 2847 2817 2843
f 2847 2821 2817
f 2848 2822 2818
f 2848 2818 2844
f 2849 2823 2820
f 2849 2820 2846
f 2850 2819 2845
f 2850 2824 2819
f 2850 2828 2824
f 2851 2822 2848
f 2851 2825 2822
f 2852 2826 2847
f 2853 2823 2849
f 2853 2827 2823
f 2854 2828 2850
f 2855 2825 2851
f 2855 2856 2830
f 2855 2829 2825
f 2855 2830 2829
f 2857 2826 2852
f 2857 2831 2826
f 2858 2827 2853
f 2858 2832 2827
f 2859 2836 2833
f 2859 2833 2828
f 2859 2828 2854
f 2860 2831 2857
f 2860 2838 2834
f 2860 2834 2831
f 2861 2832 2858
f 2861 2835 2832
f 2861 2837 2835
f 2862 2836 2859
f 2863 2837 2861
f 2864 2838 2860
f 2864 2841 2838
f 2865 2836 2862
f 2865 2839 2836
f 2865 2842 2839
f 2866 2840 2837
f 2866 2844 2840
f 2866 2837 2863
f 2867 2845 2841
f 2867 2841 2864
f 2868 2842 2865
f 2869 2843 1872
f 2870 2844 2866
f 2871 2845 2867
f 2872 2846 2842
f 2872 2842 2868
f 2873 2843 2869
f 2873 2847 2843
f 2874 2848 2844
f 2874 2844 2870
f 2875 2849 2846
f 2875 2853 2849
f 2875 2846 2872
f 2876 2850 2845
f 2876 2845 2871
f 2877 2851 2848
f 2877 2855 2851
f 2877 2848 2874
f 2878 2852 2847
f 2878 2847 2873
f 2879 2853 2875
f 2880 2854 2850
f 2880 2859 2854
f 2880 2850 2876
f 2881 2855 2877
f 2881 2856 2855
f 2881 2882 2856
f 2881 2883 2882
f 2884 2857 2852
f 2884 2852 2878
f 2885 2853 2879
f 2885 2858 2853
f 2886 2859 2880
f 2887 2857 2884
f 2887 2860 2857
f 2888 2861 2858
f 2888 2858 2885
f 2889 2862 2859
f 2889 2859 2886
f 2890 2861 2888
f 2890 2863 2861
f 2891 2860 2887
f 2891 2864 2860
f 2892 2865 2862
f 2892 2862 2889
f 2893 2863 2890
f 2893 2866 2863
f 2894 2864 2891
f 2894 2867 2864
f 2895 2865 2892
f 2895 2868 2865
f 2896 1872 1873
f 2896 1873 1874
f 2896 2869 1872
f 2897 2866 2893
f 2897 2870 2866
f 2898 2871 2867
f 2898 2867 2894
f 2899 2868 2895
f 2899 2872 2868
f 2900 2878 2873
f 2900 2873 2869
f 2900 2869 2896
f 2901 2874 2870
f 2901 2877 2874
f 2901 2870 2897
f 2902 2875 2872
f 2902 2872 2899
f 2902 2879 2875
f 2903 2871 2898
f 2903 2876 2871
f 2904 2877 2901
f 2905 2878 2900
f 2906 2885 2879
f 2906 2879 2902
f 2907 2880 2876
f 2907 2876 2903
f 2908 2883 2881
f 2908 2881 2877
f 2908 2909 2883
f 2908 2877 2904
f 2910 2884 2878
f 2910 2878 2905
f 2910 2887 2884
f 2911 2885 2906
f 2912 2886 2880
f 2912 2889 2886
f 2912 2880 2907
f 2913 2891 2887
f 2913 2887 2910
f 2914 2888 2885
f 2914 2885 2911
f 2915 2889 2912
f 2916 2890 2888
f 2916 2888 2914
f 2917 2891 2913
f 2918 2889 2915
f 2918 2892 2889
f 2918 2895 2892
f 2919 2893 2890
f 2919 2890 2916
f 2920 2891 2917
f 2920 2894 2891
f 2921 2895 2918
f 2922 2896 1874
f 2923 2893 2919
f 2923 2897 2893
f 2924 2894 2920
f 2924 2898 2894
f 2925 2899 2895
f 2925 2902 2899
f 2925 2895 2921
f 2926 2896 2922
f 2926 2900 2896
f 2927 2897 2923
f 2927 2901 2897
f 2927 2904 2901
f 2928 2902 2925
f 2929 2898 2924
f 2929 2903 2898
f 2930 2904 2927
f 2931 2900 2926
f 2931 2905 2900
f 2932 2902 2928
f 2932 2906 2902
f 2932 2911 2906
f 2933 2903 2929
f 2933 2907 2903
f 2934 2904 2930
f 2934 2909 2908
f 2934 2908 2904
f 2935 2910 2905
f 2935 2905 2931
f 2936 2911 2932
f 2937 2912 2907
f 2937 2915 2912
f 2937 2907 2933
f 2938 2913 2910
f 2938 2910 2935
f 2939 2914 2911
f 2939 2916 2914
f 2939 2911 2936
f 2940 2915 2937
f 2941 2919 2916
f 2941 2916 2939
f 2942 2917 2913
f 2942 2913 2938
f 2943 2915 2940
f 2943 2918 2915
f 2944 2923 2919
f 2944 2919 2941
f 2945 2920 2917
f 2945 2917 2942
f 2946 2921 2918
f 2946 2918 2943
f 2947 1874 1875
f 2947 2922 1874
f 2948 2923 2944
f 2949 2929 2924
f 2949 2924 2920
f 2949 2920 2945
f 2950 2925 2921
f 2950 2921 2946
f 2951 2922 2947
f 2951 2926 2922
f 2951 2931 2926
f 2952 2923 2948
f 2952 2927 2923
f 2952 2930 2927
f 2953 2925 2950
f 2953 2928 2925
f 2954 2929 2949
f 2955 2930 2952
f 2956 2931 2951
f 2957 2932 2928
f 2957 2928 2953
f 2958 2933 2929
f 2958 2929 2954
f 2959 2930 2955
f 2959 2934 2930
f 2959 2909 2934
f 2959 2960 2909
f 2961 2931 2956
f 2961 2938 2935
f 2961 2935 2931
f 2962 2932 2957
f 2962 2936 2932
f 2963 2933 2958
f 2963 2937 2933
f 2964 2942 2938
f 2964 2938 2961
f 2965 2936 2962
f 2965 2939 2936
f 2966 2940 2937
f 2966 2937 2963
f 2967 2939 2965
f 2967 2941 2939
f 2968 2942 2964
f 2969 2940 2966
f 2969 2943 2940
f 2969 2946 2943
f 2970 2941 2967
f 2970 2944 2941
f 2971 2945 2942
f 2971 2949 2945
f 2971 2942 2968
f 2972 2946 2969
f 2973 2947 1875
f 2973 1875 1876
f 2974 2948 2944
f 2974 2944 2970
f 2975 2954 2949
f 2975 2949 2971
f 2976 2953 2950
f 2976 2950 2946
f 2976 2946 2972
f 2977 2951 2947
f 2977 2947 2973
f 2978 2948 2974
f 2978 2952 2948
f 2979 2953 2976
f 2980 2954 2975
f 2981 2955 2952
f 2981 2952 2978
f 2982 2951 2977
f 2982 2956 2951
f 2983 2957 2953
f 2983 2953 2979
f 2984 2954 2980
f 2984 2963 2958
f 2984 2958 2954
f 2985 2959 2955
f 2985 2960 2959
f 2985 2986 2960
f 2985 2955 2981
f 2987 2956 2982
f 2987 2961 2956
f 2988 2962 2957
f 2988 2957 2983
f 2989 2963 2984
f 2989 2966 2963
f 2990 2961 2987
f 2990 2964 2961
f 2991 2962 2988
f 2991 2965 2962
f 2991 2967 2965
f 2992 2966 2989
f 2993 2967 2991
f 2994 2971 2968
f 2994 2964 2990
f 2994 2968 2964
f 2995 2972 2969
f 2995 2969 2966
f 2995 2966 2992
f 2996 2967 2993
f 2996 2970 2967
f 2997 2971 2994
f 2998 2972 2995
f 2999 2973 1876
f 2999 1876 1877
f 2999 1877 1878
f 2999 2977 2973
f 3000 2970 2996
f 3000 2974 2970
f 3001 2980 2975
f 3001 2975 2971
f 3001 2971 2997
f 3002 2972 2998
f 3002 2976 2972
f 3003 2977 2999
f 3003 2982 2977
f 3004 2978 2974
f 3004 2974 3000
f 3005 2976 3002
f 3005 2979 2976
f 3006 2980 3001
f 3007 2985 2981
f 3007 2978 3004
f 3007 2981 2978
f 3008 2982 3003
f 3009 2988 2983
f 3009 2983 2979
f 3009 2979 3005
f 3010 2980 3006
f 3010 2984 2980
f 3011 2986 2985
f 3011 2985 3007
f 3011 3012 2986
f 3013 2990 2987
f 3013 2982 3008
f 3013 2987 2982
f 3014 2988 3009
f 3015 2984 3010
f 3015 2989 2984
f 3016 2990 3013
f 3016 2994 2990
f 3017 2988 3014
f 3017 2991 2988
f 3018 2992 2989
f 3018 2989 3015
f 3019 2993 2991
f 3019 2991 3017
f 3020 2994 3016
f 3021 2995 2992
f 3021 2992 3018
f 3022 2996 2993
f 3022 2993 3019
f 3023 2994 3020
f 3023 2997 2994
f 3023 3001 2997
f 3024 2995 3021
f 3024 2998 2995
f 3025 2999 1878
f 3025 1878 1879
f 3026 3000 2996
f 3026 3004 3000
f 3026 2996 3022
f 3027 3001 3023
f 3028 2998 3024
f 3028 3002 2998
f 3029 2999 3025
f 3029 3003 2999
f 3030 3004 3026
f 3030 3007 3004
f 3031 3002 3028
f 3031 3005 3002
f 3032 3006 3001
f 3032 3001 3027
f 3033 3007 3030
f 3034 3003 3029
f 3034 3008 3003
f 3035 3005 3031
f 3035 3009 3005
f 3036 3006 3032
f 3036 3010 3006
f 3037 3007 3033
f 3037 3038 3012
f 3037 3011 3007
f 3037 3012 3011
f 3039 3008 3034
f 3039 3013 3008
f 3040 3009 3035
f 3040 3014 3009
f 3041 3010 3036
f 3041 3015 3010
f 3042 3013 3039
f 3042 3016 3013
f 3043 3019 3017
f 3043 3014 3040
f 3043 3017 3014
f 3044 3015 3041
f 3044 3018 3015
f 3045 3019 3043
f 3046 3023 3020
f 3046 3020 3016
f 3046 3016 3042
f 3047 3021 3018
f 3047 3018 3044
f 3048 3022 3019
f 3048 3019 3045
f 3049 3023 3046
f 3050 3024 3021
f 3050 3028 3024
f 3050 3021 3047
f 3051 3029 3025
f 3051 3025 1879
f 3052 3022 3048
f 3052 3026 3022
f 3052 3030 3026
f 3053 3027 3023
f 3053 3032 3027
f 3053 3023 3049
f 3054 3028 3050
f 3055 3029 3051
f 3056 3030 3052
f 3057 3028 3054
f 3057 3031 3028
f 3058 3032 3053
f 3059 3030 3056
f 3059 3033 3030
f 3060 3029 3055
f 3060 3034 3029
f 3061 3040 3035
f 3061 3035 3031
f 3061 3031 3057
f 3062 3036 3032
f 3062 3032 3058
f 3063 3033 3059
f 3063 3037 3033
f 3063 3064 3038
f 3063 3038 3037
f 3065 3039 3034
f 3065 3034 3060
f 3066 3040 3061
f 3067 3041 3036
f 3067 3044 3041
f 3067 3036 3062
f 3068 3039 3065
f 3068 3042 3039
f 3069 3043 3040
f 3069 3040 3066
f 3070 3044 3067
f 3071 3043 3069
f 3071 3045 3043
f 3072 3042 3068
f 3072 3046 3042
f 3072 3049 3046
f 3073 3047 3044
f 3073 3044 3070
f 3073 3050 3047
f 3074 3045 3071
f 3074 3048 3045
f 3075 3049 3072
f 3076 3050 3073
f 3077 3051 1879
f 3077 1879 1880
f 3078 3048 3074
f 3078 3052 3048
f 3079 3053 3049
f 3079 3058 3053
f 3079 3049 3075
f 3080 3057 3054
f 3080 3050 3076
f 3080 3054 3050
f 3081 3051 3077
f 3081 3055 3051
f 3082 3056 3052
f 3082 3059 3056
f 3082 3052 3078
f 3083 3057 3080
f 3084 3062 3058
f 3084 3058 3079
f 3085 3059 3082
f 3086 3060 3055
f 3086 3055 3081
f 3087 3061 3057
f 3087 3066 3061
f 3087 3057 3083
f 3088 3067 3062
f 3088 3062 3084
f 3089 3059 3085
f 3089 3063 3059
f 3089 3064 3063
f 3089 3090 3064
f 3089 3091 3090
f 3092 3068 3065
f 3092 3065 3060
f 3092 3060 3086
f 3093 3066 3087
f 3094 3067 3088
f 3095 3068 3092
f 3096 3069 3066
f 3096 3066 3093
f 3097 3070 3067
f 3097 3067 3094
f 3098 3071 3069
f 3098 3074 3071
f 3098 3069 3096
f 3099 3072 3068
f 3099 3068 3095
f 3100 3070 3097
f 3100 3073 3070
f 3100 3076 3073
f 3101 3074 3098
f 3102 3072 3099
f 3102 3075 3072
f 3103 3076 3100
f 3103 3080 3076
f 3104 1880 1881
f 3104 3077 1880
f 3104 3081 3077
f 3105 3074 3101
f 3105 3078 3074
f 3106 3079 3075
f 3106 3075 3102
f 3107 3080 3103
f 3107 3083 3080
f 3108 3081 3104
f 3109 3085 3082
f 3109 3082 3078
f 3109 3078 3105
f 3110 3083 3107
f 3111 3079 3106
f 3111 3084 3079
f 3112 3085 3109
f 3112 3089 3085
f 3113 3081 3108
f 3113 3086 3081
f 3114 3083 3110
f 3114 3087 3083
f 3115 3084 3111
f 3115 3088 3084
f 3116 3091 3089
f 3116 3089 3112
f 3117 3092 3086
f 3117 3086 3113
f 3118 3093 3087
f 3118 3096 3093
f 3118 3087 3114
f 3119 3094 3088
f 3119 3088 3115
f 3120 3095 3092
f 3120 3092 3117
f 3121 3096 3118
f 3122 3094 3119
f 3122 3097 3094
f 3123 3098 3096
f 3123 3096 3121
f 3124 3099 3095
f 3124 3095 3120
f 3125 3097 3122
f 3125 3100 3097
f 3126 3101 3098
f 3126 3098 3123
f 3127 3099 3124
f 3127 3102 3099
f 3128 3100 3125
f 3128 3103 3100
f 3129 1881 1882
f 3129 3108 3104
f 3129 3104 1881
f 3130 3101 3126
f 3130 3105 3101
f 3131 3106 3102
f 3131 3102 3127
f 3132 3103 3128
f 3132 3107 3103
f 3133 3108 3129
f 3134 3109 3105
f 3134 3105 3130
f 3134 3112 3109
f 3135 3110 3107
f 3135 3107 3132
f 3136 3111 3106
f 3136 3106 3131
f 3137 3112 3134
f 3138 3108 3133
f 3138 3117 3113
f 3138 3113 3108
f 3139 3114 3110
f 3139 3110 3135
f 3140 3111 3136
f 3140 3115 3111
f 3141 3091 3116
f 3141 3112 3137
f 3141 3142 3091
f 3141 3116 3112
f 3143 3117 3138
f 3144 3114 3139
f 3144 3118 3114
f 3145 3119 3115
f 3145 3115 3140
f 3146 3117 3143
f 3146 3124 3120
f 3146 3120 3117
f 3147 3123 3121
f 3147 3121 3118
f 3147 3118 3144
f 3148 3125 3122
f 3148 3119 3145
f 3148 3122 3119
f 3149 3123 3147
f 3150 3124 3146
f 3150 3127 3124
f 3151 3125 3148
f 3152 3126 3123
f 3152 3123 3149
f 3153 3127 3150
f 3154 3132 3128
f 3154 3125 3151
f 3154 3128 3125
f 3155 3129 1882
f 3155 1882 1883
f 3155 1883 1884
f 3156 3126 3152
f 3156 3130 3126
f 3157 3131 3127
f 3157 3127 3153
f 3158 3132 3154
f 3159 3129 3155
f 3159 3133 3129
f 3160 3134 3130
f 3160 3130 3156
f 3161 3135 3132
f 3161 3132 3158
f 3162 3136 3131
f 3162 3140 3136
f 3162 3131 3157
f 3163 3134 3160
f 3163 3137 3134
f 3163 3141 3137
f 3164 3133 3159
f 3164 3138 3133
f 3165 3139 3135
f 3165 3135 3161
f 3166 3140 3162
f 3167 3141 3163
f 3167 3142 3141
f 3167 3168 3142
f 3169 3143 3138
f 3169 3138 3164
f 3170 3139 3165
f 3170 3144 3139
f 3170 3147 3144
f 3171 3148 3145
f 3171 3145 3140
f 3171 3140 3166
f 3172 3143 3169
f 3172 3146 3143
f 3173 3147 3170
f 3174 3148 3171
f 3175 3147 3173
f 3175 3149 3147
f 3175 3152 3149
f 3176 3150 3146
f 3176 3146 3172
f 3177 3148 3174
f 3177 3151 3148
f 3178 3152 3175
f 3179 3150 3176
f 3179 3153 3150
f 3180 3151 3177
f 3180 3154 3151
f 3181 3155 1884
f 3182 3156 3152
f 3182 3152 3178
f 3183 3153 3179
f 3183 3157 3153
f 3184 3154 3180
f 3184 3158 3154
f 3185 3159 3155
f 3185 3155 3181
f 3186 3160 3156
f 3186 3156 3182
f 3187 3161 3158
f 3187 3158 3184
f 3188 3157 3183
f 3188 3162 3157
f 3189 3163 3160
f 3189 3160 3186
f 3190 3164 3159
f 3190 3159 3185
f 3191 3161 3187
f 3191 3165 3161
f 3192 3166 3162
f 3192 3162 3188
f 3193 3167 3163
f 3193 3168 3167
f 3193 3194 3168
f 3193 3163 3189
f 3195 3169 3164
f 3195 3164 3190
f 3196 3170 3165
f 3196 3165 3191
f 3197 3166 3192
f 3197 3171 3166
f 3198 3172 3169
f 3198 3169 3195
f 3199 3173 3170
f 3199 3170 3196
f 3199 3175 3173
f 3200 3174 3171
f 3200 3171 3197
f 3201 3175 3199
f 3202 3176 3172
f 3202 3172 3198
f 3203 3177 3174
f 3203 3174 3200
f 3204 3178 3175
f 3204 3182 3178
f 3204 3175 3201
f 3205 3179 3176
f 3205 3176 3202
f 3206 3177 3203
f 3206 3180 3177
f 3206 3184 3180
f 3207 3181 1884
f 3207 1884 1885
f 3207 1885 1886
f 3207 3185 3181
f 3208 3182 3204
f 3209 3179 3205
f 3209 3183 3179
f 3210 3184 3206
f 3211 3185 3207
f 3212 3182 3208
f 3212 3186 3182
f 3213 3187 3184
f 3213 3184 3210
f 3214 3183 3209
f 3214 3188 3183
f 3215 3193 3189
f 3215 3186 3212
f 3215 3189 3186
f 3216 3190 3185
f 3216 3185 3211
f 3217 3187 3213
f 3217 3191 3187
f 3218 3188 3214
f 3218 3192 3188
f 3219 3194 3193
f 3219 3193 3215
f 3219 3220 3194
f 3221 3195 3190
f 3221 3198 3195
f 3221 3190 3216
f 3222 3196 3191
f 3222 3191 3217
f 3222 3199 3196
f 3223 3197 3192
f 3223 3200 3197
f 3223 3192 3218
f 3224 3202 3198
f 3224 3198 3221
f 3225 3199 3222
f 3226 3200 3223
f 3227 3201 3199
f 3227 3199 3225
f 3228 3205 3202
f 3228 3202 3224
f 3229 3200 3226
f 3229 3203 3200
f 3230 3204 3201
f 3230 3201 3227
f 3230 3208 3204
f 3231 3205 3228
f 3232 3203 3229
f 3232 3206 3203
f 3233 3207 1886
f 3234 3208 3230
f 3235 3205 3231
f 3235 3209 3205
f 3236 3210 3206
f 3236 3206 3232
f 3237 3211 3207
f 3237 3207 3233
f 3238 3212 3208
f 3238 3208 3234
f 3239 3210 3236
f 3239 3213 3210
f 3240 3214 3209
f 3240 3209 3235
f 3240 3218 3214
f 3241 3212 3238
f 3241 3215 3212
f 3241 3219 3215
f 3242 3211 3237
f 3242 3216 3211
f 3243 3213 3239
f 3243 3217 3213
f 3244 3218 3240
f 3245 3219 3241
f 3245 3246 3220
f 3245 3220 3219
f 3247 3216 3242
f 3247 3221 3216
f 3248 3222 3217
f 3248 3217 3243
f 3249 3223 3218
f 3249 3218 3244
f 3249 3226 3223
f 3250 3221 3247
f 3250 3224 3221
f 3251 3225 3222
f 3251 3222 3248
f 3252 3229 3226
f 3252 3226 3249
f 3253 3230 3227
f 3253 3225 3251
f 3253 3227 3225
f 3254 3228 3224
f 3254 3224 3250
f 3255 3229 3252
f 3256 3230 3253
f 3257 3231 3228
f 3257 3228 3254
f 3257 3235 3231
f 3258 3232 3229
f 3258 3229 3255
f 3258 3236 3232
f 3259 1886 1887
f 3259 3233 1886
f 3260 3234 3230
f 3260 3230 3256
f 3261 3235 3257
f 3262 3236 3258
f 3263 3233 3259
f 3263 3237 3233
f 3264 3238 3234
f 3264 3234 3260
f 3265 3239 3236
f 3265 3236 3262
f 3266 3235 3261
f 3266 3240 3235
f 3267 3241 3238
f 3267 3238 3264
f 3268 3237 3263
f 3268 3247 3242
f 3268 3242 3237
f 3269 3243 3239
f 3269 3239 3265
f 3270 3244 3240
f 3270 3240 3266
f 3271 3241 3267
f 3271 3245 3241
f 3271 3246 3245
f 3271 3272 3246
f 3271 3273 3272
f 3274 3247 3268
f 3275 3243 3269
f 3275 3251 3248
f 3275 3248 3243
f 3276 3249 3244
f 3276 3252 3249
f 3276 3244 3270
f 3277 3254 3250
f 3277 3247 3274
f 3277 3250 3247
f 3278 3253 3251
f 3278 3251 3275
f 3279 3252 3276
f 3280 3253 3278
f 3281 3254 3277
f 3282 3252 3279
f 3282 3255 3252
f 3282 3258 3255
f 3283 3260 3256
f 3283 3253 3280
f 3283 3256 3253
f 3284 3254 3281
f 3284 3257 3254
f 3284 3261 3257
f 3285 3258 3282
f 3286 1887 1888
f 3286 3259 1887
f 3287 3260 3283
f 3288 3261 3284
f 3289 3258 3285
f 3289 3262 3258
f 3290 3263 3259
f 3290 3259 3286
f 3291 3264 3260
f 3291 3260 3287
f 3292 3265 3262
f 3292 3262 3289
f 3293 3266 3261
f 3293 3270 3266
f 3293 3261 3288
f 3294 3271 3267
f 3294 3267 3264
f 3294 3264 3291
f 3295 3268 3263
f 3295 3263 3290
f 3296 3269 3265
f 3296 3265 3292
f 3297 3270 3293
f 3298 3273 3271
f 3298 3271 3294
f 3299 3274 3268
f 3299 3268 3295
f 3300 3275 3269
f 3300 3269 3296
f 3301 3279 3276
f 3301 3276 3270
f 3301 3270 3297
f 3302 3277 3274
f 3302 3274 3299
f 3303 3275 3300
f 3303 3278 3275
f 3304 3279 3301
f 3305 3278 3303
f 3305 3280 3278
f 3306 3284 3281
f 3306 3281 3277
f 3306 3277 3302
f 3307 3279 3304
f 3307 3285 3282
f 3307 3282 3279
f 3308 3283 3280
f 3308 3280 3305
f 3309 3284 3306
f 3310 3285 3307
f 3311 1888 1889
f 3311 1889 1890
f 3311 3286 1888
f 3312 3283 3308
f 3312 3287 3283
f 3313 3288 3284
f 3313 3293 3288
f 3313 3284 3309
f 3314 3289 3285
f 3314 3285 3310
f 3315 3295 3290
f 3315 3290 3286
f 3315 3286 3311
f 3316 3287 3312
f 3316 3291 3287
f 3317 3289 3314
f 3317 3292 3289
f 3318 3293 3313
f 3319 3291 3316
f 3319 3294 3291
f 3320 3295 3315
f 3321 3296 3292
f 3321 3292 3317
f 3322 3297 3293
f 3322 3293 3318
f 3323 3273 3298
f 3323 3294 3319
f 3323 3324 3273
f 3323 3298 3294
f 3325 3302 3299
f 3325 3295 3320
f 3325 3299 3295
f 3326 3303 3300
f 3326 3296 3321
f 3326 3300 3296
f 3327 3301 3297
f 3327 3297 3322
f 3328 3302 3325
f 3329 3305 3303
f 3329 3303 3326
f 3330 3304 3301
f 3330 3301 3327
f 3331 3305 3329
f 3332 3306 3302
f 3332 3302 3328
f 3333 3307 3304
f 3333 3304 3330
f 3334 3305 3331
f 3334 3308 3305
f 3334 3312 3308
f 3335 3306 3332
f 3335 3309 3306
f 3336 3307 3333
f 3336 3310 3307
f 3337 1890 1834
f 3337 1834 1892
f 3337 3311 1890
f 3338 3312 3334
f 3339 3309 3335
f 3339 3313 3309
f 3339 3318 3313
f 3340 3310 3336
f 3340 3314 3310
f 3341 1892 1894
f 3341 1894 1896
f 3341 3315 3311
f 3341 3311 3337
f 3341 3337 1892
f 3342 3312 3338
f 3342 3316 3312
f 3343 3314 3340
f 3343 3317 3314
f 3344 3318 3339
f 3345 3323 3319
f 3345 3316 3342
f 3345 3319 3316
f 3346 3315 3341
f 3346 1896 1898
f 3346 3341 1896
f 3346 3320 3315
f 3347 3317 3343
f 3347 3321 3317
f 3348 3322 3318
f 3348 3318 3344
f 3349 3323 3345
f 3349 3324 3323
f 3349 3350 3324
f 3351 1898 1900
f 3351 3320 3346
f 3351 3346 1898
f 3351 3325 3320
f 3352 3321 3347
f 3352 3326 3321
f 3353 3330 3327
f 3353 3327 3322
f 3353 3322 3348
f 3354 3351 1900
f 3354 3325 3351
f 3354 3328 3325
f 3355 3329 3326
f 3355 3326 3352
f 3355 3331 3329
f 3356 3333 3330
f 3356 3330 3353
f 3357 3334 3331
f 3357 3331 3355
f 3358 3332 3328
f 3358 3354 1900
f 3358 1900 1902
f 3358 1902 1904
f 3358 3328 3354
f 3359 3333 3356
f 3360 3338 3334
f 3360 3334 3357
f 3361 3358 1904
f 3361 3332 3358
f 3361 3335 3332
f 3362 3336 3333
f 3362 3333 3359
f 3363 3338 3360
f 3364 3361 1904
f 3364 3339 3335
f 3364 1904 1907
f 3364 1907 1910
f 3364 3335 3361
f 3365 3336 3362
f 3365 3340 3336
f 3365 3343 3340
f 3366 3342 3338
f 3366 3338 3363
f 3367 3343 3365
f 3367 3347 3343
f 3368 3339 3364
f 3368 3364 1910
f 3368 3344 3339
f 3369 3345 3342
f 3369 3349 3345
f 3369 3342 3366
f 3370 3347 3367
f 3371 3344 3368
f 3371 1910 1913
f 3371 3348 3344
f 3371 3368 1910
f 3372 3349 3369
f 3372 3350 3349
f 3372 3373 3350
f 3372 3374 3373
f 3375 3352 3347
f 3375 3347 3370
f 3375 3355 3352
f 3376 3348 3371
f 3376 3353 3348
f 3376 1913 1916
f 3376 3371 1913
f 3377 3355 3375
f 3378 3353 3376
f 3378 1916 1919
f 3378 3376 1916
f 3378 3356 3353
f 3379 3355 3377
f 3379 3357 3355
f 3380 3356 3378
f 3380 3378 1919
f 3380 1919 1922
f 3380 3359 3356
f 3381 3357 3379
f 3381 3360 3357
f 3382 3380 1922
f 3382 3359 3380
f 3382 1922 1925
f 3382 3362 3359
f 3383 3360 3381
f 3383 3363 3360
f 3384 3382 1925
f 3384 3362 3382
f 3384 1925 1929
f 3384 3365 3362
f 3385 3369 3366
f 3385 3363 3383
f 3385 3366 3363
f 3386 3384 1929
f 3386 3365 3384
f 3386 1929 1932
f 3386 3367 3365
f 3387 3369 3385
f 3388 3386 1932
f 3388 1932 1936
f 3388 3367 3386
f 3388 3370 3367
f 3389 3372 3369
f 3389 3369 3387
f 3389 3374 3372
f 3390 3375 3370
f 3390 3388 1936
f 3390 1936 1940
f 3390 3370 3388
f 3391 3377 3375
f 3391 3375 3390
f 3391 3379 3377
f 3391 3390 1940
f 3391 1940 1941
f 3392 3379 3391
f 3392 1941 1947
f 3392 3391 1941
f 3393 3381 3379
f 3393 3383 3381
f 3393 1947 1948
f 3393 3379 3392
f 3393 3392 1947
f 3394 3393 1948
f 3394 1948 1956
f 3394 3383 3393
f 3395 3385 3383
f 3395 1956 1961
f 3395 3383 3394
f 3395 3394 1956
f 3396 3387 3385
f 3396 1961 1965
f 3396 3395 1961
f 3396 3385 3395
f 3397 1965 1970
f 3397 1970 1971
f 3397 3389 3387
f 3397 3374 3389
f 3397 3387 3396
f 3397 3396 1965
f 3397 3398 3374
f 3397 1971 3398
f 3399 1971 1972
f 3400 3399 1972
f 3401 1972 1998
f 3401 3400 1972
f 3402 1998 2024
f 3402 3401 1998
f 3403 2024 2050
f 3403 3402 2024
f 3404 2050 2076
f 3404 3403 2050
f 3405 2076 2077
f 3405 3404 2076
f 3406 2077 2128
f 3406 3405 2077
f 3407 2128 2154
f 3407 3406 2128
f 3408 3407 2154
f 3408 2154 2155
f 3409 3408 2155
f 3409 2155 2206
f 3410 3409 2206
f 3410 2206 2232
f 3411 3410 2232
f 3411 2232 2233
f 3412 3411 2233
f 3412 2233 2284
f 3413 3412 2284
f 3413 2284 2285
f 3414 3413 2285
f 3414 2285 2336
f 3415 3414 2336
f 3415 2336 2362
f 3416 3415 2362
f 3416 2362 2388
f 3417 3416 2388
f 3417 2388 2389
f 3418 3417 2389
f 3418 2389 2440
f 3419 3418 2440
f 3419 2440 2466
f 3420 3419 2466
f 3420 2466 2492
f 3421 3420 2492
f 3421 2492 2518
f 3422 2518 2544
f 3422 3421 2518
f 3423 2544 2570
f 3423 3422 2544
f 3424 2570 2600
f 3424 3423 2570
f 3425 2600 2629
f 3425 3424 2600
f 3426 2629 2630
f 3426 3425 2629
f 3427 2630 2670
f 3427 3426 2630
f 3428 3427 2670
f 3428 2670 2669
f 3429 3428 2669
f 3429 2669 2671
f 3430 2671 2752
f 3430 3429 2671
f 3431 2752 2753
f 3431 3430 2752
f 3432 2753 2804
f 3432 3431 2753
f 3433 3432 2804
f 3434 2804 2830
f 3434 3433 2804
f 3435 2830 2856
f 3435 3434 2830
f 3436 3435 2856
f 3436 2856 2882
f 3437 3436 2882
f 3438 3437 2882
f 3438 2882 2883
f 3439 3438 2883
f 3439 2883 2909
f 3440 3439 2909
f 3440 2909 2960
f 3441 3440 2960
f 3441 2960 2986
f 3442 3441 2986
f 3443 3442 2986
f 3443 2986 3012
f 3444 3443 3012
f 3444 3012 3038
f 3445 3444 3038
f 3445 3038 3064
f 3446 3445 3064
f 3446 3064 3090
f 3447 3446 3090
f 3448 3447 3090
f 3448 3090 3091
f 3449 3448 3091
f 3449 3091 3142
f 3450 3449 3142
f 3450 3142 3168
f 3451 3450 3168
f 3452 3168 3194
f 3452 3451 3168
f 3453 3194 3220
f 3453 3452 3194
f 3454 3220 3246
f 3454 3453 3220
f 3455 3246 3272
f 3455 3454 3246
f 3456 3455 3272
f 3457 3272 3273
f 3457 3456 3272
f 3458 3457 3273
f 3458 3273 3324
f 3459 3324 3350
f 3459 3458 3324
f 3460 3350 3373
f 3460 3459 3350
f 3461 3460 3373
f 3462 3373 3374
f 3462 3461 3373
f 3463 3374 3398
f 3463 3462 3374
f 3464 3463 3398
f 3464 3398 1971
f 3399 3464 1971
f 3465 3416 3466
f 3466 3417 3467
f 3416 3417 3466
f 3468 3415 3465
f 3465 3415 3416
f 3467 3418 3469
f 3417 3418 3467
f 3470 3414 3468
f 3468 3414 3415
f 3469 3419 3471
f 3418 3419 3469
f 3472 3413 3470
f 3470 3413 3414
f 3471 3420 3473
f 3419 3420 3471
f 3474 3412 3472
f 3472 3412 3413
f 3420 3421 3473
f 3475 3411 3474
f 3474 3411 3412
f 3473 3422 3476
f 3421 3422 3473
f 3477 3410 3475
f 3475 3410 3411
f 3476 3423 3478
f 3422 3423 3476
f 3479 3409 3477
f 3477 3409 3410
f 3478 3424 3480
f 3423 3424 3478
f 3481 3408 3479
f 3479 3408 3409
f 3480 3425 3482
f 3424 3425 3480
f 3483 3407 3481
f 3481 3407 3408
f 3482 3426 3484
f 3425 3426 3482
f 3485 3406 3483
f 3483 3406 3407
f 3484 3427 3486
f 3426 3427 3484
f 3487 3405 3485
f 3485 3405 3406
f 3427 3428 3486
f 3486 3428 3488
f 3489 3404 3487
f 3487 3404 3405
f 3428 3429 3488
f 3429 3490 3488
f 3491 3403 3489
f 3489 3403 3404
f 3429 3430 3490
f 3430 3492 3490
f 3493 3402 3491
f 3491 3402 3403
f 3430 3431 3492
f 3431 3494 3492
f 3431 3432 3494
f 3493 3401 3402
f 3493 3495 3401
f 3432 3496 3494
f 3433 3496 3432
f 3495 3400 3401
f 3495 3497 3400
f 3433 3434 3496
f 3434 3498 3496
f 3497 3399 3400
f 3497 3499 3399
f 3434 3435 3498
f 3499 3464 3399
f 3435 3500 3498
f 3435 3436 3500
f 3499 3501 3464
f 3501 3463 3464
f 3437 3502 3436
f 3436 3502 3500
f 3501 3503 3463
f 3463 3503 3462
f 3437 3438 3502
f 3438 3504 3502
f 3438 3439 3504
f 3503 3505 3462
f 3462 3505 3461
f 3505 3460 3461
f 3440 3506 3439
f 3439 3506 3504
f 3505 3507 3460
f 3507 3459 3460
f 3440 3508 3506
f 3441 3508 3440
f 3507 3509 3459
f 3459 3509 3458
f 3441 3510 3508
f 3442 3510 3441
f 3443 3510 3442
f 3509 3511 3458
f 3458 3511 3457
f 3443 3512 3510
f 3444 3512 3443
f 3511 3513 3457
f 3456 3513 3455
f 3457 3513 3456
f 3444 3514 3512
f 3445 3514 3444
f 3513 3515 3455
f 3455 3515 3454
f 3445 3516 3514
f 3446 3516 3445
f 3515 3517 3454
f 3454 3517 3453
f 3446 3518 3516
f 3447 3518 3446
f 3448 3518 3447
f 3517 3519 3453
f 3453 3519 3452
f 3448 3520 3518
f 3449 3520 3448
f 3519 3521 3452
f 3451 3521 3450
f 3452 3521 3451
f 3521 3522 3450
f 3449 3522 3520
f 3450 3522 3449
f 3523 3524 3499
f 3523 3499 3497
f 3523 3497 3495
f 3525 3495 3493
f 3525 3523 3495
f 3526 3493 3491
f 3526 3525 3493
f 3527 3491 3489
f 3527 3526 3491
f 3528 3489 3487
f 3528 3527 3489
f 3529 3487 3485
f 3529 3528 3487
f 3530 3485 3483
f 3530 3529 3485
f 3531 3483 3481
f 3531 3530 3483
f 3532 3531 3481
f 3532 3481 3479
f 3533 3532 3479
f 3533 3479 3477
f 3534 3533 3477
f 3534 3477 3475
f 3535 3534 3475
f 3535 3475 3474
f 3536 3535 3474
f 3536 3474 3472
f 3537 3536 3472
f 3537 3472 3470
f 3538 3537 3470
f 3538 3470 3468
f 3539 3538 3468
f 3539 3468 3465
f 3540 3539 3465
f 3540 3465 3466
f 3541 3540 3466
f 3541 3466 3467
f 3542 3541 3467
f 3542 3467 3469
f 3543 3542 3469
f 3543 3469 3471
f 3544 3543 3471
f 3544 3471 3473
f 3545 3544 3473
f 3545 3473 3476
f 3546 3476 3478
f 3546 3545 3476
f 3547 3478 3480
f 3547 3546 3478
f 3548 3480 3482
f 3548 3547 3480
f 3549 3482 3484
f 3549 3548 3482
f 3550 3484 3486
f 3550 3549 3484
f 3551 3486 3488
f 3551 3550 3486
f 3552 3551 3488
f 3553 3552 3488
f 3553 3488 3490
f 3554 3490 3492
f 3554 3553 3490
f 3555 3492 3494
f 3555 3554 3492
f 3556 3494 3496
f 3556 3555 3494
f 3557 3496 3498
f 3557 3556 3496
f 3558 3498 3500
f 3558 3557 3498
f 3559 3500 3502
f 3559 3558 3500
f 3560 3502 3504
f 3560 3559 3502
f 3561 3504 3506
f 3561 3560 3504
f 3562 3561 3506
f 3562 3506 3508
f 3563 3562 3508
f 3563 3508 3510
f 3564 3563 3510
f 3564 3510 3512
f 3565 3564 3512
f 3565 3512 3514
f 3566 3565 3514
f 3566 3514 3516
f 3567 3566 3516
f 3567 3516 3518
f 3568 3567 3518
f 3568 3518 3520
f 3569 3568 3520
f 3569 3520 3522
f 3570 3569 3522
f 3570 3522 3521
f 3571 3570 3521
f 3571 3521 3519
f 3572 3571 3519
f 3572 3519 3517
f 3573 3572 3517
f 3573 3517 3515
f 3574 3573 3515
f 3574 3515 3513
f 3575 3574 3513
f 3575 3513 3511
f 3576 3511 3509
f 3576 3575 3511
f 3577 3509 3507
f 3577 3576 3509
f 3578 3507 3505
f 3578 3577 3507
f 3579 3505 3503
f 3579 3578 3505
f 3580 3503 3501
f 3580 3579 3503
f 3581 3501 3499
f 3581 3580 3501
f 3524 3581 3499
f 3582 3540 3583
f 3583 3541 3584
f 3540 3541 3583
f 3585 3539 3582
f 3582 3539 3540
f 3584 3542 3586
f 3541 3542 3584
f 3587 3538 3585
f 3585 3538 3539
f 3586 3543 3588
f 3542 3543 3586
f 3589 3537 3587
f 3587 3537 3538
f 3588 3544 3590
f 3543 3544 3588
f 3591 3536 3589
f 3589 3536 3537
f 3590 3545 3592
f 3544 3545 3590
f 3593 3535 3591
f 3591 3535 3536
f 3545 3546 3592
f 3592 3546 3594
f 3595 3534 3593
f 3593 3534 3535
f 3594 3547 3596
f 3546 3547 3594
f 3597 3533 3595
f 3595 3533 3534
f 3596 3548 3598
f 3547 3548 3596
f 3599 3532 3597
f 3597 3532 3533
f 3598 3549 3600
f 3548 3549 3598
f 3601 3531 3599
f 3599 3531 3532
f 3600 3550 3602
f 3549 3550 3600
f 3601 3530 3531
f 3601 3603 3530
f 3602 3551 3604
f 3550 3551 3602
f 3603 3529 3530
f 3603 3605 3529
f 3551 3552 3604
f 3604 3552 3606
f 3605 3528 3529
f 3605 3607 3528
f 3552 3553 3606
f 3606 3553 3608
f 3607 3527 3528
f 3608 3554 3609
f 3553 3554 3608
f 3607 3610 3527
f 3610 3526 3527
f 3554 3555 3609
f 3555 3611 3609
f 3610 3612 3526
f 3526 3612 3525
f 3555 3556 3611
f 3556 3613 3611
f 3612 3614 3525
f 3525 3614 3523
f 3556 3557 3613
f 3557 3615 3613
f 3614 3616 3523
f 3524 3616 3581
f 3523 3616 3524
f 3557 3558 3615
f 3558 3617 3615
f 3558 3559 3617
f 3616 3618 3581
f 3581 3618 3580
f 3560 3619 3559
f 3559 3619 3617
f 3618 3620 3580
f 3580 3620 3579
f 3561 3621 3560
f 3560 3621 3619
f 3620 3622 3579
f 3579 3622 3578
f 3562 3623 3561
f 3561 3623 3621
f 3578 3624 3577
f 3622 3624 3578
f 3563 3625 3562
f 3562 3625 3623
f 3624 3626 3577
f 3577 3626 3576
f 3563 3627 3625
f 3564 3627 3563
f 3626 3628 3576
f 3576 3628 3575
f 3565 3629 3564
f 3564 3629 3627
f 3628 3630 3575
f 3575 3630 3574
f 3565 3631 3629
f 3566 3631 3565
f 3630 3632 3574
f 3574 3632 3573
f 3566 3633 3631
f 3567 3633 3566
f 3632 3634 3573
f 3573 3634 3572
f 3567 3635 3633
f 3568 3635 3567
f 3634 3636 3572
f 3572 3636 3571
f 3568 3637 3635
f 3569 3637 3568
f 3636 3638 3571
f 3571 3638 3570
f 3569 3639 3637
f 3638 3639 3570
f 3570 3639 3569
f 3640 3641 3616
f 3640 3616 3614
f 3642 3614 3612
f 3642 3640 3614
f 3643 3612 3610
f 3643 3642 3612
f 3644 3610 3607
f 3644 3643 3610
f 3645 3607 3605
f 3645 3644 3607
f 3646 3605 3603
f 3646 3645 3605
f 3647 3603 3601
f 3647 3646 3603
f 3648 3601 3599
f 3648 3647 3601
f 3649 3599 3597
f 3649 3648 3599
f 3650 3649 3597
f 3650 3597 3595
f 3651 3650 3595
f 3651 3595 3593
f 3652 3651 3593
f 3652 3593 3591
f 3653 3652 3591
f 3653 3591 3589
f 3654 3653 3589
f 3654 3589 3587
f 3655 3654 3587
f 3655 3587 3585
f 3656 3655 3585
f 3656 3585 3582
f 3657 3656 3582
f 3657 3582 3583
f 3658 3657 3583
f 3658 3583 3584
f 3659 3658 3584
f 3659 3584 3586
f 3660 3659 3586
f 3660 3586 3588
f 3661 3660 3588
f 3661 3588 3590
f 3662 3661 3590
f 3662 3590 3592
f 3663 3592 3594
f 3663 3662 3592
f 3664 3594 3596
f 3664 3663 3594
f 3665 3596 3598
f 3665 3664 3596
f 3666 3598 3600
f 3666 3665 3598
f 3667 3600 3602
f 3667 3666 3600
f 3668 3602 3604
f 3668 3667 3602
f 3669 3604 3606
f 3669 3668 3604
f 3670 3669 3606
f 3670 3606 3608
f 3609 3670 3608
f 3671 3670 3609
f 3611 3671 3609
f 3672 3671 3611
f 3613 3672 3611
f 3673 3672 3613
f 3615 3673 3613
f 3674 3673 3615
f 3617 3674 3615
f 3675 3674 3617
f 3676 3617 3619
f 3676 3675 3617
f 3621 3676 3619
f 3677 3676 3621
f 3678 3621 3623
f 3678 3677 3621
f 3679 3678 3623
f 3679 3623 3625
f 3680 3679 3625
f 3680 3625 3627
f 3681 3680 3627
f 3681 3627 3629
f 3631 3681 3629
f 3682 3681 3631
f 3633 3682 3631
f 3683 3682 3633
f 3684 3683 3633
f 3684 3633 3635
f 3685 3684 3635
f 3685 3635 3637
f 3639 3685 3637
f 3686 3685 3639
f 3638 3686 3639
f 3687 3686 3638
f 3688 3687 3638
f 3688 3638 3636
f 3634 3688 3636
f 3689 3688 3634
f 3690 3689 3634
f 3690 3634 3632
f 3691 3690 3632
f 3691 3632 3630
f 3692 3630 3628
f 3692 3691 3630
f 3693 3628 3626
f 3693 3692 3628
f 3624 3693 3626
f 3694 3693 3624
f 3695 3624 3622
f 3695 3694 3624
f 3696 3622 3620
f 3696 3695 3622
f 3697 3620 3618
f 3697 3696 3620
f 3616 3697 3618
f 3641 3697 3616
f 3698 3699 3641
f 3698 3641 3640
f 3700 3640 3642
f 3700 3698 3640
f 3701 3642 3643
f 3701 3700 3642
f 3702 3643 3644
f 3702 3701 3643
f 3703 3644 3645
f 3703 3702 3644
f 3704 3645 3646
f 3704 3703 3645
f 3705 3646 3647
f 3705 3704 3646
f 3706 3647 3648
f 3706 3705 3647
f 3707 3648 3649
f 3707 3706 3648
f 3708 3707 3649
f 3708 3649 3650
f 3709 3708 3650
f 3709 3650 3651
f 3710 3709 3651
f 3710 3651 3652
f 3711 3710 3652
f 3711 3652 3653
f 3712 3711 3653
f 3712 3653 3654
f 3713 3712 3654
f 3713 3654 3655
f 3714 3713 3655
f 3714 3655 3656
f 3715 3714 3656
f 3715 3656 3657
f 3716 3715 3657
f 3716 3657 3658
f 3717 3716 3658
f 3717 3658 3659
f 3718 3717 3659
f 3718 3659 3660
f 3719 3718 3660
f 3719 3660 3661
f 3720 3719 3661
f 3720 3661 3662
f 3721 3662 3663
f 3721 3720 3662
f 3722 3663 3664
f 3722 3721 3663
f 3723 3664 3665
f 3723 3722 3664
f 3724 3665 3666
f 3724 3723 3665
f 3725 3666 3667
f 3725 3724 3666
f 3726 3667 3668
f 3726 3725 3667
f 3727 3668 3669
f 3727 3726 3668
f 3728 3727 3669
f 3728 3669 3670
f 3729 3728 3670
f 3730 3670 3671
f 3730 3729 3670
f 3731 3671 3672
f 3731 3730 3671
f 3732 3672 3673
f 3732 3731 3672
f 3733 3673 3674
f 3733 3732 3673
f 3734 3674 3675
f 3734 3733 3674
f 3735 3675 3676
f 3735 3734 3675
f 3736 3676 3677
f 3736 3677 3678
f 3736 3735 3676
f 3737 3736 3678
f 3737 3678 3679
f 3738 3737 3679
f 3739 3738 3679
f 3739 3679 3680
f 3739 3680 3681
f 3740 3739 3681
f 3740 3681 3682
f 3741 3740 3682
f 3742 3741 3682
f 3742 3682 3683
f 3743 3742 3683
f 3743 3683 3684
f 3744 3743 3684
f 3744 3684 3685
f 3745 3744 3685
f 3745 3685 3686
f 3746 3745 3686
f 3746 3686 3687
f 3747 3746 3687
f 3747 3687 3688
f 3748 3747 3688
f 3748 3688 3689
f 3749 3748 3689
f 3749 3689 3690
f 3750 3749 3690
f 3750 3690 3691
f 3751 3750 3691
f 3751 3691 3692
f 3752 3692 3693
f 3752 3693 3694
f 3752 3751 3692
f 3753 3694 3695
f 3753 3752 3694
f 3754 3753 3695
f 3755 3695 3696
f 3755 3754 3695
f 3756 3696 3697
f 3756 3755 3696
f 3699 3697 3641
f 3699 3756 3697
f 3727 3728 3757
f 3727 3757 3758
f 3726 3758 3759
f 3726 3727 3758
f 3725 3759 3760
f 3725 3726 3759
f 3724 3760 3761
f 3724 3725 3760
f 3723 3761 3762
f 3723 3724 3761
f 3722 3762 3763
f 3722 3723 3762
f 3721 3763 3764
f 3721 3722 3763
f 3720 3764 3765
f 3720 3721 3764
f 3719 3765 3766
f 3719 3720 3765
f 3718 3766 3767
f 3718 3719 3766
f 3717 3718 3767
f 3717 3767 3768
f 3716 3717 3768
f 3716 3768 3769
f 3715 3716 3769
f 3715 3769 3770
f 3714 3715 3770
f 3714 3770 3771
f 3713 3714 3771
f 3713 3771 3772
f 3712 3713 3772
f 3712 3772 3773
f 3711 3712 3773
f 3711 3773 3774
f 3710 3711 3774
f 3710 3774 3775
f 3709 3710 3775
f 3709 3775 3776
f 3708 3709 3776
f 3708 3776 3777
f 3707 3708 3777
f 3707 3777 3778
f 3706 3707 3778
f 3706 3778 3779
f 3705 3779 3780
f 3705 3706 3779
f 3704 3780 3781
f 3704 3705 3780
f 3703 3781 3782
f 3703 3704 3781
f 3702 3782 3783
f 3702 3703 3782
f 3701 3783 3784
f 3701 3702 3783
f 3700 3784 3785
f 3700 3701 3784
f 3698 3700 3785
f 3786 3698 3785
f 3699 3698 3786
f 3756 3786 3787
f 3756 3699 3786
f 3755 3787 3788
f 3755 3756 3787
f 3754 3788 3789
f 3754 3755 3788
f 3753 3789 3790
f 3753 3754 3789
f 3752 3790 3791
f 3752 3753 3790
f 3751 3791 3792
f 3751 3752 3791
f 3750 3792 3793
f 3750 3751 3792
f 3749 3793 3794
f 3749 3750 3793
f 3748 3794 3795
f 3748 3749 3794
f 3747 3748 3795
f 3747 3795 3796
f 3746 3747 3796
f 3746 3796 3797
f 3745 3746 3797
f 3745 3797 3798
f 3744 3798 3799
f 3744 3745 3798
f 3743 3799 3800
f 3743 3744 3799
f 3742 3800 3801
f 3742 3743 3800
f 3741 3801 3802
f 3741 3742 3801
f 3740 3802 3803
f 3740 3741 3802
f 3739 3803 3804
f 3739 3740 3803
f 3738 3804 3805
f 3738 3739 3804
f 3737 3805 3806
f 3737 3738 3805
f 3736 3806 3807
f 3736 3737 3806
f 3735 3807 3808
f 3735 3736 3807
f 3734 3808 3809
f 3734 3735 3808
f 3733 3809 3810
f 3733 3734 3809
f 3732 3810 3811
f 3732 3733 3810
f 3731 3811 3812
f 3731 3732 3811
f 3730 3812 3813
f 3730 3731 3812
f 3729 3813 3814
f 3729 3730 3813
f 3728 3814 3757
f 3728 3729 3814
f 3815 3769 3768
f 3816 3768 3767
f 3816 3815 3768
f 3817 3770 3769
f 3817 3769 3815
f 3818 3767 3766
f 3818 3816 3767
f 3819 3771 3770
f 3819 3770 3817
f 3820 3766 3765
f 3820 3818 3766
f 3821 3772 3771
f 3821 3771 3819
f 3822 3765 3764
f 3822 3820 3765
f 3823 3773 3772
f 3823 3772 3821
f 3824 3764 3763
f 3824 3822 3764
f 3825 3774 3773
f 3825 3773 3823
f 3826 3763 3762
f 3826 3824 3763
f 3827 3775 3774
f 3827 3774 3825
f 3828 3762 3761
f 3828 3826 3762
f 3829 3776 3775
f 3829 3775 3827
f 3830 3761 3760
f 3830 3828 3761
f 3831 3777 3776
f 3831 3776 3829
f 3832 3760 3759
f 3832 3830 3760
f 3833 3778 3777
f 3833 3777 3831
f 3834 3759 3758
f 3834 3832 3759
f 3835 3779 3778
f 3835 3778 3833
f 3836 3834 3758
f 3757 3836 3758
f 3837 3779 3835
f 3837 3780 3779
f 3838 3836 3757
f 3839 3780 3837
f 3839 3781 3780
f 3814 3838 3757
f 3840 3838 3814
f 3841 3781 3839
f 3841 3782 3781
f 3813 3840 3814
f 3842 3840 3813
f 3843 3782 3841
f 3843 3783 3782
f 3812 3842 3813
f 3812 3844 3842
f 3845 3783 3843
f 3784 3783 3845
f 3846 3784 3845
f 3811 3844 3812
f 3811 3847 3844
f 3785 3784 3846
f 3848 3785 3846
f 3810 3847 3811
f 3810 3849 3847
f 3786 3785 3848
f 3850 3786 3848
f 3809 3849 3810
f 3809 3851 3849
f 3787 3786 3850
f 3787 3850 3852
f 3808 3853 3851
f 3808 3851 3809
f 3788 3787 3852
f 3788 3852 3854
f 3807 3855 3853
f 3807 3853 3808
f 3789 3788 3854
f 3789 3854 3856
f 3806 3857 3855
f 3806 3855 3807
f 3790 3856 3858
f 3790 3789 3856
f 3805 3859 3857
f 3805 3857 3806
f 3791 3790 3858
f 3791 3858 3860
f 3804 3861 3859
f 3804 3859 3805
f 3792 3791 3860
f 3792 3860 3862
f 3803 3861 3804
f 3803 3863 3861
f 3793 3792 3862
f 3793 3862 3864
f 3802 3865 3863
f 3802 3863 3803
f 3794 3793 3864
f 3794 3864 3866
f 3801 3865 3802
f 3801 3867 3865
f 3795 3794 3866
f 3795 3866 3868
f 3800 3867 3801
f 3800 3869 3867
f 3796 3795 3868
f 3796 3868 3870
f 3799 3869 3800
f 3799 3871 3869
f 3797 3796 3870
f 3797 3870 3872
f 3798 3871 3799
f 3798 3797 3872
f 3798 3872 3871
f 3850 3848 3873
f 3874 3875 3876
f 3876 3875 3877
f 3878 3879 3874
f 3874 3879 3875
f 3880 3881 3878
f 3878 3881 3879
f 3882 3883 3880
f 3880 3883 3881
f 3884 3885 3882
f 3882 3885 3883
f 3886 3887 3884
f 3884 3887 3885
f 3888 3889 3886
f 3886 3889 3887
f 3890 3891 3888
f 3888 3891 3889
f 3892 3893 3890
f 3890 3893 3891
f 3892 3894 3893
f 3895 3894 3892
f 3895 3896 3894
f 3897 3896 3895
f 3897 3898 3896
f 3899 3898 3897
f 3899 3900 3898
f 3901 3900 3899
f 3901 3902 3900
f 3903 3902 3901
f 3903 3904 3902
f 3905 3904 3903
f 3905 3906 3904
f 3907 3906 3905
f 3907 3908 3906
f 3909 3908 3907
f 3909 3910 3908
f 3911 3910 3909
f 3912 3913 3911
f 3911 3913 3910
f 3914 3915 3912
f 3912 3915 3913
f 3916 3917 3914
f 3914 3917 3915
f 3918 3919 3916
f 3916 3919 3917
f 3877 3920 3921
f 3921 3920 3922
f 3875 3920 3877
f 3923 3924 3918
f 3838 3924 3923
f 3918 3924 3919
f 3840 3924 3838
f 3879 3925 3875
f 3875 3925 3920
f 3879 3926 3925
f 3881 3926 3879
f 3883 3927 3881
f 3881 3927 3926
f 3885 3928 3883
f 3883 3928 3927
f 3885 3929 3928
f 3887 3929 3885
f 3889 3930 3887
f 3887 3930 3929
f 3891 3931 3889
f 3889 3931 3930
f 3891 3932 3931
f 3893 3932 3891
f 3893 3933 3932
f 3894 3933 3893
f 3894 3934 3933
f 3896 3934 3894
f 3896 3935 3934
f 3898 3935 3896
f 3900 3936 3898
f 3898 3936 3935
f 3902 3937 3900
f 3900 3937 3936
f 3902 3938 3937
f 3904 3938 3902
f 3906 3939 3904
f 3904 3939 3938
f 3910 3940 3908
f 3908 3940 3906
f 3906 3940 3939
f 3910 3941 3940
f 3913 3942 3910
f 3910 3942 3941
f 3913 3943 3942
f 3915 3943 3913
f 3917 3944 3915
f 3915 3944 3943
f 3917 3945 3944
f 3919 3945 3917
f 3920 3946 3922
f 3840 3947 3924
f 3919 3947 3945
f 3924 3947 3919
f 3842 3947 3840
f 3920 3948 3946
f 3925 3948 3920
f 3925 3949 3948
f 3926 3949 3925
f 3926 3950 3949
f 3927 3950 3926
f 3928 3951 3927
f 3927 3951 3950
f 3930 3952 3929
f 3928 3952 3951
f 3929 3952 3928
f 3930 3953 3952
f 3931 3953 3930
f 3931 3954 3953
f 3931 3955 3954
f 3932 3955 3931
f 3933 3956 3932
f 3932 3956 3955
f 3935 3957 3934
f 3934 3957 3933
f 3933 3957 3956
f 3935 3958 3957
f 3936 3959 3935
f 3935 3959 3958
f 3938 3960 3937
f 3936 3960 3959
f 3937 3960 3936
f 3939 3961 3938
f 3938 3961 3960
f 3939 3962 3961
f 3940 3963 3939
f 3939 3963 3962
f 3941 3964 3940
f 3940 3964 3963
f 3942 3965 3941
f 3941 3965 3964
f 3943 3965 3942
f 3943 3966 3965
f 3943 3967 3966
f 3944 3967 3943
f 3945 3967 3944
f 3945 3968 3967
f 3922 3969 3970
f 3970 3969 3971
f 3946 3969 3922
f 3945 3972 3968
f 3947 3972 3945
f 3842 3972 3947
f 3844 3972 3842
f 3946 3973 3969
f 3948 3973 3946
f 3949 3974 3948
f 3948 3974 3973
f 3950 3975 3949
f 3949 3975 3974
f 3950 3976 3975
f 3951 3976 3950
f 3951 3977 3976
f 3952 3977 3951
f 3952 3978 3977
f 3953 3978 3952
f 3954 3979 3953
f 3953 3979 3978
f 3954 3980 3979
f 3955 3980 3954
f 3955 3981 3980
f 3956 3981 3955
f 3957 3982 3956
f 3956 3982 3981
f 3957 3983 3982
f 3958 3983 3957
f 3959 3984 3958
f 3958 3984 3983
f 3959 3985 3984
f 3960 3985 3959
f 3960 3986 3985
f 3961 3986 3960
f 3961 3987 3986
f 3962 3987 3961
f 3962 3988 3987
f 3963 3988 3962
f 3963 3989 3988
f 3964 3989 3963
f 3964 3990 3989
f 3965 3990 3964
f 3965 3991 3990
f 3966 3991 3965
f 3967 3992 3966
f 3966 3992 3991
f 3968 3993 3967
f 3972 3993 3968
f 3967 3993 3992
f 3969 3994 3971
f 3844 3995 3972
f 3847 3995 3844
f 3972 3995 3993
f 3973 3996 3969
f 3969 3996 3994
f 3975 3997 3974
f 3974 3997 3973
f 3973 3997 3996
f 3975 3998 3997
f 3976 3999 3975
f 3975 3999 3998
f 3977 4000 3976
f 3976 4000 3999
f 3978 4001 3977
f 3977 4001 4000
f 3979 4002 3978
f 3978 4002 4001
f 3980 4003 3979
f 3979 4003 4002
f 3980 4004 4003
f 3981 4004 3980
f 3983 4005 3982
f 3982 4005 3981
f 3981 4005 4004
f 3983 4006 4005
f 3984 4007 3983
f 3983 4007 4006
f 3984 4008 4007
f 3985 4008 3984
f 3986 4009 3985
f 3985 4009 4008
f 3987 4010 3986
f 3986 4010 4009
f 3988 4010 3987
f 3988 4011 4010
f 3988 4012 4011
f 3989 4012 3988
f 3990 4013 3989
f 3989 4013 4012
f 3990 4014 4013
f 3991 4014 3990
f 3991 4015 4014
f 3992 4015 3991
f 3992 4016 4015
f 3993 4016 3992
f 3971 4017 4018
f 3994 4017 3971
f 3993 4019 4016
f 3849 4019 3847
f 3847 4019 3995
f 3995 4019 3993
f 3996 4020 3994
f 3994 4020 4017
f 3997 4021 3996
f 3996 4021 4020
f 3998 4021 3997
f 3998 4022 4021
f 3998 4023 4022
f 3999 4023 3998
f 4000 4023 3999
f 4000 4024 4023
f 4001 4025 4000
f 4000 4025 4024
f 4001 4026 4025
f 4002 4026 4001
f 4004 4027 4003
f 4003 4027 4002
f 4002 4027 4026
f 4005 4028 4004
f 4004 4028 4027
f 4005 4029 4028
f 4006 4030 4005
f 4005 4030 4029
f 4007 4030 4006
f 4007 4031 4030
f 4008 4032 4007
f 4007 4032 4031
f 4009 4033 4008
f 4010 4033 4009
f 4008 4033 4032
f 4010 4034 4033
f 4011 4035 4010
f 4010 4035 4034
f 4012 4036 4011
f 4013 4036 4012
f 4011 4036 4035
f 4014 4037 4013
f 4013 4037 4036
f 4014 4038 4037
f 4014 4039 4038
f 4015 4039 4014
f 4015 4040 4039
f 4016 4040 4015
f 4018 4041 4042
f 4017 4041 4018
f 4016 4043 4040
f 4019 4043 4016
f 3849 4043 4019
f 3851 4043 3849
f 4020 4044 4017
f 4017 4044 4041
f 4021 4045 4020
f 4020 4045 4044
f 4022 4046 4021
f 4023 4046 4022
f 4021 4046 4045
f 4023 4047 4046
f 4024 4048 4023
f 4023 4048 4047
f 4024 4049 4048
f 4025 4049 4024
f 4026 4050 4025
f 4025 4050 4049
f 4026 4051 4050
f 4027 4051 4026
f 4028 4052 4027
f 4027 4052 4051
f 4029 4053 4028
f 4028 4053 4052
f 4029 4054 4053
f 4030 4054 4029
f 4031 4055 4030
f 4030 4055 4054
f 4031 4056 4055
f 4032 4056 4031
f 4032 4057 4056
f 4033 4057 4032
f 4034 4057 4033
f 4034 4058 4057
f 4035 4058 4034
f 4035 4059 4058
f 4036 4060 4035
f 4035 4060 4059
f 4038 4061 4037
f 4036 4061 4060
f 4037 4061 4036
f 4038 4062 4061
f 4039 4063 4038
f 4038 4063 4062
f 4040 4064 4039
f 4039 4064 4063
f 4042 4065 4066
f 4041 4065 4042
f 4043 4067 4040
f 3851 4067 4043
f 3853 4067 3851
f 4040 4067 4064
f 4044 4068 4041
f 4041 4068 4065
f 4045 4069 4044
f 4044 4069 4068
f 4046 4070 4045
f 4045 4070 4069
f 4046 4071 4070
f 4047 4071 4046
f 4049 4072 4048
f 4048 4072 4047
f 4047 4072 4071
f 4049 4073 4072
f 4049 4074 4073
f 4050 4074 4049
f 4051 4075 4050
f 4050 4075 4074
f 4051 4076 4075
f 4052 4076 4051
f 4053 4077 4052
f 4052 4077 4076
f 4053 4078 4077
f 4054 4078 4053
f 4055 4079 4054
f 4054 4079 4078
f 4056 4080 4055
f 4055 4080 4079
f 4056 4081 4080
f 4057 4081 4056
f 4058 4082 4057
f 4057 4082 4081
f 4058 4083 4082
f 4059 4083 4058
f 4060 4084 4059
f 4059 4084 4083
f 4060 4085 4084
f 4061 4085 4060
f 4061 4086 4085
f 4062 4086 4061
f 4062 4087 4086
f 4063 4087 4062
f 4063 4088 4087
f 4064 4088 4063
f 4067 4088 4064
f 4066 4089 4090
f 4065 4089 4066
f 4067 4091 4088
f 3855 4091 3853
f 3853 4091 4067
f 4068 4092 4065
f 4069 4092 4068
f 4065 4092 4089
f 4069 4093 4092
f 4069 4094 4093
f 4070 4094 4069
f 4071 4095 4070
f 4072 4095 4071
f 4070 4095 4094
f 4072 4096 4095
f 4073 4097 4072
f 4072 4097 4096
f 4074 4098 4073
f 4075 4098 4074
f 4073 4098 4097
f 4075 4099 4098
f 4076 4100 4075
f 4075 4100 4099
f 4077 4101 4076
f 4076 4101 4100
f 4078 4102 4077
f 4077 4102 4101
f 4079 4103 4078
f 4080 4103 4079
f 4078 4103 4102
f 4080 4104 4103
f 4081 4105 4080
f 4082 4105 4081
f 4080 4105 4104
f 4082 4106 4105
f 4083 4107 4082
f 4082 4107 4106
f 4084 4108 4083
f 4083 4108 4107
f 4084 4109 4108
f 4085 4109 4084
f 4086 4109 4085
f 4086 4110 4109
f 4086 4111 4110
f 4087 4111 4086
f 4088 4111 4087
f 4088 4112 4111
f 4089 4113 4090
f 4090 4113 4114
f 4088 4115 4112
f 4091 4115 4088
f 3855 4115 4091
f 3857 4115 3855
f 4093 4116 4092
f 4092 4116 4089
f 4089 4116 4113
f 4093 4117 4116
f 4094 4118 4093
f 4093 4118 4117
f 4094 4119 4118
f 4096 4119 4095
f 4095 4119 4094
f 4096 4120 4119
f 4097 4120 4096
f 4097 4121 4120
f 4097 4122 4121
f 4098 4122 4097
f 4099 4123 4098
f 4098 4123 4122
f 4101 4124 4100
f 4099 4124 4123
f 4100 4124 4099
f 4101 4125 4124
f 4102 4126 4101
f 4101 4126 4125
f 4102 4127 4126
f 4104 4127 4103
f 4103 4127 4102
f 4104 4128 4127
f 4105 4128 4104
f 4105 4129 4128
f 4106 4130 4105
f 4107 4130 4106
f 4105 4130 4129
f 4107 4131 4130
f 4108 4132 4107
f 4107 4132 4131
f 4109 4133 4108
f 4108 4133 4132
f 4110 4134 4109
f 4109 4134 4133
f 4110 4135 4134
f 4111 4135 4110
f 4112 4136 4111
f 4111 4136 4135
f 4114 4137 4138
f 4113 4137 4114
f 4115 4139 4112
f 3857 4139 4115
f 3859 4139 3857
f 4112 4139 4136
f 4116 4140 4113
f 4113 4140 4137
f 4117 4141 4116
f 4116 4141 4140
f 4117 4142 4141
f 4119 4142 4118
f 4118 4142 4117
f 4119 4143 4142
f 4119 4144 4143
f 4120 4144 4119
f 4121 4145 4120
f 4120 4145 4144
f 4121 4146 4145
f 4122 4146 4121
f 4122 4147 4146
f 4124 4147 4123
f 4123 4147 4122
f 4124 4148 4147
f 4124 4149 4148
f 4125 4149 4124
f 4125 4150 4149
f 4126 4150 4125
f 4127 4151 4126
f 4126 4151 4150
f 4127 4152 4151
f 4128 4152 4127
f 4129 4152 4128
f 4129 4153 4152
f 4129 4154 4153
f 4130 4154 4129
f 4130 4155 4154
f 4131 4155 4130
f 4131 4156 4155
f 4132 4156 4131
f 4133 4157 4132
f 4132 4157 4156
f 4133 4158 4157
f 4134 4158 4133
f 4134 4159 4158
f 4135 4159 4134
f 4136 4159 4135
f 4136 4160 4159
f 4138 4161 4162
f 4137 4161 4138
f 4136 4163 4160
f 3861 4163 3859
f 3859 4163 4139
f 4139 4163 4136
f 4140 4164 4137
f 4137 4164 4161
f 4141 4164 4140
f 4141 4165 4164
f 4142 4165 4141
f 4142 4166 4165
f 4143 4167 4142
f 4142 4167 4166
f 4144 4167 4143
f 4144 4168 4167
f 4145 4169 4144
f 4144 4169 4168
f 4145 4170 4169
f 4147 4170 4146
f 4146 4170 4145
f 4148 4171 4147
f 4147 4171 4170
f 4149 4172 4148
f 4148 4172 4171
f 4149 4173 4172
f 4150 4174 4149
f 4149 4174 4173
f 4151 4175 4150
f 4152 4175 4151
f 4150 4175 4174
f 4152 4176 4175
f 4153 4177 4152
f 4154 4177 4153
f 4152 4177 4176
f 4154 4178 4177
f 4155 4179 4154
f 4156 4179 4155
f 4154 4179 4178
f 4156 4180 4179
f 4156 4181 4180
f 4157 4181 4156
f 4158 4181 4157
f 4158 4182 4181
f 4158 4183 4182
f 4159 4183 4158
f 4160 4183 4159
f 4160 4184 4183
f 4162 4185 4186
f 4161 4185 4162
f 4160 4187 4184
f 4163 4187 4160
f 3863 4187 3861
f 3861 4187 4163
f 4161 4188 4185
f 4165 4188 4164
f 4164 4188 4161
f 4165 4189 4188
f 4165 4190 4189
f 4166 4190 4165
f 4166 4191 4190
f 4167 4191 4166
f 4168 4192 4167
f 4167 4192 4191
f 4170 4193 4169
f 4169 4193 4168
f 4168 4193 4192
f 4170 4194 4193
f 4170 4195 4194
f 4171 4195 4170
f 4171 4196 4195
f 4172 4196 4171
f 4172 4197 4196
f 4173 4197 4172
f 4173 4198 4197
f 4174 4198 4173
f 4174 4199 4198
f 4175 4199 4174
f 4176 4200 4175
f 4175 4200 4199
f 4177 4201 4176
f 4176 4201 4200
f 4177 4202 4201
f 4178 4202 4177
f 4179 4203 4178
f 4178 4203 4202
f 4180 4204 4179
f 4179 4204 4203
f 4181 4205 4180
f 4180 4205 4204
f 4182 4206 4181
f 4181 4206 4205
f 4182 4207 4206
f 4183 4207 4182
f 4184 4207 4183
f 4184 4208 4207
f 4186 4209 4210
f 4185 4209 4186
f 4187 4211 4184
f 3863 4211 4187
f 3865 4211 3863
f 4184 4211 4208
f 4188 4212 4185
f 4185 4212 4209
f 4188 4213 4212
f 4189 4213 4188
f 4190 4214 4189
f 4189 4214 4213
f 4190 4215 4214
f 4191 4215 4190
f 4192 4216 4191
f 4191 4216 4215
f 4193 4217 4192
f 4192 4217 4216
f 4193 4218 4217
f 4194 4218 4193
f 4195 4218 4194
f 4195 4219 4218
f 4197 4220 4196
f 4195 4220 4219
f 4196 4220 4195
f 4197 4221 4220
f 4197 4222 4221
f 4198 4222 4197
f 4199 4222 4198
f 4200 4223 4199
f 4199 4223 4222
f 4200 4224 4223
f 4200 4225 4224
f 4201 4225 4200
f 4202 4225 4201
f 4202 4226 4225
f 4203 4227 4202
f 4204 4227 4203
f 4202 4227 4226
f 4204 4228 4227
f 4204 4229 4228
f 4205 4229 4204
f 4206 4229 4205
f 4206 4230 4229
f 4206 4231 4230
f 4207 4231 4206
f 4207 4232 4231
f 4208 4232 4207
f 4209 4233 4210
f 4210 4233 4234
f 4208 4235 4232
f 3867 4235 3865
f 3865 4235 4211
f 4211 4235 4208
f 4212 4236 4209
f 4209 4236 4233
f 4213 4236 4212
f 4213 4237 4236
f 4214 4237 4213
f 4214 4238 4237
f 4216 4239 4215
f 4215 4239 4214
f 4214 4239 4238
f 4216 4240 4239
f 4217 4241 4216
f 4216 4241 4240
f 4218 4242 4217
f 4217 4242 4241
f 4220 4243 4219
f 4219 4243 4218
f 4218 4243 4242
f 4221 4244 4220
f 4220 4244 4243
f 4221 4245 4244
f 4222 4246 4221
f 4221 4246 4245
f 4223 4247 4222
f 4222 4247 4246
f 4224 4248 4223
f 4223 4248 4247
f 4224 4249 4248
f 4225 4249 4224
f 4226 4249 4225
f 4226 4250 4249
f 4226 4251 4250
f 4227 4251 4226
f 4227 4252 4251
f 4228 4252 4227
f 4228 4253 4252
f 4229 4253 4228
f 4229 4254 4253
f 4230 4254 4229
f 4231 4254 4230
f 4231 4255 4254
f 4231 4256 4255
f 4232 4256 4231
f 4234 4257 4258
f 4233 4257 4234
f 4232 4259 4256
f 4235 4259 4232
f 3867 4259 4235
f 3869 4259 3867
f 4233 4260 4257
f 4236 4260 4233
f 4236 4261 4260
f 4237 4261 4236
f 4237 4262 4261
f 4238 4262 4237
f 4238 4263 4262
f 4239 4263 4238
f 4239 4264 4263
f 4240 4264 4239
f 4240 4265 4264
f 4241 4265 4240
f 4241 4266 4265
f 4242 4266 4241
f 4243 4267 4242
f 4242 4267 4266
f 4243 4268 4267
f 4244 4268 4243
f 4244 4269 4268
f 4245 4269 4244
f 4245 4270 4269
f 4246 4270 4245
f 4247 4271 4246
f 4246 4271 4270
f 4248 4272 4247
f 4247 4272 4271
f 4249 4273 4248
f 4248 4273 4272
f 4249 4274 4273
f 4250 4274 4249
f 4250 4275 4274
f 4251 4275 4250
f 4252 4276 4251
f 4251 4276 4275
f 4253 4277 4252
f 4252 4277 4276
f 4254 4278 4253
f 4253 4278 4277
f 4255 4279 4254
f 4254 4279 4278
f 4256 4280 4255
f 4255 4280 4279
f 4258 4281 4282
f 4257 4281 4258
f 4259 4283 4256
f 3869 4283 4259
f 3871 4283 3869
f 4256 4283 4280
f 4257 4284 4281
f 4260 4284 4257
f 4261 4285 4260
f 4260 4285 4284
f 4263 4286 4262
f 4261 4286 4285
f 4262 4286 4261
f 4263 4287 4286
f 4264 4288 4263
f 4265 4288 4264
f 4263 4288 4287
f 4265 4289 4288
f 4265 4290 4289
f 4266 4290 4265
f 4267 4291 4266
f 4266 4291 4290
f 4268 4291 4267
f 4268 4292 4291
f 4269 4292 4268
f 4269 4293 4292
f 4269 4294 4293
f 4270 4294 4269
f 4271 4294 4270
f 4271 4295 4294
f 4271 4296 4295
f 4272 4296 4271
f 4273 4296 4272
f 4273 4297 4296
f 4273 4298 4297
f 4275 4298 4274
f 4274 4298 4273
f 4275 4299 4298
f 4276 4300 4275
f 4277 4300 4276
f 4275 4300 4299
f 4277 4301 4300
f 4278 4301 4277
f 4278 4302 4301
f 4278 4303 4302
f 4279 4303 4278
f 4279 4304 4303
f 4280 4304 4279
f 4282 4305 4306
f 4281 4305 4282
f 3871 4307 4283
f 4283 4307 4280
f 4280 4307 4304
f 3872 4307 3871
f 4285 4308 4284
f 4281 4308 4305
f 4284 4308 4281
f 4285 4309 4308
f 4286 4310 4285
f 4287 4310 4286
f 4285 4310 4309
f 4287 4311 4310
f 4288 4312 4287
f 4287 4312 4311
f 4289 4313 4288
f 4288 4313 4312
f 4290 4314 4289
f 4291 4314 4290
f 4289 4314 4313
f 4291 4315 4314
f 4292 4316 4291
f 4291 4316 4315
f 4293 4317 4292
f 4292 4317 4316
f 4294 4318 4293
f 4293 4318 4317
f 4295 4319 4294
f 4294 4319 4318
f 4295 4320 4319
f 4296 4320 4295
f 4297 4321 4296
f 4296 4321 4320
f 4297 4322 4321
f 4298 4322 4297
f 4298 4323 4322
f 4299 4323 4298
f 4300 4324 4299
f 4299 4324 4323
f 4300 4325 4324
f 4301 4325 4300
f 4302 4325 4301
f 4302 4326 4325
f 4302 4327 4326
f 4304 4327 4303
f 4303 4327 4302
f 4304 4328 4327
f 4306 4329 4330
f 4305 4329 4306
f 4304 4331 4328
f 4307 4331 4304
f 3872 4331 4307
f 3870 4331 3872
f 4305 4332 4329
f 4308 4332 4305
f 4309 4333 4308
f 4308 4333 4332
f 4310 4333 4309
f 4310 4334 4333
f 4310 4335 4334
f 4311 4335 4310
f 4312 4336 4311
f 4311 4336 4335
f 4312 4337 4336
f 4313 4337 4312
f 4313 4338 4337
f 4314 4338 4313
f 4314 4339 4338
f 4315 4339 4314
f 4316 4339 4315
f 4316 4340 4339
f 4317 4341 4316
f 4316 4341 4340
f 4318 4342 4317
f 4317 4342 4341
f 4319 4343 4318
f 4318 4343 4342
f 4321 4344 4320
f 4320 4344 4319
f 4319 4344 4343
f 4321 4345 4344
f 4322 4346 4321
f 4321 4346 4345
f 4323 4347 4322
f 4322 4347 4346
f 4324 4348 4323
f 4323 4348 4347
f 4325 4349 4324
f 4324 4349 4348
f 4326 4349 4325
f 4326 4350 4349
f 4327 4350 4326
f 4327 4351 4350
f 4328 4352 4327
f 4327 4352 4351
f 4330 4353 4354
f 4332 4353 4329
f 4329 4353 4330
f 4331 4355 4328
f 3870 4355 4331
f 3868 4355 3870
f 4328 4355 4352
f 4332 4356 4353
f 4333 4357 4332
f 4332 4357 4356
f 4334 4358 4333
f 4333 4358 4357
f 4335 4358 4334
f 4335 4359 4358
f 4335 4360 4359
f 4336 4360 4335
f 4336 4361 4360
f 4337 4361 4336
f 4337 4362 4361
f 4338 4362 4337
f 4339 4363 4338
f 4338 4363 4362
f 4341 4364 4340
f 4339 4364 4363
f 4340 4364 4339
f 4341 4365 4364
f 4341 4366 4365
f 4342 4366 4341
f 4342 4367 4366
f 4343 4367 4342
f 4344 4368 4343
f 4343 4368 4367
f 4345 4369 4344
f 4344 4369 4368
f 4345 4370 4369
f 4346 4370 4345
f 4347 4370 4346
f 4347 4371 4370
f 4347 4372 4371
f 4348 4372 4347
f 4349 4373 4348
f 4348 4373 4372
f 4349 4374 4373
f 4350 4374 4349
f 4350 4375 4374
f 4351 4375 4350
f 4351 4376 4375
f 4352 4376 4351
f 4354 4377 4378
f 4353 4377 4354
f 3868 4379 4355
f 4355 4379 4352
f 4352 4379 4376
f 3866 4379 3868
f 4356 4380 4353
f 4353 4380 4377
f 4357 4381 4356
f 4356 4381 4380
f 4358 4382 4357
f 4357 4382 4381
f 4359 4382 4358
f 4359 4383 4382
f 4360 4384 4359
f 4361 4384 4360
f 4359 4384 4383
f 4361 4385 4384
f 4362 4386 4361
f 4363 4386 4362
f 4361 4386 4385
f 4363 4387 4386
f 4364 4387 4363
f 4364 4388 4387
f 4364 4389 4388
f 4365 4389 4364
f 4365 4390 4389
f 4367 4390 4366
f 4366 4390 4365
f 4367 4391 4390
f 4367 4392 4391
f 4368 4392 4367
f 4368 4393 4392
f 4369 4393 4368
f 4369 4394 4393
f 4370 4394 4369
f 4370 4395 4394
f 4371 4395 4370
f 4373 4396 4372
f 4372 4396 4371
f 4371 4396 4395
f 4373 4397 4396
f 4373 4398 4397
f 4374 4398 4373
f 4375 4399 4374
f 4374 4399 4398
f 4375 4400 4399
f 4376 4400 4375
f 4378 4401 4402
f 4377 4401 4378
f 4376 4403 4400
f 4379 4403 4376
f 3866 4403 4379
f 3864 4403 3866
f 4377 4404 4401
f 4380 4404 4377
f 4382 4405 4381
f 4380 4405 4404
f 4381 4405 4380
f 4382 4406 4405
f 4382 4407 4406
f 4383 4407 4382
f 4384 4408 4383
f 4383 4408 4407
f 4384 4409 4408
f 4385 4409 4384
f 4385 4410 4409
f 4386 4410 4385
f 4386 4411 4410
f 4387 4411 4386
f 4388 4412 4387
f 4387 4412 4411
f 4389 4413 4388
f 4388 4413 4412
f 4390 4414 4389
f 4389 4414 4413
f 4391 4415 4390
f 4390 4415 4414
f 4391 4416 4415
f 4392 4416 4391
f 4392 4417 4416
f 4393 4417 4392
f 4394 4418 4393
f 4393 4418 4417
f 4395 4419 4394
f 4394 4419 4418
f 4396 4419 4395
f 4396 4420 4419
f 4397 4421 4396
f 4398 4421 4397
f 4396 4421 4420
f 4398 4422 4421
f 4398 4423 4422
f 4399 4423 4398
f 4399 4424 4423
f 4400 4424 4399
f 4402 4425 4426
f 4401 4425 4402
f 4400 4427 4424
f 4403 4427 4400
f 3864 4427 4403
f 3862 4427 3864
f 4404 4428 4401
f 4405 4428 4404
f 4401 4428 4425
f 4406 4429 4405
f 4405 4429 4428
f 4406 4430 4429
f 4406 4431 4430
f 4407 4431 4406
f 4408 4431 4407
f 4408 4432 4431
f 4409 4433 4408
f 4408 4433 4432
f 4409 4434 4433
f 4410 4434 4409
f 4410 4435 4434
f 4412 4435 4411
f 4411 4435 4410
f 4412 4436 4435
f 4413 4436 4412
f 4413 4437 4436
f 4414 4438 4413
f 4413 4438 4437
f 4414 4439 4438
f 4415 4439 4414
f 4415 4440 4439
f 4416 4440 4415
f 4417 4441 4416
f 4418 4441 4417
f 4416 4441 4440
f 4418 4442 4441
f 4419 4443 4418
f 4418 4443 4442
f 4420 4443 4419
f 4420 4444 4443
f 4420 4445 4444
f 4422 4445 4421
f 4421 4445 4420
f 4422 4446 4445
f 4424 4447 4423
f 4422 4447 4446
f 4423 4447 4422
f 4424 4448 4447
f 4426 4449 4450
f 4425 4449 4426
f 4427 4451 4424
f 3862 4451 4427
f 4424 4451 4448
f 3860 4451 3862
f 4425 4452 4449
f 4428 4452 4425
f 4429 4453 4428
f 4428 4453 4452
f 4430 4454 4429
f 4429 4454 4453
f 4432 4455 4431
f 4431 4455 4430
f 4430 4455 4454
f 4432 4456 4455
f 4433 4457 4432
f 4432 4457 4456
f 4433 4458 4457
f 4434 4458 4433
f 4434 4459 4458
f 4435 4459 4434
f 4435 4460 4459
f 4436 4460 4435
f 4437 4461 4436
f 4436 4461 4460
f 4437 4462 4461
f 4438 4462 4437
f 4438 4463 4462
f 4439 4463 4438
f 4440 4464 4439
f 4439 4464 4463
f 4440 4465 4464
f 4441 4465 4440
f 4441 4466 4465
f 4442 4466 4441
f 4442 4467 4466
f 4443 4467 4442
f 4443 4468 4467
f 4444 4468 4443
f 4445 4469 4444
f 4444 4469 4468
f 4445 4470 4469
f 4446 4470 4445
f 4447 4471 4446
f 4446 4471 4470
f 4447 4472 4471
f 4448 4472 4447
f 4450 4473 4474
f 4474 4473 4475
f 4449 4473 4450
f 4448 4476 4472
f 4451 4476 4448
f 3860 4476 4451
f 3858 4476 3860
f 4452 4477 4449
f 4449 4477 4473
f 4453 4477 4452
f 4453 4478 4477
f 4453 4479 4478
f 4454 4479 4453
f 4454 4480 4479
f 4455 4480 4454
f 4455 4481 4480
f 4456 4481 4455
f 4456 4482 4481
f 4457 4482 4456
f 4459 4483 4458
f 4457 4483 4482
f 4458 4483 4457
f 4459 4484 4483
f 4460 4485 4459
f 4459 4485 4484
f 4461 4485 4460
f 4461 4486 4485
f 4462 4487 4461
f 4461 4487 4486
f 4464 4488 4463
f 4463 4488 4462
f 4462 4488 4487
f 4464 4489 4488
f 4465 4490 4464
f 4466 4490 4465
f 4464 4490 4489
f 4466 4491 4490
f 4467 4492 4466
f 4468 4492 4467
f 4466 4492 4491
f 4468 4493 4492
f 4469 4494 4468
f 4468 4494 4493
f 4470 4495 4469
f 4471 4495 4470
f 4469 4495 4494
f 4471 4496 4495
f 4472 4496 4471
f 4472 4497 4496
f 4473 4498 4475
f 4472 4499 4497
f 4476 4499 4472
f 3858 4499 4476
f 3856 4499 3858
f 4473 4500 4498
f 4477 4500 4473
f 4478 4500 4477
f 4479 4501 4478
f 4478 4501 4500
f 4479 4502 4501
f 4480 4503 4479
f 4479 4503 4502
f 4481 4503 4480
f 4481 4504 4503
f 4481 4505 4504
f 4482 4505 4481
f 4482 4506 4505
f 4483 4506 4482
f 4484 4507 4483
f 4483 4507 4506
f 4484 4508 4507
f 4485 4508 4484
f 4486 4509 4485
f 4485 4509 4508
f 4487 4510 4486
f 4486 4510 4509
f 4487 4511 4510
f 4488 4511 4487
f 4488 4512 4511
f 4489 4512 4488
f 4489 4513 4512
f 4490 4513 4489
f 4491 4513 4490
f 4491 4514 4513
f 4491 4515 4514
f 4492 4515 4491
f 4492 4516 4515
f 4493 4516 4492
f 4494 4517 4493
f 4493 4517 4516
f 4495 4518 4494
f 4494 4518 4517
f 4496 4519 4495
f 4497 4519 4496
f 4495 4519 4518
f 4497 4520 4519
f 4498 4521 4475
f 4475 4521 4522
f 4522 4521 4523
f 4497 4524 4520
f 4499 4524 4497
f 3856 4524 4499
f 3854 4524 3856
f 4498 4525 4521
f 4500 4525 4498
f 4501 4525 4500
f 4502 4526 4501
f 4501 4526 4525
f 4502 4527 4526
f 4503 4528 4502
f 4504 4528 4503
f 4502 4528 4527
f 4504 4529 4528
f 4505 4530 4504
f 4504 4530 4529
f 4505 4531 4530
f 4506 4531 4505
f 4506 4532 4531
f 4507 4532 4506
f 4508 4533 4507
f 4509 4533 4508
f 4507 4533 4532
f 4509 4534 4533
f 4510 4535 4509
f 4509 4535 4534
f 4510 4536 4535
f 4512 4536 4511
f 4511 4536 4510
f 4512 4537 4536
f 4512 4538 4537
f 4513 4538 4512
f 4513 4539 4538
f 4514 4539 4513
f 4515 4540 4514
f 4514 4540 4539
f 4515 4541 4540
f 4516 4541 4515
f 4517 4542 4516
f 4516 4542 4541
f 4517 4543 4542
f 4518 4543 4517
f 4519 4544 4518
f 4518 4544 4543
f 4519 4545 4544
f 4524 4545 4520
f 4520 4545 4519
f 4523 4546 4547
f 4547 4546 4548
f 4521 4546 4523
f 4524 4549 4545
f 3854 4549 4524
f 3852 4549 3854
f 4548 4550 4551
f 4521 4550 4546
f 4525 4550 4521
f 4546 4550 4548
f 4551 4552 4553
f 4525 4552 4550
f 4526 4552 4525
f 4550 4552 4551
f 4553 4554 4555
f 4526 4554 4552
f 4527 4554 4526
f 4552 4554 4553
f 4554 4556 4555
f 4555 4556 4557
f 4527 4556 4554
f 4528 4556 4527
f 4557 4558 4559
f 4529 4558 4528
f 4528 4558 4556
f 4556 4558 4557
f 4530 4560 4529
f 4559 4560 4561
f 4529 4560 4558
f 4558 4560 4559
f 4531 4562 4530
f 4560 4562 4561
f 4561 4562 4563
f 4530 4562 4560
f 4532 4564 4531
f 4563 4564 4565
f 4565 4564 4566
f 4531 4564 4562
f 4562 4564 4563
f 4533 4567 4532
f 4564 4567 4566
f 4532 4567 4564
f 4534 4568 4533
f 4566 4568 4569
f 4569 4568 4570
f 4567 4568 4566
f 4533 4568 4567
f 4535 4571 4534
f 4570 4571 4572
f 4568 4571 4570
f 4534 4571 4568
f 4536 4573 4535
f 4571 4573 4572
f 4535 4573 4571
f 4537 4574 4536
f 4572 4574 4575
f 4536 4574 4573
f 4573 4574 4572
f 4538 4576 4537
f 4575 4576 4577
f 4537 4576 4574
f 4574 4576 4575
f 4538 4578 4576
f 4539 4578 4538
f 4576 4578 4577
f 4577 4578 4579
f 4578 4580 4579
f 4540 4580 4539
f 4541 4580 4540
f 4579 4580 4581
f 4581 4580 4582
f 4539 4580 4578
f 4580 4583 4582
f 4541 4583 4580
f 4541 4584 4583
f 4542 4584 4541
f 4582 4584 4585
f 4583 4584 4582
f 4584 4586 4585
f 4543 4586 4542
f 4585 4586 4587
f 4587 4586 4588
f 4542 4586 4584
f 4586 4589 4588
f 4544 4589 4543
f 4543 4589 4586
f 4589 4590 4588
f 4544 4590 4589
f 4545 4590 4544
f 4588 4590 4591
f 4591 4590 3873
f 4590 4592 3873
f 4545 4592 4590
f 3873 4592 3850
f 4549 4592 4545
f 3852 4592 4549
f 3850 4592 3852
f 4593 3874 3876
f 3836 3838 3923
f 4548 4594 4547
f 4547 4594 4595
f 4551 4596 4548
f 4548 4596 4594
f 4553 4597 4551
f 4551 4597 4596
f 4555 4598 4553
f 4553 4598 4597
f 4557 4599 4555
f 4555 4599 4598
f 4559 4600 4557
f 4557 4600 4599
f 4561 4601 4559
f 4559 4601 4600
f 4563 4602 4561
f 4561 4602 4601
f 4565 4603 4563
f 4563 4603 4602
f 4565 4604 4603
f 4566 4604 4565
f 4566 4605 4604
f 4569 4605 4566
f 4569 4606 4605
f 4570 4606 4569
f 4570 4607 4606
f 4572 4607 4570
f 4572 4608 4607
f 4575 4608 4572
f 4575 4609 4608
f 4577 4609 4575
f 4577 4610 4609
f 4579 4610 4577
f 4579 4611 4610
f 4581 4611 4579
f 4581 4612 4611
f 4582 4612 4581
f 4585 4613 4582
f 4582 4613 4612
f 4587 4614 4585
f 4585 4614 4613
f 4588 4615 4587
f 4587 4615 4614
f 4591 4616 4588
f 4588 4616 4615
f 4595 4617 4618
f 4594 4617 4595
f 3873 4619 4591
f 3848 4619 3873
f 3846 4619 3848
f 4591 4619 4616
f 4594 4620 4617
f 4596 4620 4594
f 4596 4621 4620
f 4597 4621 4596
f 4597 4622 4621
f 4598 4622 4597
f 4599 4623 4598
f 4598 4623 4622
f 4599 4624 4623
f 4600 4624 4599
f 4601 4625 4600
f 4600 4625 4624
f 4602 4626 4601
f 4601 4626 4625
f 4602 4627 4626
f 4603 4627 4602
f 4604 4628 4603
f 4603 4628 4627
f 4605 4629 4604
f 4604 4629 4628
f 4605 4630 4629
f 4606 4630 4605
f 4607 4631 4606
f 4606 4631 4630
f 4608 4632 4607
f 4607 4632 4631
f 4608 4633 4632
f 4609 4633 4608
f 4610 4634 4609
f 4609 4634 4633
f 4610 4635 4634
f 4611 4635 4610
f 4612 4636 4611
f 4611 4636 4635
f 4612 4637 4636
f 4613 4637 4612
f 4614 4638 4613
f 4613 4638 4637
f 4614 4639 4638
f 4615 4639 4614
f 4616 4640 4615
f 4615 4640 4639
f 4617 4641 4618
f 4618 4641 4642
f 4616 4643 4640
f 3846 4643 4619
f 4619 4643 4616
f 3845 4643 3846
f 4617 4644 4641
f 4620 4644 4617
f 4620 4645 4644
f 4621 4645 4620
f 4622 4646 4621
f 4621 4646 4645
f 4623 4647 4622
f 4622 4647 4646
f 4624 4648 4623
f 4623 4648 4647
f 4624 4649 4648
f 4625 4649 4624
f 4626 4650 4625
f 4625 4650 4649
f 4627 4651 4626
f 4626 4651 4650
f 4627 4652 4651
f 4628 4652 4627
f 4629 4653 4628
f 4628 4653 4652
f 4629 4654 4653
f 4630 4654 4629
f 4631 4655 4630
f 4630 4655 4654
f 4632 4656 4631
f 4631 4656 4655
f 4633 4657 4632
f 4632 4657 4656
f 4635 4658 4634
f 4634 4658 4633
f 4633 4658 4657
f 4635 4659 4658
f 4636 4660 4635
f 4635 4660 4659
f 4637 4661 4636
f 4636 4661 4660
f 4637 4662 4661
f 4638 4662 4637
f 4639 4663 4638
f 4638 4663 4662
f 4640 4664 4639
f 4639 4664 4663
f 4642 4665 4666
f 4641 4665 4642
f 4640 4667 4664
f 4643 4667 4640
f 3845 4667 4643
f 3843 4667 3845
f 4644 4668 4641
f 4641 4668 4665
f 4645 4669 4644
f 4644 4669 4668
f 4645 4670 4669
f 4646 4670 4645
f 4647 4670 4646
f 4647 4671 4670
f 4647 4672 4671
f 4649 4672 4648
f 4648 4672 4647
f 4649 4673 4672
f 4649 4674 4673
f 4650 4674 4649
f 4650 4675 4674
f 4651 4675 4650
f 4652 4676 4651
f 4651 4676 4675
f 4652 4677 4676
f 4653 4677 4652
f 4653 4678 4677
f 4654 4678 4653
f 4654 4679 4678
f 4655 4679 4654
f 4656 4679 4655
f 4656 4680 4679
f 4656 4681 4680
f 4657 4681 4656
f 4657 4682 4681
f 4658 4682 4657
f 4658 4683 4682
f 4659 4683 4658
f 4661 4684 4660
f 4659 4684 4683
f 4660 4684 4659
f 4661 4685 4684
f 4663 4686 4662
f 4662 4686 4661
f 4661 4686 4685
f 4663 4687 4686
f 4664 4688 4663
f 4663 4688 4687
f 4666 4689 4690
f 4665 4689 4666
f 4667 4691 4664
f 3843 4691 4667
f 3841 4691 3843
f 4664 4691 4688
f 4668 4692 4665
f 4665 4692 4689
f 4669 4693 4668
f 4668 4693 4692
f 4670 4694 4669
f 4669 4694 4693
f 4671 4695 4670
f 4670 4695 4694
f 4672 4696 4671
f 4671 4696 4695
f 4673 4697 4672
f 4674 4697 4673
f 4672 4697 4696
f 4674 4698 4697
f 4675 4699 4674
f 4674 4699 4698
f 4675 4700 4699
f 4676 4700 4675
f 4677 4701 4676
f 4676 4701 4700
f 4677 4702 4701
f 4678 4702 4677
f 4679 4702 4678
f 4679 4703 4702
f 4680 4703 4679
f 4680 4704 4703
f 4680 4705 4704
f 4681 4705 4680
f 4682 4705 4681
f 4682 4706 4705
f 4683 4707 4682
f 4682 4707 4706
f 4683 4708 4707
f 4684 4708 4683
f 4685 4708 4684
f 4685 4709 4708
f 4685 4710 4709
f 4686 4710 4685
f 4686 4711 4710
f 4687 4711 4686
f 4687 4712 4711
f 4688 4712 4687
f 4690 4713 4714
f 4714 4713 4715
f 4692 4713 4689
f 4689 4713 4690
f 4688 4716 4712
f 3839 4716 3841
f 3841 4716 4691
f 4691 4716 4688
f 4692 4717 4713
f 4693 4718 4692
f 4692 4718 4717
f 4693 4719 4718
f 4694 4719 4693
f 4694 4720 4719
f 4695 4720 4694
f 4695 4721 4720
f 4696 4721 4695
f 4697 4722 4696
f 4696 4722 4721
f 4699 4723 4698
f 4697 4723 4722
f 4698 4723 4697
f 4699 4724 4723
f 4700 4725 4699
f 4699 4725 4724
f 4701 4726 4700
f 4700 4726 4725
f 4702 4727 4701
f 4701 4727 4726
f 4702 4728 4727
f 4703 4728 4702
f 4704 4729 4703
f 4705 4729 4704
f 4703 4729 4728
f 4705 4730 4729
f 4706 4731 4705
f 4705 4731 4730
f 4707 4732 4706
f 4706 4732 4731
f 4708 4733 4707
f 4707 4733 4732
f 4709 4734 4708
f 4708 4734 4733
f 4710 4734 4709
f 4710 4735 4734
f 4711 4735 4710
f 4711 4736 4735
f 4711 4737 4736
f 4712 4737 4711
f 4716 4737 4712
f 4713 4738 4715
f 4716 4739 4737
f 3839 4739 4716
f 3837 4739 3839
f 4717 4740 4713
f 4713 4740 4738
f 4718 4741 4717
f 4719 4741 4718
f 4717 4741 4740
f 4719 4742 4741
f 4720 4742 4719
f 4720 4743 4742
f 4720 4744 4743
f 4721 4744 4720
f 4721 4745 4744
f 4722 4745 4721
f 4723 4746 4722
f 4722 4746 4745
f 4723 4747 4746
f 4724 4747 4723
f 4724 4748 4747
f 4725 4748 4724
f 4726 4749 4725
f 4727 4749 4726
f 4725 4749 4748
f 4727 4750 4749
f 4728 4751 4727
f 4727 4751 4750
f 4729 4751 4728
f 4729 4752 4751
f 4729 4753 4752
f 4730 4753 4729
f 4731 4753 4730
f 4731 4754 4753
f 4733 4755 4732
f 4731 4755 4754
f 4732 4755 4731
f 4733 4756 4755
f 4733 4757 4756
f 4734 4757 4733
f 4735 4758 4734
f 4734 4758 4757
f 4736 4759 4735
f 4735 4759 4758
f 4737 4760 4736
f 4736 4760 4759
f 4715 4761 4762
f 4740 4761 4738
f 4738 4761 4715
f 4739 4763 4737
f 3837 4763 4739
f 3835 4763 3837
f 4737 4763 4760
f 4740 4764 4761
f 4741 4765 4740
f 4740 4765 4764
f 4742 4766 4741
f 4743 4766 4742
f 4741 4766 4765
f 4743 4767 4766
f 4744 4768 4743
f 4743 4768 4767
f 4744 4769 4768
f 4745 4769 4744
f 4746 4770 4745
f 4745 4770 4769
f 4747 4770 4746
f 4747 4771 4770
f 4747 4772 4771
f 4748 4772 4747
f 4748 4773 4772
f 4749 4773 4748
f 4749 4774 4773
f 4750 4774 4749
f 4750 4775 4774
f 4751 4775 4750
f 4752 4776 4751
f 4753 4776 4752
f 4751 4776 4775
f 4753 4777 4776
f 4753 4778 4777
f 4754 4778 4753
f 4755 4779 4754
f 4754 4779 4778
f 4755 4780 4779
f 4756 4780 4755
f 4756 4781 4780
f 4757 4781 4756
f 4757 4782 4781
f 4758 4782 4757
f 4759 4783 4758
f 4758 4783 4782
f 4759 4784 4783
f 4760 4784 4759
f 4762 4785 4786
f 4786 4785 4787
f 4761 4785 4762
f 4760 4788 4784
f 3833 4788 3835
f 3835 4788 4763
f 4763 4788 4760
f 4764 4789 4761
f 4765 4789 4764
f 4761 4789 4785
f 4765 4790 4789
f 4765 4791 4790
f 4766 4791 4765
f 4766 4792 4791
f 4767 4792 4766
f 4767 4793 4792
f 4768 4793 4767
f 4768 4794 4793
f 4769 4794 4768
f 4769 4795 4794
f 4770 4795 4769
f 4771 4796 4770
f 4770 4796 4795
f 4772 4797 4771
f 4773 4797 4772
f 4771 4797 4796
f 4773 4798 4797
f 4774 4799 4773
f 4773 4799 4798
f 4775 4800 4774
f 4776 4800 4775
f 4774 4800 4799
f 4777 4801 4776
f 4776 4801 4800
f 4777 4802 4801
f 4777 4803 4802
f 4778 4803 4777
f 4778 4804 4803
f 4779 4804 4778
f 4780 4804 4779
f 4780 4805 4804
f 4780 4806 4805
f 4781 4806 4780
f 4781 4807 4806
f 4782 4807 4781
f 4783 4808 4782
f 4782 4808 4807
f 4783 4809 4808
f 4784 4809 4783
f 4785 4810 4787
f 4784 4811 4809
f 4788 4811 4784
f 3833 4811 4788
f 3831 4811 3833
f 4785 4812 4810
f 4789 4812 4785
f 4789 4813 4812
f 4791 4813 4790
f 4790 4813 4789
f 4792 4814 4791
f 4791 4814 4813
f 4792 4815 4814
f 4793 4815 4792
f 4793 4816 4815
f 4794 4817 4793
f 4795 4817 4794
f 4793 4817 4816
f 4795 4818 4817
f 4795 4819 4818
f 4796 4819 4795
f 4797 4820 4796
f 4798 4820 4797
f 4796 4820 4819
f 4798 4821 4820
f 4798 4822 4821
f 4799 4822 4798
f 4799 4823 4822
f 4800 4823 4799
f 4801 4823 4800
f 4801 4824 4823
f 4802 4824 4801
f 4802 4825 4824
f 4804 4826 4803
f 4802 4826 4825
f 4803 4826 4802
f 4805 4827 4804
f 4804 4827 4826
f 4805 4828 4827
f 4806 4829 4805
f 4805 4829 4828
f 4807 4830 4806
f 4808 4830 4807
f 4806 4830 4829
f 4808 4831 4830
f 4809 4832 4808
f 4811 4832 4809
f 4808 4832 4831
f 4787 4833 4834
f 4810 4833 4787
f 4812 4833 4810
f 4811 4835 4832
f 3831 4835 4811
f 3829 4835 3831
f 4813 4836 4812
f 4812 4836 4833
f 4813 4837 4836
f 4814 4838 4813
f 4813 4838 4837
f 4814 4839 4838
f 4815 4839 4814
f 4815 4840 4839
f 4816 4840 4815
f 4816 4841 4840
f 4817 4841 4816
f 4817 4842 4841
f 4818 4842 4817
f 4818 4843 4842
f 4819 4843 4818
f 4819 4844 4843
f 4820 4844 4819
f 4820 4845 4844
f 4821 4845 4820
f 4821 4846 4845
f 4822 4846 4821
f 4822 4847 4846
f 4823 4847 4822
f 4823 4848 4847
f 4824 4848 4823
f 4825 4849 4824
f 4824 4849 4848
f 4825 4850 4849
f 4826 4850 4825
f 4827 4850 4826
f 4827 4851 4850
f 4827 4852 4851
f 4828 4852 4827
f 4829 4853 4828
f 4828 4853 4852
f 4830 4853 4829
f 4830 4854 4853
f 4831 4855 4830
f 4830 4855 4854
f 4835 4856 4832
f 4831 4856 4855
f 4832 4856 4831
f 4834 4857 4858
f 4833 4857 4834
f 4835 4859 4856
f 3827 4859 3829
f 3829 4859 4835
f 4836 4860 4833
f 4833 4860 4857
f 4837 4861 4836
f 4836 4861 4860
f 4838 4862 4837
f 4837 4862 4861
f 4840 4863 4839
f 4838 4863 4862
f 4839 4863 4838
f 4840 4864 4863
f 4841 4865 4840
f 4840 4865 4864
f 4842 4866 4841
f 4843 4866 4842
f 4841 4866 4865
f 4843 4867 4866
f 4844 4867 4843
f 4844 4868 4867
f 4845 4869 4844
f 4844 4869 4868
f 4846 4870 4845
f 4845 4870 4869
f 4846 4871 4870
f 4847 4871 4846
f 4849 4872 4848
f 4848 4872 4847
f 4847 4872 4871
f 4850 4873 4849
f 4849 4873 4872
f 4851 4874 4850
f 4850 4874 4873
f 4851 4875 4874
f 4852 4876 4851
f 4851 4876 4875
f 4852 4877 4876
f 4853 4877 4852
f 4853 4878 4877
f 4854 4878 4853
f 4855 4879 4854
f 4856 4879 4855
f 4854 4879 4878
f 4856 4880 4879
f 4859 4880 4856
f 4857 4881 4858
f 4860 4881 4857
f 4858 4881 4882
f 4882 4881 4883
f 4859 4884 4880
f 3827 4884 4859
f 3825 4884 3827
f 4860 4885 4881
f 4860 4886 4885
f 4861 4886 4860
f 4861 4887 4886
f 4862 4887 4861
f 4862 4888 4887
f 4863 4888 4862
f 4863 4889 4888
f 4864 4889 4863
f 4864 4890 4889
f 4865 4890 4864
f 4865 4891 4890
f 4866 4891 4865
f 4866 4892 4891
f 4867 4892 4866
f 4868 4893 4867
f 4867 4893 4892
f 4869 4893 4868
f 4869 4894 4893
f 4869 4895 4894
f 4870 4895 4869
f 4870 4896 4895
f 4871 4896 4870
f 4871 4897 4896
f 4872 4897 4871
f 4874 4898 4873
f 4872 4898 4897
f 4873 4898 4872
f 4875 4899 4874
f 4874 4899 4898
f 4876 4900 4875
f 4875 4900 4899
f 4876 4901 4900
f 4877 4902 4876
f 4876 4902 4901
f 4878 4903 4877
f 4877 4903 4902
f 4878 4904 4903
f 4879 4904 4878
f 4880 4904 4879
f 4880 4905 4904
f 4883 4906 4907
f 4881 4906 4883
f 4884 4908 4880
f 3825 4908 4884
f 3823 4908 3825
f 4880 4908 4905
f 4885 4909 4881
f 4881 4909 4906
f 4885 4910 4909
f 4886 4910 4885
f 4886 4911 4910
f 4887 4911 4886
f 4888 4912 4887
f 4887 4912 4911
f 4889 4913 4888
f 4888 4913 4912
f 4889 4914 4913
f 4890 4914 4889
f 4890 4915 4914
f 4891 4915 4890
f 4891 4916 4915
f 4893 4916 4892
f 4892 4916 4891
f 4893 4917 4916
f 4894 4918 4893
f 4893 4918 4917
f 4894 4919 4918
f 4895 4919 4894
f 4895 4920 4919
f 4896 4920 4895
f 4896 4921 4920
f 4897 4921 4896
f 4897 4922 4921
f 4898 4922 4897
f 4899 4923 4898
f 4898 4923 4922
f 4899 4924 4923
f 4900 4924 4899
f 4901 4924 4900
f 4901 4925 4924
f 4901 4926 4925
f 4902 4926 4901
f 4904 4927 4903
f 4903 4927 4902
f 4902 4927 4926
f 4904 4928 4927
f 4904 4929 4928
f 4905 4929 4904
f 4908 4929 4905
f 4906 4930 4907
f 4908 4931 4929
f 3821 4931 3823
f 3823 4931 4908
f 4910 4932 4909
f 4909 4932 4906
f 4906 4932 4930
f 4910 4933 4932
f 4911 4934 4910
f 4910 4934 4933
f 4913 4935 4912
f 4912 4935 4911
f 4911 4935 4934
f 4913 4936 4935
f 4914 4937 4913
f 4913 4937 4936
f 4915 4938 4914
f 4914 4938 4937
f 4916 4939 4915
f 4917 4939 4916
f 4915 4939 4938
f 4917 4940 4939
f 4918 4941 4917
f 4917 4941 4940
f 4919 4942 4918
f 4918 4942 4941
f 4920 4943 4919
f 4921 4943 4920
f 4919 4943 4942
f 4921 4944 4943
f 4922 4945 4921
f 4921 4945 4944
f 4923 4945 4922
f 4923 4946 4945
f 4924 4947 4923
f 4925 4947 4924
f 4923 4947 4946
f 4925 4948 4947
f 4926 4948 4925
f 4926 4949 4948
f 4926 4950 4949
f 4928 4950 4927
f 4927 4950 4926
f 4928 4951 4950
f 4928 4952 4951
f 4929 4952 4928
f 4931 4952 4929
f 4930 4953 4907
f 4907 4953 4954
f 4931 4955 4952
f 3821 4955 4931
f 3819 4955 3821
f 4932 4956 4930
f 4930 4956 4953
f 4933 4957 4932
f 4932 4957 4956
f 4934 4958 4933
f 4933 4958 4957
f 4934 4959 4958
f 4935 4959 4934
f 4935 4960 4959
f 4936 4960 4935
f 4937 4961 4936
f 4936 4961 4960
f 4937 4962 4961
f 4938 4962 4937
f 4938 4963 4962
f 4939 4963 4938
f 4940 4964 4939
f 4939 4964 4963
f 4941 4964 4940
f 4941 4965 4964
f 4941 4966 4965
f 4942 4966 4941
f 4943 4967 4942
f 4942 4967 4966
f 4944 4968 4943
f 4943 4968 4967
f 4945 4969 4944
f 4944 4969 4968
f 4946 4970 4945
f 4945 4970 4969
f 4947 4971 4946
f 4946 4971 4970
f 4948 4972 4947
f 4947 4972 4971
f 4949 4973 4948
f 4948 4973 4972
f 4950 4974 4949
f 4949 4974 4973
f 4951 4975 4950
f 4950 4975 4974
f 4951 4976 4975
f 4952 4976 4951
f 4954 4977 4978
f 4956 4977 4953
f 4953 4977 4954
f 4952 4979 4976
f 4955 4979 4952
f 3819 4979 4955
f 3817 4979 3819
f 4956 4980 4977
f 4957 4981 4956
f 4956 4981 4980
f 4957 4982 4981
f 4958 4982 4957
f 4958 4983 4982
f 4959 4983 4958
f 4960 4984 4959
f 4959 4984 4983
f 4962 4985 4961
f 4960 4985 4984
f 4961 4985 4960
f 4962 4986 4985
f 4962 4987 4986
f 4963 4987 4962
f 4964 4988 4963
f 4965 4988 4964
f 4963 4988 4987
f 4966 4989 4965
f 4965 4989 4988
f 4966 4990 4989
f 4966 4991 4990
f 4967 4991 4966
f 4967 4992 4991
f 4968 4992 4967
f 4969 4993 4968
f 4968 4993 4992
f 4969 4994 4993
f 4970 4994 4969
f 4971 4995 4970
f 4972 4995 4971
f 4970 4995 4994
f 4973 4996 4972
f 4972 4996 4995
f 4973 4997 4996
f 4973 4998 4997
f 4974 4998 4973
f 4974 4999 4998
f 4975 4999 4974
f 4976 5000 4975
f 4975 5000 4999
f 4978 5001 5002
f 4980 5001 4977
f 4977 5001 4978
f 3817 5003 4979
f 4976 5003 5000
f 3815 5003 3817
f 4979 5003 4976
f 4980 5004 5001
f 4981 5004 4980
f 4981 5005 5004
f 4982 5006 4981
f 4981 5006 5005
f 4983 5007 4982
f 4984 5007 4983
f 4982 5007 5006
f 4984 5008 5007
f 4985 5009 4984
f 4984 5009 5008
f 4986 5010 4985
f 4985 5010 5009
f 4987 5011 4986
f 4988 5011 4987
f 4986 5011 5010
f 4988 5012 5011
f 4989 5013 4988
f 4990 5013 4989
f 4988 5013 5012
f 4991 5014 4990
f 4990 5014 5013
f 4991 5015 5014
f 4991 5016 5015
f 4992 5016 4991
f 4993 5016 4992
f 4993 5017 5016
f 4993 5018 5017
f 4994 5018 4993
f 4995 5019 4994
f 4994 5019 5018
f 4995 5020 5019
f 4996 5020 4995
f 4997 5020 4996
f 4997 5021 5020
f 4997 5022 5021
f 4998 5022 4997
f 4999 5023 4998
f 4998 5023 5022
f 4999 5024 5023
f 5000 5024 4999
f 5002 5025 5026
f 5001 5025 5002
f 5000 5027 5024
f 5003 5027 5000
f 3815 5027 5003
f 3816 5027 3815
f 5001 5028 5025
f 5004 5028 5001
f 5005 5029 5004
f 5004 5029 5028
f 5006 5030 5005
f 5005 5030 5029
f 5006 5031 5030
f 5007 5031 5006
f 5008 5031 5007
f 5008 5032 5031
f 5008 5033 5032
f 5009 5033 5008
f 5010 5033 5009
f 5010 5034 5033
f 5010 5035 5034
f 5011 5035 5010
f 5011 5036 5035
f 5012 5036 5011
f 5013 5037 5012
f 5012 5037 5036
f 5013 5038 5037
f 5014 5038 5013
f 5014 5039 5038
f 5015 5039 5014
f 5016 5040 5015
f 5015 5040 5039
f 5017 5041 5016
f 5016 5041 5040
f 5018 5042 5017
f 5019 5042 5018
f 5017 5042 5041
f 5019 5043 5042
f 5020 5044 5019
f 5019 5044 5043
f 5021 5045 5020
f 5020 5045 5044
f 5022 5045 5021
f 5022 5046 5045
f 5023 5047 5022
f 5022 5047 5046
f 5023 5048 5047
f 5024 5048 5023
f 5027 5048 5024
f 5026 5049 5050
f 5028 5049 5025
f 5025 5049 5026
f 5027 5051 5048
f 3816 5051 5027
f 3818 5051 3816
f 5028 5052 5049
f 5029 5053 5028
f 5028 5053 5052
f 5029 5054 5053
f 5030 5054 5029
f 5031 5054 5030
f 5031 5055 5054
f 5031 5056 5055
f 5032 5056 5031
f 5033 5056 5032
f 5033 5057 5056
f 5033 5058 5057
f 5034 5058 5033
f 5035 5059 5034
f 5034 5059 5058
f 5035 5060 5059
f 5036 5060 5035
f 5037 5060 5036
f 5037 5061 5060
f 5038 5061 5037
f 5038 5062 5061
f 5038 5063 5062
f 5039 5063 5038
f 5040 5063 5039
f 5040 5064 5063
f 5040 5065 5064
f 5041 5065 5040
f 5041 5066 5065
f 5042 5066 5041
f 5042 5067 5066
f 5043 5067 5042
f 5044 5067 5043
f 5044 5068 5067
f 5044 5069 5068
f 5045 5069 5044
f 5046 5070 5045
f 5045 5070 5069
f 5046 5071 5070
f 5047 5071 5046
f 5047 5072 5071
f 5048 5072 5047
f 5049 5073 5050
f 5050 5073 5074
f 3818 5075 5051
f 5051 5075 5048
f 5048 5075 5072
f 3820 5075 3818
f 5052 5076 5049
f 5049 5076 5073
f 5052 5077 5076
f 5053 5077 5052
f 5054 5078 5053
f 5053 5078 5077
f 5055 5079 5054
f 5054 5079 5078
f 5056 5080 5055
f 5055 5080 5079
f 5057 5081 5056
f 5056 5081 5080
f 5058 5082 5057
f 5057 5082 5081
f 5058 5083 5082
f 5059 5083 5058
f 5060 5084 5059
f 5059 5084 5083
f 5060 5085 5084
f 5061 5085 5060
f 5061 5086 5085
f 5062 5086 5061
f 5063 5087 5062
f 5062 5087 5086
f 5063 5088 5087
f 5064 5088 5063
f 5065 5089 5064
f 5064 5089 5088
f 5065 5090 5089
f 5067 5090 5066
f 5066 5090 5065
f 5067 5091 5090
f 5068 5092 5067
f 5067 5092 5091
f 5068 5093 5092
f 5069 5093 5068
f 5069 5094 5093
f 5070 5094 5069
f 5071 5095 5070
f 5070 5095 5094
f 5071 5096 5095
f 5072 5096 5071
f 5074 5097 5098
f 5076 5097 5073
f 5073 5097 5074
f 5072 5099 5096
f 5075 5099 5072
f 3820 5099 5075
f 3822 5099 3820
f 5077 5100 5076
f 5076 5100 5097
f 5077 5101 5100
f 5078 5101 5077
f 5078 5102 5101
f 5078 5103 5102
f 5079 5103 5078
f 5079 5104 5103
f 5080 5104 5079
f 5080 5105 5104
f 5081 5105 5080
f 5081 5106 5105
f 5083 5106 5082
f 5082 5106 5081
f 5083 5107 5106
f 5084 5108 5083
f 5083 5108 5107
f 5085 5109 5084
f 5086 5109 5085
f 5084 5109 5108
f 5086 5110 5109
f 5087 5111 5086
f 5086 5111 5110
f 5087 5112 5111
f 5088 5112 5087
f 5089 5113 5088
f 5088 5113 5112
f 5089 5114 5113
f 5090 5114 5089
f 5091 5115 5090
f 5090 5115 5114
f 5092 5116 5091
f 5091 5116 5115
f 5093 5117 5092
f 5094 5117 5093
f 5092 5117 5116
f 5094 5118 5117
f 5095 5119 5094
f 5094 5119 5118
f 5096 5120 5095
f 5095 5120 5119
f 5098 5121 5122
f 5097 5121 5098
f 5096 5123 5120
f 5099 5123 5096
f 3822 5123 5099
f 3824 5123 3822
f 5097 5124 5121
f 5100 5124 5097
f 5101 5125 5100
f 5100 5125 5124
f 5101 5126 5125
f 5102 5126 5101
f 5103 5127 5102
f 5102 5127 5126
f 5103 5128 5127
f 5104 5128 5103
f 5105 5128 5104
f 5105 5129 5128
f 5105 5130 5129
f 5106 5130 5105
f 5107 5131 5106
f 5106 5131 5130
f 5108 5132 5107
f 5107 5132 5131
f 5109 5132 5108
f 5109 5133 5132
f 5110 5134 5109
f 5109 5134 5133
f 5110 5135 5134
f 5111 5135 5110
f 5112 5136 5111
f 5111 5136 5135
f 5114 5137 5113
f 5112 5137 5136
f 5113 5137 5112
f 5114 5138 5137
f 5115 5138 5114
f 5115 5139 5138
f 5115 5140 5139
f 5117 5140 5116
f 5116 5140 5115
f 5118 5141 5117
f 5117 5141 5140
f 5118 5142 5141
f 5120 5143 5119
f 5118 5143 5142
f 5119 5143 5118
f 5120 5144 5143
f 5122 5145 5146
f 5121 5145 5122
f 5123 5147 5120
f 3824 5147 5123
f 5120 5147 5144
f 3826 5147 3824
f 5124 5148 5121
f 5121 5148 5145
f 5124 5149 5148
f 5125 5149 5124
f 5126 5150 5125
f 5125 5150 5149
f 5127 5151 5126
f 5126 5151 5150
f 5128 5152 5127
f 5127 5152 5151
f 5129 5153 5128
f 5128 5153 5152
f 5131 5154 5130
f 5130 5154 5129
f 5129 5154 5153
f 5131 5155 5154
f 5131 5156 5155
f 5132 5156 5131
f 5132 5157 5156
f 5134 5157 5133
f 5133 5157 5132
f 5134 5158 5157
f 5134 5159 5158
f 5135 5159 5134
f 5135 5160 5159
f 5136 5160 5135
f 5137 5160 5136
f 5137 5161 5160
f 5138 5162 5137
f 5137 5162 5161
f 5139 5163 5138
f 5138 5163 5162
f 5139 5164 5163
f 5140 5164 5139
f 5141 5165 5140
f 5140 5165 5164
f 5141 5166 5165
f 5142 5166 5141
f 5143 5167 5142
f 5142 5167 5166
f 5144 5167 5143
f 5144 5168 5167
f 5146 5169 5170
f 5145 5169 5146
f 5148 5169 5145
f 5144 5171 5168
f 5147 5171 5144
f 3826 5171 5147
f 3828 5171 3826
f 5149 5172 5148
f 5148 5172 5169
f 5150 5173 5149
f 5149 5173 5172
f 5150 5174 5173
f 5150 5175 5174
f 5151 5175 5150
f 5151 5176 5175
f 5152 5176 5151
f 5154 5177 5153
f 5152 5177 5176
f 5153 5177 5152
f 5154 5178 5177
f 5155 5179 5154
f 5154 5179 5178
f 5155 5180 5179
f 5156 5180 5155
f 5157 5181 5156
f 5158 5181 5157
f 5156 5181 5180
f 5158 5182 5181
f 5158 5183 5182
f 5159 5183 5158
f 5160 5184 5159
f 5161 5184 5160
f 5159 5184 5183
f 5162 5185 5161
f 5161 5185 5184
f 5162 5186 5185
f 5163 5187 5162
f 5162 5187 5186
f 5164 5188 5163
f 5163 5188 5187
f 5165 5189 5164
f 5164 5189 5188
f 5165 5190 5189
f 5166 5190 5165
f 5166 5191 5190
f 5167 5191 5166
f 5168 5191 5167
f 5168 5192 5191
f 5170 5193 5194
f 5169 5193 5170
f 5168 5195 5192
f 5171 5195 5168
f 3828 5195 5171
f 3830 5195 3828
f 5172 5196 5169
f 5169 5196 5193
f 5172 5197 5196
f 5173 5197 5172
f 5174 5198 5173
f 5173 5198 5197
f 5175 5199 5174
f 5174 5199 5198
f 5175 5200 5199
f 5176 5200 5175
f 5177 5201 5176
f 5176 5201 5200
f 5177 5202 5201
f 5178 5202 5177
f 5179 5202 5178
f 5179 5203 5202
f 5179 5204 5203
f 5181 5204 5180
f 5180 5204 5179
f 5181 5205 5204
f 5181 5206 5205
f 5182 5206 5181
f 5182 5207 5206
f 5183 5207 5182
f 5183 5208 5207
f 5184 5208 5183
f 5185 5209 5184
f 5184 5209 5208
f 5185 5210 5209
f 5186 5210 5185
f 5186 5211 5210
f 5187 5211 5186
f 5187 5212 5211
f 5188 5212 5187
f 5190 5213 5189
f 5189 5213 5188
f 5188 5213 5212
f 5190 5214 5213
f 5191 5215 5190
f 5190 5215 5214
f 5192 5216 5191
f 5191 5216 5215
f 5194 5217 5218
f 5196 5217 5193
f 5193 5217 5194
f 5195 5219 5192
f 3830 5219 5195
f 5192 5219 5216
f 3832 5219 3830
f 5197 5220 5196
f 5196 5220 5217
f 5198 5221 5197
f 5197 5221 5220
f 5198 5222 5221
f 5199 5223 5198
f 5198 5223 5222
f 5200 5224 5199
f 5199 5224 5223
f 5201 5225 5200
f 5200 5225 5224
f 5201 5226 5225
f 5202 5226 5201
f 5202 5227 5226
f 5203 5227 5202
f 5205 5228 5204
f 5204 5228 5203
f 5203 5228 5227
f 5205 5229 5228
f 5206 5229 5205
f 5206 5230 5229
f 5207 5231 5206
f 5208 5231 5207
f 5206 5231 5230
f 5208 5232 5231
f 5208 5233 5232
f 5210 5233 5209
f 5209 5233 5208
f 5211 5234 5210
f 5210 5234 5233
f 5211 5235 5234
f 5211 5236 5235
f 5212 5236 5211
f 5212 5237 5236
f 5213 5237 5212
f 5213 5238 5237
f 5214 5238 5213
f 5215 5239 5214
f 5214 5239 5238
f 5216 5239 5215
f 5216 5240 5239
f 5218 5241 4593
f 4593 5241 3874
f 5217 5241 5218
f 5216 5242 5240
f 5219 5242 5216
f 3832 5242 5219
f 3834 5242 3832
f 5220 5243 5217
f 3874 5243 3878
f 3878 5243 3880
f 5217 5243 5241
f 5241 5243 3874
f 5243 5244 3880
f 5220 5244 5243
f 5221 5244 5220
f 5222 5245 5221
f 3880 5245 3882
f 5221 5245 5244
f 5244 5245 3880
f 5222 5246 5245
f 5245 5246 3882
f 3882 5246 3884
f 3884 5246 3886
f 5223 5246 5222
f 5224 5247 5223
f 5223 5247 5246
f 5246 5247 3886
f 5225 5248 5224
f 5247 5248 3886
f 3886 5248 3888
f 5224 5248 5247
f 5248 5249 3888
f 3888 5249 3890
f 5225 5249 5248
f 5226 5249 5225
f 5227 5250 5226
f 3890 5250 3892
f 3892 5250 3895
f 5226 5250 5249
f 5249 5250 3890
f 5250 5251 3895
f 5228 5251 5227
f 5227 5251 5250
f 5229 5252 5228
f 3895 5252 3897
f 5228 5252 5251
f 5251 5252 3895
f 5230 5253 5229
f 3897 5253 3899
f 5252 5253 3897
f 5229 5253 5252
f 5231 5254 5230
f 3899 5254 3901
f 5230 5254 5253
f 5253 5254 3899
f 5232 5255 5231
f 3901 5255 3903
f 5254 5255 3901
f 5231 5255 5254
f 5233 5256 5232
f 5255 5256 3903
f 3903 5256 3905
f 5232 5256 5255
f 5234 5257 5233
f 5256 5257 3905
f 3905 5257 3907
f 3907 5257 3909
f 5233 5257 5256
f 5235 5258 5234
f 5234 5258 5257
f 5257 5258 3909
f 5236 5259 5235
f 5258 5259 3909
f 3909 5259 3911
f 5235 5259 5258
f 5259 5260 3911
f 5237 5260 5236
f 3911 5260 3912
f 5236 5260 5259
f 5260 5261 3912
f 5238 5261 5237
f 3912 5261 3914
f 5237 5261 5260
f 5261 5262 3914
f 5239 5262 5238
f 3914 5262 3916
f 5238 5262 5261
f 5239 5263 5262
f 5262 5263 3916
f 5240 5263 5239
f 3916 5263 3918
f 5240 5264 5263
f 5263 5264 3918
f 3923 5264 3836
f 5242 5264 5240
f 3834 5264 5242
f 3918 5264 3923
f 3836 5264 3834
f 5265 5266 3876
f 5265 3876 3877
f 5267 3877 3921
f 5267 5265 3877
f 5268 5267 3921
f 5269 3921 3922
f 5269 5268 3921
f 5270 3922 3970
f 5270 5269 3922
f 5271 3970 3971
f 5271 5270 3970
f 5272 3971 4018
f 5272 5271 3971
f 5273 4018 4042
f 5273 5272 4018
f 5274 5273 4042
f 5275 5274 4042
f 5275 4042 4066
f 5276 5275 4066
f 5276 4066 4090
f 5277 5276 4090
f 5277 4090 4114
f 5278 5277 4114
f 5278 4114 4138
f 5279 5278 4138
f 5280 5279 4138
f 5280 4138 4162
f 5281 5280 4162
f 5281 4162 4186
f 5282 5281 4186
f 5282 4186 4210
f 5283 5282 4210
f 5283 4210 4234
f 5284 5283 4234
f 5284 4234 4258
f 5285 5284 4258
f 5286 5285 4258
f 5286 4258 4282
f 5287 5286 4282
f 5287 4282 4306
f 5288 4306 4330
f 5288 5287 4306
f 5289 5288 4330
f 5289 4330 4354
f 5290 5289 4354
f 5291 4354 4378
f 5291 5290 4354
f 5292 4378 4402
f 5292 5291 4378
f 5293 4402 4426
f 5293 5292 4402
f 5294 4426 4450
f 5294 5293 4426
f 5295 4450 4474
f 5295 5294 4450
f 5296 5295 4474
f 5297 4474 4475
f 5297 5296 4474
f 5298 4475 4522
f 5298 5297 4475
f 5299 4522 4523
f 5299 5298 4522
f 5300 4523 4547
f 5300 5299 4523
f 5301 5300 4547
f 5301 4547 4595
f 5302 5301 4595
f 5303 4595 4618
f 5303 5302 4595
f 5304 4618 4642
f 5304 5303 4618
f 5305 4642 4666
f 5305 5304 4642
f 5306 4666 4690
f 5306 5305 4666
f 5307 4690 4714
f 5307 5306 4690
f 5308 4714 4715
f 5308 5307 4714
f 5309 4715 4762
f 5309 5308 4715
f 5310 5309 4762
f 5310 4762 4786
f 5310 4786 4787
f 5311 5310 4787
f 5311 4787 4834
f 5312 5311 4834
f 5312 4834 4858
f 5313 5312 4858
f 5314 5313 4858
f 5314 4858 4882
f 5315 5314 4882
f 5315 4882 4883
f 5316 5315 4883
f 5316 4883 4907
f 5316 4907 4954
f 5317 5316 4954
f 5318 5317 4954
f 5318 4954 4978
f 5318 4978 5002
f 5319 5318 5002
f 5320 5319 5002
f 5320 5002 5026
f 5321 5320 5026
f 5321 5026 5050
f 5321 5050 5074
f 5322 5321 5074
f 5323 5074 5098
f 5323 5322 5074
f 5323 5098 5122
f 5324 5323 5122
f 5324 5122 5146
f 5325 5324 5146
f 5326 5146 5170
f 5326 5325 5146
f 5327 5170 5194
f 5327 5194 5218
f 5327 5326 5170
f 5328 5327 5218
f 5329 5218 4593
f 5329 4593 3876
f 5329 5328 5218
f 5266 5329 3876
f 5300 5330 5331
f 5300 5301 5330
f 5299 5331 5332
f 5299 5300 5331
f 5298 5332 5333
f 5298 5299 5332
f 5297 5298 5333
f 5334 5297 5333
f 5296 5297 5334
f 5295 5334 5335
f 5295 5296 5334
f 5294 5335 5336
f 5294 5295 5335
f 5293 5336 5337
f 5293 5294 5336
f 5292 5293 5337
f 5292 5337 5338
f 5291 5292 5338
f 5339 5291 5338
f 5290 5291 5339
f 5289 5290 5339
f 5289 5339 5340
f 5288 5340 5341
f 5288 5289 5340
f 5287 5341 5342
f 5287 5288 5341
f 5286 5287 5342
f 5343 5286 5342
f 5285 5286 5343
f 5284 5343 5344
f 5284 5285 5343
f 5283 5344 5345
f 5283 5284 5344
f 5282 5345 5346
f 5282 5283 5345
f 5281 5346 5347
f 5281 5282 5346
f 5280 5281 5347
f 5348 5280 5347
f 5279 5280 5348
f 5278 5348 5349
f 5278 5279 5348
f 5277 5349 5350
f 5277 5278 5349
f 5276 5350 5351
f 5276 5277 5350
f 5275 5276 5351
f 5352 5275 5351
f 5274 5275 5352
f 5273 5352 5353
f 5273 5274 5352
f 5272 5353 5354
f 5272 5273 5353
f 5271 5354 5355
f 5271 5272 5354
f 5270 5355 5356
f 5270 5271 5355
f 5269 5270 5356
f 5357 5269 5356
f 5268 5269 5357
f 5267 5357 5358
f 5267 5268 5357
f 5265 5358 5359
f 5265 5267 5358
f 5266 5265 5359
f 5360 5266 5359
f 5329 5266 5360
f 5328 5360 5361
f 5328 5329 5360
f 5327 5361 5362
f 5327 5328 5361
f 5326 5362 5363
f 5326 5327 5362
f 5325 5363 5364
f 5325 5326 5363
f 5324 5364 5365
f 5324 5325 5364
f 5323 5365 5366
f 5323 5324 5365
f 5322 5366 5367
f 5322 5323 5366
f 5321 5367 5368
f 5321 5322 5367
f 5320 5321 5368
f 5320 5368 5369
f 5319 5320 5369
f 5319 5369 5370
f 5318 5319 5370
f 5318 5370 5371
f 5317 5371 5372
f 5317 5318 5371
f 5316 5372 5373
f 5316 5317 5372
f 5315 5373 5374
f 5315 5316 5373
f 5314 5374 5375
f 5314 5315 5374
f 5313 5375 5376
f 5313 5314 5375
f 5312 5376 5377
f 5312 5313 5376
f 5311 5377 5378
f 5311 5312 5377
f 5310 5378 5379
f 5310 5311 5378
f 5309 5379 5380
f 5309 5310 5379
f 5308 5380 5381
f 5308 5309 5380
f 5307 5381 5382
f 5307 5308 5381
f 5306 5382 5383
f 5306 5307 5382
f 5305 5383 5384
f 5305 5306 5383
f 5304 5384 5385
f 5304 5305 5384
f 5303 5385 5386
f 5303 5304 5385
f 5302 5386 5387
f 5302 5303 5386
f 5330 5302 5387
f 5301 5302 5330
f 5388 5359 5358
f 5389 5358 5357
f 5389 5388 5358
f 5390 5357 5356
f 5390 5389 5357
f 5391 5356 5355
f 5391 5390 5356
f 5392 5355 5354
f 5392 5391 5355
f 5393 5392 5354
f 5393 5354 5353
f 5394 5393 5353
f 5394 5353 5352
f 5395 5394 5352
f 5395 5352 5351
f 5396 5395 5351
f 5396 5351 5350
f 5397 5396 5350
f 5397 5350 5349
f 5398 5397 5349
f 5398 5349 5348
f 5399 5398 5348
f 5399 5348 5347
f 5400 5399 5347
f 5400 5347 5346
f 5401 5346 5345
f 5401 5400 5346
f 5402 5401 5345
f 5402 5345 5344
f 5403 5344 5343
f 5403 5402 5344
f 5404 5343 5342
f 5404 5403 5343
f 5405 5342 5341
f 5405 5404 5342
f 5406 5341 5340
f 5406 5405 5341
f 5407 5340 5339
f 5407 5406 5340
f 5408 5407 5339
f 5409 5410 5338
f 5411 5339 5338
f 5411 5338 5410
f 5411 5408 5339
f 5412 5338 5337
f 5412 5409 5338
f 5413 5408 5411
f 5414 5412 5337
f 5415 5414 5337
f 5416 5337 5336
f 5416 5415 5337
f 5417 5416 5336
f 5418 5417 5336
f 5419 5336 5335
f 5419 5418 5336
f 5420 5419 5335
f 5421 5420 5335
f 5422 5421 5335
f 5334 5422 5335
f 5423 5422 5334
f 5424 5423 5334
f 5425 5424 5334
f 5333 5425 5334
f 5426 5425 5333
f 5427 5426 5333
f 5428 5427 5333
f 5428 5333 5332
f 5429 5428 5332
f 5430 5429 5332
f 5431 5430 5332
f 5431 5332 5331
f 5432 5431 5331
f 5433 5432 5331
f 5434 5433 5331
f 5434 5435 5433
f 5434 5436 5435
f 5434 5437 5436
f 5438 5331 5330
f 5438 5434 5331
f 5439 5438 5330
f 5439 5330 5387
f 5440 5387 5386
f 5440 5439 5387
f 5441 5386 5385
f 5441 5440 5386
f 5442 5385 5384
f 5442 5441 5385
f 5443 5384 5383
f 5443 5442 5384
f 5444 5383 5382
f 5444 5443 5383
f 5445 5382 5381
f 5445 5444 5382
f 5446 5381 5380
f 5446 5445 5381
f 5447 5380 5379
f 5447 5446 5380
f 5448 5447 5379
f 5448 5379 5378
f 5449 5448 5378
f 5449 5378 5377
f 5450 5449 5377
f 5450 5377 5376
f 5451 5450 5376
f 5451 5376 5375
f 5452 5451 5375
f 5452 5375 5374
f 5453 5452 5374
f 5453 5374 5373
f 5454 5453 5373
f 5454 5373 5372
f 5455 5454 5372
f 5455 5372 5371
f 5456 5455 5371
f 5456 5371 5370
f 5457 5456 5370
f 5457 5370 5369
f 5458 5369 5368
f 5458 5457 5369
f 5459 5368 5367
f 5459 5458 5368
f 5460 5367 5366
f 5460 5459 5367
f 5461 5366 5365
f 5461 5460 5366
f 5462 5365 5364
f 5462 5461 5365
f 5463 5364 5363
f 5463 5462 5364
f 5464 5363 5362
f 5464 5463 5363
f 5465 5362 5361
f 5465 5464 5362
f 5466 5361 5360
f 5466 5465 5361
f 5467 5360 5359
f 5467 5466 5360
f 5388 5467 5359
f 5408 5468 5469
f 5408 5470 5468
f 5408 5471 5470
f 5408 5413 5471
f 5407 5469 5472
f 5407 5408 5469
f 5406 5472 5473
f 5406 5407 5472
f 5405 5473 5474
f 5405 5406 5473
f 5404 5474 5475
f 5404 5405 5474
f 5403 5475 5476
f 5403 5404 5475
f 5402 5476 5477
f 5402 5403 5476
f 5401 5477 5478
f 5401 5402 5477
f 5400 5478 5479
f 5400 5401 5478
f 5399 5479 5480
f 5399 5400 5479
f 5398 5480 5481
f 5398 5399 5480
f 5397 5481 5482
f 5397 5398 5481
f 5396 5397 5482
f 5396 5482 5483
f 5395 5396 5483
f 5395 5483 5484
f 5394 5395 5484
f 5394 5484 5485
f 5393 5485 5486
f 5393 5394 5485
f 5392 5486 5487
f 5392 5393 5486
f 5391 5487 5488
f 5391 5392 5487
f 5390 5488 5489
f 5390 5391 5488
f 5389 5489 5490
f 5389 5390 5489
f 5388 5490 5491
f 5388 5389 5490
f 5439 5492 5493
f 5494 5495 5496
f 5438 5493 5495
f 5438 5439 5493
f 5438 5495 5494
f 5434 5438 5494
f 5497 5434 5494
f 5437 5434 5497
f 5498 5499 5500
f 5500 5468 5501
f 5499 5468 5500
f 5501 5470 5502
f 5468 5470 5501
f 5502 5471 5503
f 5470 5471 5502
f 5471 5413 5503
f 5503 5411 5504
f 5413 5411 5503
f 5504 5410 5505
f 5411 5410 5504
f 5505 5409 5506
f 5410 5409 5505
f 5409 5412 5506
f 5506 5412 5507
f 5412 5414 5507
f 5507 5414 5508
f 5414 5415 5508
f 5508 5415 5509
f 5415 5416 5509
f 5509 5417 5510
f 5416 5417 5509
f 5417 5418 5510
f 5510 5418 5511
f 5511 5419 5512
f 5418 5419 5511
f 5512 5420 5513
f 5419 5420 5512
f 5420 5421 5513
f 5513 5422 5514
f 5421 5422 5513
f 5514 5423 5515
f 5422 5423 5514
f 5515 5424 5516
f 5423 5424 5515
f 5516 5425 5517
f 5424 5425 5516
f 5425 5426 5517
f 5517 5427 5518
f 5426 5427 5517
f 5518 5428 5519
f 5427 5428 5518
f 5519 5429 5520
f 5428 5429 5519
f 5520 5430 5521
f 5429 5430 5520
f 5430 5431 5521
f 5521 5432 5522
f 5431 5432 5521
f 5522 5433 5523
f 5432 5433 5522
f 5433 5435 5523
f 5523 5436 5524
f 5435 5436 5523
f 5436 5437 5524
f 5524 5497 5525
f 5437 5497 5524
f 5525 5494 5526
f 5497 5494 5525
f 5526 5496 5527
f 5494 5496 5526
f 5527 5528 5529
f 5496 5528 5527
f 5530 5388 5491
f 5467 5388 5530
f 5531 5467 5530
f 5466 5467 5531
f 5532 5466 5531
f 5465 5466 5532
f 5533 5465 5532
f 5464 5465 5533
f 5534 5464 5533
f 5463 5464 5534
f 5535 5463 5534
f 5462 5463 5535
f 5536 5462 5535
f 5461 5462 5536
f 5537 5461 5536
f 5460 5461 5537
f 5538 5460 5537
f 5459 5460 5538
f 5539 5459 5538
f 5458 5459 5539
f 5540 5458 5539
f 5457 5458 5540
f 5541 5457 5540
f 5456 5457 5541
f 5542 5456 5541
f 5455 5456 5542
f 5543 5455 5542
f 5454 5455 5543
f 5544 5454 5543
f 5453 5454 5544
f 5545 5453 5544
f 5452 5453 5545
f 5546 5452 5545
f 5451 5452 5546
f 5547 5451 5546
f 5450 5451 5547
f 5548 5450 5547
f 5449 5450 5548
f 5549 5449 5548
f 5448 5449 5549
f 5550 5448 5549
f 5447 5448 5550
f 5551 5447 5550
f 5446 5447 5551
f 5552 5446 5551
f 5445 5446 5552
f 5553 5445 5552
f 5444 5445 5553
f 5554 5444 5553
f 5443 5444 5554
f 5555 5443 5554
f 5442 5443 5555
f 5556 5442 5555
f 5441 5442 5556
f 5557 5441 5556
f 5440 5441 5557
f 5492 5440 5557
f 5439 5440 5492
f 5558 5535 5534
f 5558 5536 5535
f 5558 5537 5536
f 5558 5538 5537
f 5558 5539 5538
f 5558 5540 5539
f 5558 5541 5540
f 5558 5542 5541
f 5558 5543 5542
f 5558 5544 5543
f 5558 5545 5544
f 5558 5546 5545
f 5558 5547 5546
f 5558 5548 5547
f 5558 5549 5548
f 5558 5550 5549
f 5558 5551 5550
f 5558 5552 5551
f 5558 5553 5552
f 5558 5554 5553
f 5558 5555 5554
f 5556 5555 5558
f 5557 5556 5558
f 5528 5557 5558
f 5528 5492 5557
f 5493 5492 5528
f 5495 5493 5528
f 5496 5495 5528
f 5559 5530 5491
f 5559 5531 5530
f 5559 5532 5531
f 5559 5533 5532
f 5559 5534 5533
f 5559 5558 5534
f 5559 5483 5482
f 5559 5484 5483
f 5559 5485 5484
f 5559 5486 5485
f 5559 5487 5486
f 5559 5488 5487
f 5559 5489 5488
f 5559 5490 5489
f 5559 5491 5490
f 5481 5559 5482
f 5480 5559 5481
f 5479 5559 5480
f 5478 5559 5479
f 5477 5559 5478
f 5476 5559 5477
f 5469 5468 5499
f 5475 5559 5476
f 5472 5499 5559
f 5472 5469 5499
f 5474 5559 5475
f 5473 5472 5559
f 5473 5559 5474
f 5560 5558 5561
f 5562 5561 5558
f 5563 5558 5560
f 5564 5562 5558
f 5565 5558 5563
f 5566 5564 5558
f 5567 5558 5565
f 5567 5529 5558
f 5568 5566 5558
f 5569 5529 5567
f 5570 5568 5558
f 5571 5529 5569
f 5572 5570 5558
f 5573 5529 5571
f 5574 5572 5558
f 5575 5529 5573
f 5575 5527 5529
f 5576 5527 5575
f 5576 5526 5527
f 5577 5525 5526
f 5577 5526 5576
f 5578 5525 5577
f 5578 5524 5525
f 5579 5524 5578
f 5579 5523 5524
f 5580 5522 5523
f 5580 5523 5579
f 5581 5522 5580
f 5521 5522 5581
f 5582 5521 5581
f 5520 5582 5583
f 5520 5521 5582
f 5519 5583 5584
f 5519 5520 5583
f 5518 5584 5585
f 5518 5519 5584
f 5559 5574 5558
f 5559 5586 5574
f 5559 5587 5586
f 5559 5588 5587
f 5559 5589 5588
f 5559 5590 5589
f 5559 5591 5590
f 5559 5592 5591
f 5559 5593 5592
f 5559 5594 5593
f 5559 5595 5594
f 5559 5596 5595
f 5559 5597 5596
f 5517 5585 5598
f 5517 5518 5585
f 5516 5517 5598
f 5516 5598 5599
f 5515 5516 5599
f 5515 5599 5600
f 5514 5600 5601
f 5514 5515 5600
f 5498 5597 5559
f 5498 5602 5597
f 5498 5603 5602
f 5498 5604 5603
f 5498 5605 5604
f 5513 5601 5606
f 5513 5514 5601
f 5500 5605 5498
f 5500 5607 5605
f 5512 5513 5606
f 5512 5606 5608
f 5501 5607 5500
f 5501 5609 5607
f 5511 5512 5608
f 5511 5608 5610
f 5502 5609 5501
f 5502 5611 5609
f 5510 5511 5610
f 5510 5610 5612
f 5503 5611 5502
f 5503 5613 5611
f 5509 5510 5612
f 5509 5612 5614
f 5504 5613 5503
f 5504 5615 5613
f 5508 5509 5614
f 5508 5614 5616
f 5505 5617 5615
f 5505 5615 5504
f 5507 5616 5618
f 5507 5508 5616
f 5506 5507 5618
f 5506 5618 5617
f 5506 5617 5505
f 5529 5528 5558
f 5619 5601 5620
f 5601 5600 5620
f 5621 5574 5622
f 5572 5574 5621
f 5620 5623 5624
f 5624 5623 5625
f 5599 5623 5600
f 5598 5623 5599
f 5600 5623 5620
f 5625 5626 5627
f 5627 5626 5628
f 5585 5626 5598
f 5584 5626 5585
f 5623 5626 5625
f 5598 5626 5623
f 5628 5629 5630
f 5630 5629 5631
f 5584 5629 5626
f 5583 5629 5584
f 5582 5629 5583
f 5626 5629 5628
f 5631 5632 5633
f 5633 5632 5634
f 5629 5632 5631
f 5581 5632 5582
f 5580 5632 5581
f 5582 5632 5629
f 5634 5635 5636
f 5636 5635 5637
f 5579 5635 5580
f 5578 5635 5579
f 5632 5635 5634
f 5580 5635 5632
f 5637 5638 5639
f 5639 5638 5640
f 5577 5638 5578
f 5576 5638 5577
f 5635 5638 5637
f 5578 5638 5635
f 5576 5641 5638
f 5638 5641 5640
f 5640 5641 5642
f 5642 5641 5643
f 5575 5641 5576
f 5643 5644 5645
f 5641 5644 5643
f 5573 5644 5575
f 5571 5644 5573
f 5575 5644 5641
f 5645 5646 5647
f 5647 5646 5648
f 5569 5646 5571
f 5567 5646 5569
f 5644 5646 5645
f 5571 5646 5644
f 5646 5649 5648
f 5648 5649 5650
f 5650 5649 5651
f 5565 5649 5567
f 5563 5649 5565
f 5567 5649 5646
f 5651 5652 5653
f 5653 5652 5654
f 5560 5652 5563
f 5561 5652 5560
f 5649 5652 5651
f 5563 5652 5649
f 5654 5655 5656
f 5656 5655 5657
f 5562 5655 5561
f 5564 5655 5562
f 5652 5655 5654
f 5561 5655 5652
f 5655 5658 5657
f 5564 5658 5655
f 5657 5658 5659
f 5659 5658 5660
f 5566 5658 5564
f 5568 5658 5566
f 5660 5661 5662
f 5662 5661 5621
f 5658 5661 5660
f 5570 5661 5568
f 5572 5661 5570
f 5568 5661 5658
f 5621 5661 5572
f 5622 5574 5663
f 5574 5586 5663
f 5664 5601 5619
f 5606 5601 5664
f 5587 5665 5586
f 5588 5665 5587
f 5663 5665 5666
f 5666 5665 5667
f 5586 5665 5663
f 5589 5668 5588
f 5590 5668 5589
f 5667 5668 5669
f 5669 5668 5670
f 5588 5668 5665
f 5665 5668 5667
f 5668 5671 5670
f 5591 5671 5590
f 5592 5671 5591
f 5590 5671 5668
f 5670 5671 5672
f 5672 5671 5673
f 5593 5674 5592
f 5594 5674 5593
f 5673 5674 5675
f 5675 5674 5676
f 5592 5674 5671
f 5671 5674 5673
f 5595 5677 5594
f 5596 5677 5595
f 5676 5677 5678
f 5678 5677 5679
f 5674 5677 5676
f 5594 5677 5674
f 5596 5680 5677
f 5597 5680 5596
f 5602 5680 5597
f 5679 5680 5681
f 5681 5680 5682
f 5677 5680 5679
f 5603 5683 5602
f 5604 5683 5603
f 5682 5683 5684
f 5684 5683 5685
f 5602 5683 5680
f 5680 5683 5682
f 5605 5686 5604
f 5607 5686 5605
f 5685 5686 5687
f 5687 5686 5688
f 5604 5686 5683
f 5683 5686 5685
f 5609 5689 5607
f 5611 5689 5609
f 5688 5689 5690
f 5690 5689 5691
f 5607 5689 5686
f 5686 5689 5688
f 5613 5692 5611
f 5689 5692 5691
f 5691 5692 5693
f 5693 5692 5694
f 5615 5692 5613
f 5611 5692 5689
f 5694 5695 5696
f 5696 5695 5697
f 5617 5695 5615
f 5618 5695 5617
f 5615 5695 5692
f 5692 5695 5694
f 5697 5698 5699
f 5699 5698 5700
f 5616 5698 5618
f 5614 5698 5616
f 5618 5698 5695
f 5695 5698 5697
f 5700 5701 5702
f 5702 5701 5703
f 5612 5701 5614
f 5610 5701 5612
f 5698 5701 5700
f 5614 5701 5698
f 5701 5704 5703
f 5610 5704 5701
f 5703 5704 5705
f 5705 5704 5664
f 5608 5704 5610
f 5606 5704 5608
f 5664 5704 5606
f 5706 5707 5622
f 5622 5707 5621
f 5621 5708 5662
f 5707 5708 5621
f 5662 5709 5660
f 5708 5709 5662
f 5660 5710 5659
f 5709 5710 5660
f 5659 5711 5657
f 5710 5711 5659
f 5657 5712 5656
f 5711 5712 5657
f 5656 5713 5654
f 5712 5713 5656
f 5654 5714 5653
f 5713 5714 5654
f 5653 5715 5651
f 5714 5715 5653
f 5715 5716 5651
f 5651 5716 5650
f 5716 5717 5650
f 5650 5717 5648
f 5717 5718 5648
f 5648 5718 5647
f 5718 5719 5647
f 5719 5720 5647
f 5647 5720 5645
f 5720 5721 5645
f 5645 5721 5643
f 5721 5722 5643
f 5643 5722 5642
f 5722 5723 5642
f 5642 5723 5640
f 5723 5724 5640
f 5640 5724 5639
f 5724 5725 5639
f 5639 5725 5637
f 5637 5726 5636
f 5725 5726 5637
f 5636 5727 5634
f 5726 5727 5636
f 5634 5728 5633
f 5727 5728 5634
f 5633 5729 5631
f 5728 5729 5633
f 5631 5730 5630
f 5729 5730 5631
f 5730 5731 5630
f 5630 5732 5628
f 5731 5732 5630
f 5628 5733 5627
f 5732 5733 5628
f 5627 5734 5625
f 5733 5734 5627
f 5625 5735 5624
f 5734 5735 5625
f 5624 5736 5620
f 5735 5736 5624
f 5620 5737 5619
f 5736 5737 5620
f 5737 5738 5619
f 5739 5740 5741
f 5741 5740 5742
f 5742 5740 5743
f 5743 5744 5745
f 5745 5744 5746
f 5740 5744 5743
f 5747 5748 5749
f 5750 5748 5747
f 5751 5748 5750
f 5752 5748 5751
f 5753 5748 5752
f 5754 5748 5753
f 5749 5748 5739
f 5739 5748 5740
f 5746 5755 5756
f 5756 5755 5757
f 5744 5755 5746
f 5748 5758 5740
f 5759 5758 5754
f 5760 5758 5759
f 5761 5758 5760
f 5762 5758 5761
f 5740 5758 5744
f 5754 5758 5748
f 5757 5763 5764
f 5764 5763 5765
f 5755 5763 5757
f 5766 5763 5755
f 5767 5763 5766
f 5768 5763 5767
f 5762 5769 5758
f 5758 5769 5744
f 5755 5769 5766
f 5770 5769 5762
f 5771 5769 5770
f 5766 5769 5771
f 5744 5769 5755
f 5768 5772 5763
f 5765 5772 5773
f 5773 5772 5774
f 5775 5772 5768
f 5776 5772 5775
f 5763 5772 5765
f 5774 5777 5778
f 5778 5777 5779
f 5776 5777 5772
f 5780 5777 5776
f 5772 5777 5774
f 5780 5781 5777
f 5777 5781 5779
f 5779 5781 5782
f 5782 5781 5783
f 5784 5781 5780
f 5785 5781 5784
f 5783 5786 5787
f 5787 5786 5788
f 5789 5786 5785
f 5790 5786 5789
f 5785 5786 5781
f 5781 5786 5783
f 5788 5791 5792
f 5792 5791 5793
f 5790 5791 5786
f 5794 5791 5790
f 5786 5791 5788
f 5791 5795 5793
f 5793 5795 5796
f 5796 5795 5797
f 5794 5795 5791
f 5798 5795 5794
f 5799 5795 5798
f 5797 5800 5801
f 5801 5800 5802
f 5795 5800 5797
f 5799 5800 5795
f 5802 5803 5804
f 5804 5803 5805
f 5800 5803 5802
f 5806 5803 5800
f 5799 5807 5800
f 5800 5807 5806
f 5808 5807 5799
f 5806 5807 5808
f 5805 5809 5810
f 5810 5809 5811
f 5812 5809 5813
f 5813 5809 5814
f 5803 5809 5805
f 5814 5809 5803
f 5814 5815 5816
f 5816 5815 5806
f 5803 5815 5814
f 5806 5815 5803
f 5811 5817 5818
f 5818 5817 5819
f 5819 5817 5820
f 5820 5817 5821
f 5821 5817 5822
f 5822 5817 5812
f 5809 5817 5811
f 5812 5817 5809
f 5823 5824 5825
f 5825 5824 5826
f 5826 5827 5828
f 5824 5827 5826
f 5828 5829 5830
f 5830 5829 5831
f 5827 5829 5828
f 5831 5832 5833
f 5829 5832 5831
f 5832 5834 5833
f 5833 5835 5836
f 5834 5835 5833
f 5836 5837 5838
f 5835 5837 5836
f 5838 5839 5840
f 5837 5839 5838
f 5840 5841 5842
f 5839 5841 5840
f 5841 5843 5842
f 5842 5843 5844
f 5844 5843 5845
f 5843 5846 5845
f 5846 5847 5845
f 5845 5847 5848
f 5848 5847 5849
f 5847 5850 5849
f 5850 5851 5849
f 5849 5851 5852
f 5852 5851 5820
f 5851 5853 5820
f 5820 5854 5819
f 5853 5854 5820
f 5819 5855 5818
f 5854 5855 5819
f 5855 5856 5818
f 5818 5856 5811
f 5811 5857 5810
f 5856 5857 5811
f 5810 5858 5805
f 5857 5858 5810
f 5805 5859 5804
f 5858 5859 5805
f 5804 5860 5802
f 5859 5860 5804
f 5802 5861 5801
f 5860 5861 5802
f 5801 5862 5797
f 5861 5862 5801
f 5797 5863 5796
f 5862 5863 5797
f 5796 5864 5793
f 5863 5864 5796
f 5793 5865 5792
f 5864 5865 5793
f 5792 5866 5788
f 5865 5866 5792
f 5788 5867 5787
f 5866 5867 5788
f 5787 5868 5783
f 5867 5868 5787
f 5855 5869 5856
f 5854 5869 5855
f 5853 5869 5854
f 5870 5869 5871
f 5872 5869 5870
f 5871 5869 5853
f 5869 5873 5856
f 5857 5873 5858
f 5856 5873 5857
f 5874 5873 5872
f 5875 5873 5874
f 5872 5873 5869
f 5859 5876 5860
f 5858 5876 5859
f 5873 5876 5858
f 5875 5876 5873
f 5861 5877 5862
f 5860 5877 5861
f 5876 5877 5860
f 5878 5877 5876
f 5879 5880 5875
f 5878 5880 5879
f 5875 5880 5876
f 5876 5880 5878
f 5863 5881 5864
f 5862 5881 5863
f 5882 5881 5883
f 5883 5881 5884
f 5884 5881 5877
f 5877 5881 5862
f 5884 5885 5886
f 5886 5885 5878
f 5878 5885 5877
f 5877 5885 5884
f 5865 5887 5866
f 5864 5887 5865
f 5882 5887 5881
f 5881 5887 5864
f 5888 5887 5882
f 5867 5889 5868
f 5866 5889 5867
f 5890 5889 5891
f 5891 5889 5888
f 5888 5889 5887
f 5887 5889 5866
f 5868 5892 5893
f 5893 5892 5894
f 5895 5892 5896
f 5896 5892 5890
f 5889 5892 5868
f 5890 5892 5889
f 5894 5897 5898
f 5898 5897 5899
f 5900 5897 5895
f 5892 5897 5894
f 5895 5897 5892
f 5899 5901 5902
f 5902 5901 5903
f 5904 5901 5905
f 5905 5901 5900
f 5900 5901 5897
f 5897 5901 5899
f 5901 5906 5903
f 5904 5906 5901
f 5903 5906 5907
f 5907 5906 5908
f 5909 5906 5910
f 5910 5906 5904
f 5909 5911 5906
f 5906 5911 5908
f 5908 5911 5912
f 5912 5911 5913
f 5913 5914 5915
f 5915 5914 5916
f 5911 5914 5913
f 5917 5918 5919
f 5919 5918 5920
f 5920 5918 5909
f 5909 5918 5911
f 5916 5921 5922
f 5922 5921 5923
f 5923 5921 5924
f 5914 5921 5916
f 5911 5925 5914
f 5917 5925 5918
f 5926 5925 5927
f 5927 5925 5928
f 5928 5925 5929
f 5929 5925 5917
f 5918 5925 5911
f 5914 5930 5921
f 5924 5930 5931
f 5931 5930 5932
f 5932 5930 5933
f 5933 5930 5934
f 5934 5930 5935
f 5935 5930 5936
f 5936 5930 5926
f 5926 5930 5925
f 5921 5930 5924
f 5925 5930 5914
f 5937 5938 5939
f 5940 5941 5942
f 5939 5943 5944
f 5944 5943 5945
f 5945 5943 5940
f 5940 5943 5941
f 5946 5947 5938
f 5938 5947 5939
f 5948 5949 5947
f 5943 5950 5951
f 5951 5950 5952
f 5952 5950 5953
f 5954 5955 5949
f 5956 5957 5955
f 5939 5957 5943
f 5947 5957 5939
f 5949 5957 5947
f 5955 5957 5949
f 5950 5958 5959
f 5959 5958 5960
f 5961 5962 5957
f 5950 5963 5958
f 5958 5963 5964
f 5963 5965 5966
f 5967 5968 5969
f 5969 5968 5962
f 5950 5970 5963
f 5963 5970 5965
f 5971 5972 5968
f 5962 5972 5957
f 5968 5972 5962
f 5973 5972 5974
f 5974 5972 5971
f 5950 5975 5970
f 5970 5975 5976
f 5976 5975 5977
f 5977 5975 5978
f 5943 5975 5950
f 5957 5979 5943
f 5972 5979 5957
f 5980 5979 5981
f 5981 5979 5972
f 5982 5983 5984
f 5982 5985 5983
f 5982 5986 5985
f 5943 5987 5975
f 5979 5987 5943
f 5988 5987 5989
f 5989 5987 5979
f 5975 5990 5982
f 5986 5990 5991
f 5991 5990 5992
f 5993 5990 5994
f 5982 5990 5986
f 5994 5990 5987
f 5987 5990 5975
f 5995 5996 5997
f 5995 5997 5998
f 5995 5998 5999
f 5995 5999 6000
f 6001 6000 6002
f 6001 6002 6003
f 6001 6003 6004
f 6001 6004 6005
f 6001 6005 6006
f 6001 5995 6000
f 6007 6008 5958
f 6007 5958 5964
f 5998 5978 5975
f 5999 5998 5975
f 5999 5975 5982
f 6000 5999 5982
f 6000 5982 5984
f 6002 6000 5984
f 6004 5983 5985
f 6009 6010 5974
f 6009 5974 5971
f 6011 6012 6007
f 6011 6013 6012
f 6011 5964 5963
f 6011 5963 5966
f 6011 6007 5964
f 6014 6015 6013
f 6014 6016 6015
f 6014 5966 5965
f 6014 5965 5970
f 6014 6013 6011
f 6014 6011 5966
f 6017 5997 5996
f 6017 5996 6016
f 6017 5970 5976
f 6017 5976 5977
f 6017 6016 6014
f 6017 6014 5970
f 6017 5977 5997
f 6018 5998 5997
f 6018 5977 5978
f 6018 5978 5998
f 6018 5997 5977
f 6019 6002 5984
f 6019 5983 6004
f 6019 6003 6002
f 6019 6004 6003
f 6019 5984 5983
f 6020 6021 6006
f 6020 6004 5985
f 6020 6005 6004
f 6020 6006 6005
f 6020 5985 5986
f 6022 6023 6021
f 6022 6024 6023
f 6022 5986 5991
f 6022 5991 5992
f 6022 6021 6020
f 6022 6020 5986
f 6025 6026 6024
f 6025 6024 6022
f 6025 6022 5992
f 6025 5992 5990
f 6025 5990 5993
f 6027 6028 6026
f 6027 6029 6028
f 6027 6026 6025
f 6027 5993 5994
f 6027 5994 5987
f 6027 6025 5993
f 6030 6031 6029
f 6030 6032 6031
f 6030 5987 5988
f 6030 5988 5989
f 6030 6027 5987
f 6030 6029 6027
f 6033 6034 6032
f 6033 6035 6034
f 6033 5989 5979
f 6033 5979 5980
f 6033 6032 6030
f 6033 6030 5989
f 6036 6037 6035
f 6036 6038 6037
f 6036 5980 5981
f 6036 5981 5972
f 6036 6035 6033
f 6036 6033 5980
f 6039 6040 6038
f 6039 6010 6040
f 6039 6038 6036
f 6039 6036 5972
f 6039 5974 6010
f 6039 5972 5973
f 6039 5973 5974
f 6041 6042 6043
f 6041 6043 6044
f 6041 6044 6045
f 6041 6045 6046
f 6047 6046 6048
f 6047 6048 6049
f 6047 6049 6050
f 6047 6050 6051
f 6047 6051 6052
f 6047 6041 6046
f 6053 6009 5971
f 6053 5971 5968
f 6044 5955 5954
f 6045 6044 5954
f 6045 5954 5949
f 6046 6045 5949
f 6046 5949 5948
f 6048 6046 5948
f 6050 5947 5946
f 6008 6054 5960
f 6008 5960 5958
f 6055 6056 6053
f 6055 6057 6056
f 6055 5968 5967
f 6055 5967 5969
f 6055 6053 5968
f 6058 6059 6057
f 6058 6060 6059
f 6058 5969 5962
f 6058 5962 5961
f 6058 6057 6055
f 6058 6055 5969
f 6061 6043 6042
f 6061 6042 6060
f 6061 5961 5957
f 6061 5957 5956
f 6061 6060 6058
f 6061 6058 5961
f 6061 5956 6043
f 6062 6044 6043
f 6062 5956 5955
f 6062 5955 6044
f 6062 6043 5956
f 6063 6048 5948
f 6063 5947 6050
f 6063 6049 6048
f 6063 6050 6049
f 6063 5948 5947
f 6064 6065 6052
f 6064 6050 5946
f 6064 6051 6050
f 6064 6052 6051
f 6064 5946 5938
f 6066 6067 6065
f 6066 6068 6067
f 6066 5938 5937
f 6066 5937 5939
f 6066 6065 6064
f 6066 6064 5938
f 6069 6070 6068
f 6069 6068 6066
f 6069 6066 5939
f 6069 5939 5944
f 6069 5944 5945
f 6071 6072 6070
f 6071 6073 6072
f 6071 6070 6069
f 6071 5945 5940
f 6071 5940 5942
f 6071 6069 5945
f 6074 6075 6073
f 6074 6076 6075
f 6074 5942 5941
f 6074 5941 5943
f 6074 6071 5942
f 6074 6073 6071
f 6077 6078 6076
f 6077 6079 6078
f 6077 5943 5951
f 6077 5951 5952
f 6077 6076 6074
f 6077 6074 5943
f 6080 6081 6079
f 6080 6082 6081
f 6080 5952 5953
f 6080 5953 5950
f 6080 6079 6077
f 6080 6077 5952
f 6083 6084 6082
f 6083 6054 6084
f 6083 6082 6080
f 6083 6080 5950
f 6083 5960 6054
f 6083 5950 5959
f 6083 5959 5960
f 6085 6006 6021
f 6085 6001 6006
f 6086 6021 6023
f 6086 6085 6021
f 6087 6023 6024
f 6087 6086 6023
f 6088 6024 6026
f 6088 6087 6024
f 6089 6088 6026
f 6090 6026 6028
f 6090 6089 6026
f 6091 6028 6029
f 6091 6090 6028
f 6092 6029 6031
f 6092 6091 6029
f 6093 6092 6031
f 6094 6031 6032
f 6094 6093 6031
f 6095 6032 6034
f 6095 6094 6032
f 6096 6034 6035
f 6096 6095 6034
f 6097 6035 6037
f 6097 6096 6035
f 6098 6097 6037
f 6099 6037 6038
f 6099 6098 6037
f 6100 6038 6040
f 6100 6099 6038
f 6101 6100 6040
f 6101 6040 6010
f 6102 6101 6010
f 6103 6102 6010
f 6103 6010 6009
f 6104 6103 6009
f 5995 6001 6105
f 5995 6105 6106
f 5995 6106 6107
f 6107 6106 6108
f 6108 6106 6109
f 6108 6109 6110
f 6110 6109 6111
f 6110 6111 6112
f 6113 6008 6007
f 6114 6007 6012
f 6114 6113 6007
f 6115 6012 6013
f 6115 6114 6012
f 6116 6013 6015
f 6116 6115 6013
f 6117 6015 6016
f 6117 6116 6015
f 6118 6016 5996
f 6118 6117 6016
f 5995 6118 5996
f 6047 6052 6065
f 6119 6065 6067
f 6119 6047 6065
f 6120 6067 6068
f 6120 6119 6067
f 6121 6068 6070
f 6121 6120 6068
f 6122 6070 6072
f 6122 6121 6070
f 6123 6072 6073
f 6123 6122 6072
f 6124 6073 6075
f 6124 6123 6073
f 6125 6075 6076
f 6125 6124 6075
f 6126 6076 6078
f 6126 6125 6076
f 6127 6078 6079
f 6127 6126 6078
f 6128 6079 6081
f 6128 6127 6079
f 6129 6081 6082
f 6129 6128 6081
f 6130 6082 6084
f 6130 6129 6082
f 6131 6084 6054
f 6131 6130 6084
f 6132 6131 6054
f 6113 6054 6008
f 6113 6132 6054
f 6041 6047 6133
f 6041 6133 6134
f 6041 6134 6135
f 6135 6134 6136
f 6136 6134 6137
f 6136 6137 6138
f 6138 6137 6139
f 6138 6139 6140
f 6104 6009 6053
f 6141 6053 6056
f 6141 6104 6053
f 6142 6056 6057
f 6142 6141 6056
f 6143 6057 6059
f 6143 6142 6057
f 6144 6059 6060
f 6144 6143 6059
f 6145 6144 6060
f 6041 6060 6042
f 6041 6145 6060
f 6146 6147 6148
f 6149 5878 5879
f 6150 6151 6152
f 6150 6153 6151
f 6150 6154 6153
f 6150 6152 6113
f 6150 6113 6114
f 6150 6114 6115
f 6150 6115 6116
f 6155 6156 6154
f 6155 6157 6156
f 6155 6116 6117
f 6155 6117 6118
f 6155 6154 6150
f 6155 6150 6116
f 6158 6157 6155
f 6158 6146 6148
f 6158 6159 6157
f 6158 6148 6159
f 6158 6155 6118
f 6158 6118 5995
f 6158 5995 6107
f 6160 6158 6107
f 6160 6161 6162
f 6160 6162 6163
f 6160 6163 6146
f 6160 6107 6108
f 6160 6108 6110
f 6160 6146 6158
f 6164 6161 6160
f 6164 5870 5871
f 6164 5871 6165
f 6164 6165 6161
f 6164 6160 6110
f 6164 6110 6112
f 6164 6112 6111
f 6166 6164 6111
f 6166 5872 5870
f 6166 5874 5872
f 6166 5875 5874
f 6166 6111 6109
f 6166 6109 6106
f 6166 5870 6164
f 6167 6001 6085
f 6167 6166 6106
f 6167 6168 6149
f 6167 5879 5875
f 6167 6149 5879
f 6167 6106 6105
f 6167 6105 6001
f 6167 5875 6166
f 6169 6085 6086
f 6169 6086 6087
f 6169 6168 6167
f 6169 6167 6085
f 6169 6170 6168
f 6169 6171 6170
f 6172 6087 6088
f 6172 6088 6089
f 6172 6089 6090
f 6172 6173 6171
f 6172 6174 6173
f 6172 6169 6087
f 6172 6171 6169
f 6175 6090 6091
f 6175 6091 6092
f 6175 6176 6174
f 6175 6177 6176
f 6175 6172 6090
f 6175 6174 6172
f 6178 6175 6092
f 6178 6092 6093
f 6178 6093 6094
f 6178 6094 6095
f 6178 6179 6177
f 6178 6180 6179
f 6178 6177 6175
f 6181 6095 6096
f 6181 6096 6097
f 6181 6178 6095
f 6181 6180 6178
f 6181 6182 6180
f 6181 6183 6182
f 6184 6097 6098
f 6184 6098 6099
f 6184 6185 6183
f 6184 6186 6185
f 6184 6181 6097
f 6184 6183 6181
f 6187 6184 6099
f 6187 6099 6100
f 6187 6100 6101
f 6187 6101 6102
f 6187 6102 6103
f 6187 6103 6104
f 6187 6104 6188
f 6187 6189 6186
f 6187 6190 6189
f 6187 6188 6190
f 6187 6186 6184
f 5924 6191 6192
f 6192 6191 6193
f 6193 6191 6194
f 6194 6195 6196
f 6196 6195 6197
f 6191 6195 6194
f 6198 6199 5931
f 6200 6199 6198
f 6201 6199 6200
f 6202 6199 6201
f 6203 6199 6202
f 6204 6199 6203
f 5931 6199 5924
f 5924 6199 6191
f 6197 6205 6206
f 6206 6205 6207
f 6195 6205 6197
f 6199 6208 6191
f 6209 6208 6204
f 6210 6208 6209
f 6211 6208 6210
f 6212 6208 6211
f 6191 6208 6195
f 6204 6208 6199
f 6207 6213 6214
f 6214 6213 6215
f 6205 6213 6207
f 6216 6213 6205
f 6217 6213 6216
f 6218 6213 6217
f 6212 6219 6208
f 6205 6219 6216
f 6220 6219 6212
f 6221 6219 6220
f 6216 6219 6221
f 6195 6219 6205
f 6208 6219 6195
f 6218 6222 6213
f 6215 6222 6223
f 6223 6222 6224
f 6225 6222 6218
f 6226 6222 6225
f 6213 6222 6215
f 6224 6227 6228
f 6228 6227 6229
f 6226 6227 6222
f 6230 6227 6226
f 6222 6227 6224
f 6230 6231 6227
f 6227 6231 6229
f 6229 6231 6232
f 6232 6231 5823
f 6233 6231 6230
f 6234 6231 6233
f 5823 6235 5824
f 5824 6235 5827
f 6236 6235 6234
f 6237 6235 6236
f 6234 6235 6231
f 6231 6235 5823
f 5827 6238 5829
f 5829 6238 5832
f 6237 6238 6235
f 6239 6238 6237
f 6235 6238 5827
f 6238 6240 5832
f 5832 6240 5834
f 5834 6240 5835
f 6239 6240 6238
f 6241 6240 6239
f 6242 6240 6241
f 5835 6243 5837
f 5837 6243 5839
f 6240 6243 5835
f 6242 6243 6240
f 5839 6244 5841
f 5841 6244 5843
f 6243 6244 5839
f 6147 6244 6243
f 6163 6244 6146
f 6146 6244 6147
f 6243 6245 6147
f 6242 6245 6243
f 6246 6245 6242
f 6147 6245 6246
f 6163 6247 6244
f 5843 6247 5846
f 5846 6247 5847
f 6162 6247 6163
f 6244 6247 5843
f 5847 6248 5850
f 5850 6248 5851
f 5851 6248 5853
f 5853 6248 5871
f 5871 6248 6165
f 6165 6248 6161
f 6161 6248 6162
f 6162 6248 6247
f 6247 6248 5847
f 5868 5893 5783
f 5783 5893 5782
f 5779 5894 5778
f 5782 5894 5779
f 5893 5894 5782
f 5894 5898 5778
f 5774 5899 5773
f 5778 5899 5774
f 5898 5899 5778
f 5773 5902 5765
f 5899 5902 5773
f 5765 5903 5764
f 5902 5903 5765
f 5903 5907 5764
f 5907 5908 5764
f 5757 5908 5756
f 5764 5908 5757
f 5756 5912 5746
f 5908 5912 5756
f 5912 5913 5746
f 5913 5915 5746
f 5745 5915 5743
f 5746 5915 5745
f 5915 5916 5743
f 5743 5916 5742
f 5742 5922 5741
f 5916 5922 5742
f 5922 5923 5741
f 5741 5924 5739
f 5923 5924 5741
f 5924 6192 5739
f 5739 6192 6249
f 6192 6193 6249
f 6249 6193 6250
f 6250 6193 6251
f 6251 6194 6252
f 6193 6194 6251
f 6194 6196 6252
f 6252 6197 6253
f 6253 6197 6254
f 6196 6197 6252
f 6197 6206 6254
f 6254 6207 6255
f 6255 6207 6256
f 6206 6207 6254
f 6256 6214 6257
f 6207 6214 6256
f 6214 6215 6257
f 6257 6223 6258
f 6215 6223 6257
f 6258 6224 6259
f 6223 6224 6258
f 6259 6228 6260
f 6260 6228 6261
f 6224 6228 6259
f 6228 6229 6261
f 6261 6232 6262
f 6262 6232 5825
f 6229 6232 6261
f 6232 5823 5825
f 6263 6264 5821
f 6265 6264 6263
f 5821 6264 5820
f 5849 6264 5848
f 5852 6264 5849
f 5820 6264 5852
f 6266 6267 6265
f 6268 6267 6266
f 5845 6267 5844
f 5848 6267 5845
f 6264 6267 5848
f 6265 6267 6264
f 6267 6269 5844
f 5842 6269 5840
f 5844 6269 5842
f 6268 6269 6267
f 5838 6270 5836
f 5840 6270 5838
f 6271 6270 6269
f 6269 6270 5840
f 6272 6273 6268
f 6271 6273 6272
f 6269 6273 6271
f 6268 6273 6269
f 6274 6275 6270
f 6276 6275 6277
f 6277 6275 6274
f 5833 6275 5831
f 5836 6275 5833
f 6270 6275 5836
f 6270 6278 6274
f 6274 6278 6279
f 6279 6278 6271
f 6271 6278 6270
f 6280 6281 6276
f 5830 6281 5828
f 5831 6281 5830
f 6275 6281 5831
f 6276 6281 6275
f 6282 6283 6284
f 6284 6283 6280
f 6281 6283 5828
f 6280 6283 6281
f 5826 6283 5825
f 5828 6283 5826
f 6285 6286 6287
f 6287 6286 6282
f 6262 6286 6261
f 5825 6286 6262
f 6282 6286 6283
f 6283 6286 5825
f 6288 6289 6285
f 6260 6289 6259
f 6261 6289 6260
f 6286 6289 6261
f 6285 6289 6286
f 6290 6291 6292
f 6292 6291 6288
f 6258 6291 6257
f 6259 6291 6258
f 6289 6291 6259
f 6288 6291 6289
f 6290 6293 6291
f 6291 6293 6257
f 6294 6293 6295
f 6295 6293 6290
f 6256 6293 6255
f 6257 6293 6256
f 6293 6296 6255
f 6294 6296 6293
f 6254 6296 6253
f 6255 6296 6254
f 6296 6297 6253
f 6252 6297 6251
f 6253 6297 6252
f 6298 6299 6300
f 6300 6299 6301
f 6301 6299 6294
f 6294 6299 6296
f 6249 6302 5739
f 6250 6302 6249
f 6251 6302 6250
f 6297 6302 6251
f 6303 6304 6305
f 6305 6304 6306
f 6306 6304 6307
f 6307 6304 6298
f 6299 6304 6296
f 6298 6304 6299
f 6296 6304 6297
f 6297 6304 6302
f 5739 6308 5749
f 5749 6308 6309
f 6309 6308 6310
f 6310 6308 6311
f 6311 6308 6312
f 6312 6308 6313
f 6313 6308 6303
f 6304 6308 6302
f 6302 6308 5739
f 6303 6308 6304
f 5816 5806 6314
f 6315 6271 6272
f 6316 6317 6188
f 6316 6318 6317
f 6316 6319 6318
f 6316 6188 6104
f 6316 6104 6141
f 6316 6141 6142
f 6316 6142 6143
f 6320 6321 6319
f 6320 6322 6321
f 6320 6319 6316
f 6320 6143 6144
f 6320 6144 6145
f 6320 6316 6143
f 6323 5816 6314
f 6323 6324 6322
f 6323 6314 6324
f 6323 6322 6320
f 6323 6145 6041
f 6323 6041 6135
f 6323 6320 6145
f 6325 6323 6135
f 6325 5812 5813
f 6325 5813 5814
f 6325 5814 5816
f 6325 6135 6136
f 6325 6136 6138
f 6325 5816 6323
f 6326 6263 5821
f 6326 5821 5822
f 6326 5822 5812
f 6326 5812 6325
f 6326 6138 6140
f 6326 6140 6139
f 6326 6325 6138
f 6327 6265 6263
f 6327 6266 6265
f 6327 6268 6266
f 6327 6139 6137
f 6327 6137 6134
f 6327 6326 6139
f 6327 6263 6326
f 6328 6047 6119
f 6328 6329 6315
f 6328 6327 6134
f 6328 6272 6268
f 6328 6315 6272
f 6328 6134 6133
f 6328 6133 6047
f 6328 6268 6327
f 6330 6119 6120
f 6330 6120 6121
f 6330 6328 6119
f 6330 6331 6329
f 6330 6332 6331
f 6330 6329 6328
f 6333 6121 6122
f 6333 6334 6332
f 6333 6335 6334
f 6333 6332 6330
f 6333 6330 6121
f 6336 6122 6123
f 6336 6123 6124
f 6336 6337 6335
f 6336 6338 6337
f 6336 6333 6122
f 6336 6335 6333
f 6339 6124 6125
f 6339 6125 6126
f 6339 6336 6124
f 6339 6340 6338
f 6339 6341 6340
f 6339 6338 6336
f 6342 6126 6127
f 6342 6127 6128
f 6342 6339 6126
f 6342 6343 6341
f 6342 6344 6343
f 6342 6341 6339
f 6345 6344 6342
f 6345 6128 6129
f 6345 6129 6130
f 6345 6346 6344
f 6345 6347 6346
f 6345 6342 6128
f 6348 6130 6131
f 6348 6131 6132
f 6348 6132 6113
f 6348 6113 6152
f 6348 6349 6347
f 6348 6350 6349
f 6348 6152 6350
f 6348 6347 6345
f 6348 6345 6130
f 6351 6152 6151
f 6352 6351 6151
f 6352 6151 6153
f 6353 6352 6153
f 6353 6153 6154
f 6354 6353 6154
f 6354 6154 6156
f 6355 6354 6156
f 6355 6156 6157
f 6234 6148 6236
f 6234 6159 6148
f 6237 6236 6148
f 6233 6159 6234
f 6239 6237 6148
f 6241 6239 6148
f 6242 6241 6148
f 6246 6242 6148
f 6356 6355 6157
f 6356 6157 6159
f 6147 6246 6148
f 6357 6159 6233
f 6357 6356 6159
f 6357 6225 6218
f 6357 6226 6225
f 6357 6230 6226
f 6357 6233 6230
f 6358 6357 6218
f 6358 6220 6212
f 6358 6221 6220
f 6358 6216 6221
f 6358 6217 6216
f 6358 6218 6217
f 6359 6358 6212
f 6359 6204 6203
f 6359 6209 6204
f 6359 6210 6209
f 6359 6211 6210
f 6359 6212 6211
f 6360 6200 6198
f 6360 6201 6200
f 6360 6202 6201
f 6360 6203 6202
f 6360 6359 6203
f 6361 6198 5931
f 6361 6360 6198
f 6361 5931 5932
f 6361 5932 5933
f 6362 6361 5933
f 6362 5933 5934
f 6362 5934 5935
f 6362 5935 5936
f 6362 5936 5926
f 6149 5888 5882
f 6149 5882 5883
f 6149 5883 5884
f 6149 5884 5886
f 6149 5886 5878
f 5891 5888 6149
f 5890 5891 6149
f 6363 6362 5926
f 6363 5926 5927
f 6363 5927 5928
f 6363 5928 5929
f 6363 5929 5917
f 6363 5917 5919
f 6168 5896 5890
f 6168 5890 6149
f 6364 6363 5919
f 6364 5919 5920
f 6364 5920 5909
f 6364 5909 5910
f 6364 5910 5904
f 6364 5904 5905
f 6364 5905 5900
f 6365 5900 5895
f 6365 5895 5896
f 6365 5896 6168
f 6365 6364 5900
f 6366 6168 6170
f 6366 6365 6168
f 6367 6170 6171
f 6367 6366 6170
f 6368 6171 6173
f 6368 6367 6171
f 6369 6173 6174
f 6369 6368 6173
f 6370 6174 6176
f 6370 6369 6174
f 6371 6176 6177
f 6371 6370 6176
f 6372 6177 6179
f 6372 6371 6177
f 6373 6179 6180
f 6373 6372 6179
f 6374 6373 6180
f 6374 6180 6182
f 6375 6374 6182
f 6375 6182 6183
f 6376 6375 6183
f 6376 6183 6185
f 6377 6185 6186
f 6377 6376 6185
f 6378 6186 6189
f 6378 6377 6186
f 6379 6189 6190
f 6379 6378 6189
f 6380 6190 6188
f 6380 6379 6190
f 6380 6188 6317
f 6381 6380 6317
f 6381 6317 6318
f 6382 6381 6318
f 6382 6318 6319
f 6383 6382 6319
f 6383 6319 6321
f 6384 6383 6321
f 6384 6321 6322
f 5785 6314 5789
f 5785 6324 6314
f 5790 5789 6314
f 5784 6324 5785
f 5794 5790 6314
f 6385 6384 6322
f 6385 6322 6324
f 5798 5794 6314
f 5799 5798 6314
f 5808 5799 6314
f 5806 5808 6314
f 6386 6324 5784
f 6386 6385 6324
f 6386 5784 5780
f 6387 5767 5766
f 6387 5768 5767
f 6387 5775 5768
f 6387 6386 5780
f 6387 5776 5775
f 6387 5780 5776
f 6388 6387 5766
f 6388 5761 5760
f 6388 5762 5761
f 6388 5770 5762
f 6388 5771 5770
f 6388 5766 5771
f 6389 5753 5752
f 6389 5754 5753
f 6389 5759 5754
f 6389 5760 5759
f 6389 6388 5760
f 6390 5750 5747
f 6390 5751 5750
f 6390 5752 5751
f 6390 6389 5752
f 6391 6390 5747
f 6391 5747 5749
f 6391 5749 6309
f 6391 6309 6310
f 6391 6310 6311
f 6392 6391 6311
f 6392 6311 6312
f 6392 6312 6313
f 6392 6313 6303
f 6392 6303 6305
f 6315 6280 6276
f 6315 6276 6277
f 6315 6277 6274
f 6315 6274 6279
f 6315 6279 6271
f 6284 6280 6315
f 6282 6284 6315
f 6393 6392 6305
f 6393 6305 6306
f 6393 6306 6307
f 6393 6307 6298
f 6393 6298 6300
f 6329 6287 6282
f 6329 6282 6315
f 6394 6295 6290
f 6394 6290 6292
f 6394 6393 6300
f 6394 6300 6301
f 6394 6301 6294
f 6394 6294 6295
f 6395 6292 6288
f 6395 6288 6285
f 6395 6285 6287
f 6395 6394 6292
f 6395 6287 6329
f 6396 6329 6331
f 6396 6395 6329
f 6397 6331 6332
f 6397 6396 6331
f 6398 6332 6334
f 6398 6397 6332
f 6399 6334 6335
f 6399 6398 6334
f 6400 6335 6337
f 6400 6399 6335
f 6401 6337 6338
f 6401 6400 6337
f 6402 6401 6338
f 6403 6402 6338
f 6403 6338 6340
f 6404 6403 6340
f 6404 6340 6341
f 6405 6341 6343
f 6405 6404 6341
f 6406 6343 6344
f 6406 6405 6343
f 6407 6344 6346
f 6407 6406 6344
f 6408 6346 6347
f 6408 6407 6346
f 6409 6347 6349
f 6409 6408 6347
f 6410 6349 6350
f 6410 6409 6349
f 6411 6350 6152
f 6411 6410 6350
f 6351 6411 6152
f 6412 6398 6399
f 6413 6399 6400
f 6413 6412 6399
f 6414 6397 6398
f 6414 6398 6412
f 6415 6400 6401
f 6415 6413 6400
f 6416 6396 6397
f 6416 6397 6414
f 6417 6401 6402
f 6417 6415 6401
f 6418 6395 6396
f 6418 6396 6416
f 6419 6402 6403
f 6419 6417 6402
f 6420 6394 6395
f 6420 6395 6418
f 6421 6419 6403
f 6421 6403 6404
f 6422 6392 6393
f 6422 6393 6394
f 6422 6394 6420
f 6423 6404 6405
f 6423 6421 6404
f 6424 6391 6392
f 6424 6392 6422
f 6425 6405 6406
f 6425 6423 6405
f 6407 6425 6406
f 6426 6391 6424
f 6390 6391 6426
f 6427 6425 6407
f 6428 6390 6426
f 6408 6427 6407
f 6389 6390 6428
f 6429 6427 6408
f 6430 6389 6428
f 6409 6429 6408
f 6388 6389 6430
f 6431 6429 6409
f 6432 6388 6430
f 6410 6431 6409
f 6387 6388 6432
f 6433 6431 6410
f 6411 6433 6410
f 6434 6387 6432
f 6386 6387 6434
f 6435 6433 6411
f 6435 6411 6351
f 6436 6386 6434
f 6385 6386 6436
f 6352 6435 6351
f 6437 6435 6352
f 6438 6385 6436
f 6384 6385 6438
f 6439 6437 6352
f 6439 6352 6353
f 6440 6384 6438
f 6383 6384 6440
f 6441 6439 6353
f 6354 6441 6353
f 6442 6383 6440
f 6382 6383 6442
f 6443 6441 6354
f 6355 6443 6354
f 6444 6382 6442
f 6381 6382 6444
f 6445 6443 6355
f 6356 6445 6355
f 6446 6381 6444
f 6380 6381 6446
f 6447 6445 6356
f 6448 6380 6446
f 6357 6447 6356
f 6379 6380 6448
f 6449 6447 6357
f 6450 6379 6448
f 6358 6449 6357
f 6378 6379 6450
f 6451 6449 6358
f 6452 6378 6450
f 6359 6451 6358
f 6377 6378 6452
f 6453 6451 6359
f 6454 6377 6452
f 6360 6453 6359
f 6376 6377 6454
f 6455 6453 6360
f 6456 6376 6454
f 6361 6455 6360
f 6457 6455 6361
f 6375 6376 6456
f 6458 6375 6456
f 6362 6457 6361
f 6362 6459 6457
f 6374 6375 6458
f 6374 6458 6460
f 6363 6459 6362
f 6363 6461 6459
f 6373 6374 6460
f 6373 6460 6462
f 6364 6461 6363
f 6364 6463 6461
f 6372 6373 6462
f 6372 6462 6464
f 6365 6463 6364
f 6365 6465 6463
f 6371 6372 6464
f 6371 6464 6466
f 6366 6465 6365
f 6370 6371 6466
f 6370 6466 6467
f 6367 6465 6366
f 6367 6468 6465
f 6369 6370 6467
f 6369 6467 6469
f 6368 6468 6367
f 6368 6369 6469
f 6368 6469 6468
f 6470 6471 6446
f 6470 6446 6444
f 6470 6444 6442
f 6472 6442 6440
f 6472 6470 6442
f 6473 6440 6438
f 6473 6472 6440
f 6474 6438 6436
f 6474 6473 6438
f 6475 6436 6434
f 6475 6474 6436
f 6476 6434 6432
f 6476 6475 6434
f 6477 6432 6430
f 6477 6476 6432
f 6478 6430 6428
f 6478 6477 6430
f 6479 6478 6428
f 6479 6428 6426
f 6480 6479 6426
f 6480 6426 6424
f 6481 6480 6424
f 6481 6424 6422
f 6482 6481 6422
f 6482 6422 6420
f 6483 6482 6420
f 6483 6420 6418
f 6484 6483 6418
f 6484 6418 6416
f 6485 6484 6416
f 6485 6416 6414
f 6486 6485 6414
f 6486 6414 6412
f 6487 6486 6412
f 6487 6412 6413
f 6488 6487 6413
f 6488 6413 6415
f 6489 6488 6415
f 6489 6415 6417
f 6490 6489 6417
f 6490 6417 6419
f 6491 6490 6419
f 6491 6419 6421
f 6492 6491 6421
f 6492 6421 6423
f 6493 6423 6425
f 6493 6492 6423
f 6494 6425 6427
f 6494 6493 6425
f 6495 6427 6429
f 6495 6494 6427
f 6496 6429 6431
f 6496 6495 6429
f 6497 6431 6433
f 6497 6496 6431
f 6498 6433 6435
f 6498 6497 6433
f 6499 6498 6435
f 6500 6499 6435
f 6500 6435 6437
f 6501 6437 6439
f 6501 6500 6437
f 6502 6439 6441
f 6502 6501 6439
f 6503 6441 6443
f 6503 6502 6441
f 6504 6443 6445
f 6504 6503 6443
f 6505 6445 6447
f 6505 6504 6445
f 6506 6447 6449
f 6506 6505 6447
f 6507 6449 6451
f 6507 6506 6449
f 6508 6507 6451
f 6508 6451 6453
f 6509 6508 6453
f 6509 6453 6455
f 6510 6509 6455
f 6510 6455 6457
f 6511 6510 6457
f 6511 6457 6459
f 6512 6511 6459
f 6512 6459 6461
f 6513 6512 6461
f 6513 6461 6463
f 6514 6513 6463
f 6514 6463 6465
f 6515 6514 6465
f 6515 6465 6468
f 6516 6515 6468
f 6516 6468 6469
f 6517 6516 6469
f 6517 6469 6467
f 6518 6517 6467
f 6518 6467 6466
f 6519 6518 6466
f 6519 6466 6464
f 6520 6519 6464
f 6520 6464 6462
f 6521 6520 6462
f 6521 6462 6460
f 6522 6521 6460
f 6522 6460 6458
f 6523 6458 6456
f 6523 6522 6458
f 6524 6523 6456
f 6525 6456 6454
f 6525 6524 6456
f 6526 6454 6452
f 6526 6525 6454
f 6527 6452 6450
f 6527 6526 6452
f 6528 6450 6448
f 6528 6527 6450
f 6529 6448 6446
f 6529 6528 6448
f 6471 6529 6446
f 6530 6531 6471
f 6530 6471 6470
f 6532 6498 6499
f 6533 6532 6499
f 6534 6535 6530
f 6534 6536 6535
f 6534 6470 6472
f 6534 6472 6473
f 6534 6530 6470
f 6537 6538 6536
f 6537 6539 6538
f 6537 6473 6474
f 6537 6474 6475
f 6537 6536 6534
f 6537 6534 6473
f 6540 6537 6475
f 6540 6539 6537
f 6540 6541 6539
f 6540 6542 6541
f 6540 6475 6476
f 6540 6476 6477
f 6543 6544 6542
f 6543 6545 6544
f 6543 6542 6540
f 6543 6477 6478
f 6543 6478 6479
f 6543 6540 6477
f 6546 6547 6545
f 6546 6548 6547
f 6546 6479 6480
f 6546 6480 6481
f 6546 6543 6479
f 6546 6545 6543
f 6549 6550 6548
f 6549 6551 6550
f 6549 6481 6482
f 6549 6482 6483
f 6549 6548 6546
f 6549 6546 6481
f 6552 6553 6551
f 6552 6483 6484
f 6552 6551 6549
f 6552 6549 6483
f 6554 6553 6552
f 6554 6555 6553
f 6554 6556 6555
f 6554 6552 6484
f 6554 6484 6485
f 6554 6485 6486
f 6557 6558 6556
f 6557 6559 6558
f 6557 6486 6487
f 6557 6487 6488
f 6557 6556 6554
f 6557 6554 6486
f 6560 6561 6559
f 6560 6562 6561
f 6560 6488 6489
f 6560 6489 6490
f 6560 6559 6557
f 6560 6557 6488
f 6563 6564 6562
f 6563 6565 6564
f 6563 6490 6491
f 6563 6491 6492
f 6563 6562 6560
f 6563 6560 6490
f 6566 6565 6563
f 6566 6563 6492
f 6566 6567 6565
f 6566 6568 6567
f 6566 6492 6493
f 6566 6493 6494
f 6569 6568 6566
f 6569 6570 6568
f 6569 6566 6494
f 6569 6571 6570
f 6569 6494 6495
f 6569 6495 6496
f 6572 6571 6569
f 6572 6569 6496
f 6572 6573 6571
f 6572 6532 6573
f 6572 6496 6497
f 6572 6497 6498
f 6572 6498 6532
f 6533 6499 6500
f 6574 6533 6500
f 6531 6575 6529
f 6531 6529 6471
f 6576 6577 6574
f 6576 6578 6577
f 6576 6500 6501
f 6576 6501 6502
f 6576 6574 6500
f 6579 6580 6578
f 6579 6581 6580
f 6579 6502 6503
f 6579 6503 6504
f 6579 6578 6576
f 6579 6576 6502
f 6582 6579 6504
f 6582 6583 6581
f 6582 6581 6579
f 6582 6584 6583
f 6582 6504 6505
f 6582 6505 6506
f 6585 6586 6584
f 6585 6587 6586
f 6585 6506 6507
f 6585 6507 6508
f 6585 6584 6582
f 6585 6582 6506
f 6588 6589 6587
f 6588 6590 6589
f 6588 6508 6509
f 6588 6509 6510
f 6588 6585 6508
f 6588 6587 6585
f 6591 6592 6590
f 6591 6593 6592
f 6591 6510 6511
f 6591 6511 6512
f 6591 6590 6588
f 6591 6588 6510
f 6594 6595 6593
f 6594 6512 6513
f 6594 6513 6514
f 6594 6593 6591
f 6594 6591 6512
f 6596 6595 6594
f 6596 6597 6595
f 6596 6598 6597
f 6596 6594 6514
f 6596 6514 6515
f 6596 6515 6516
f 6599 6600 6598
f 6599 6601 6600
f 6599 6596 6516
f 6599 6516 6517
f 6599 6517 6518
f 6599 6598 6596
f 6602 6603 6601
f 6602 6604 6603
f 6602 6599 6518
f 6602 6518 6519
f 6602 6519 6520
f 6602 6601 6599
f 6605 6606 6604
f 6605 6607 6606
f 6605 6520 6521
f 6605 6521 6522
f 6605 6604 6602
f 6605 6602 6520
f 6608 6609 6607
f 6608 6610 6609
f 6608 6522 6523
f 6608 6523 6524
f 6608 6607 6605
f 6608 6605 6522
f 6611 6608 6524
f 6611 6612 6610
f 6611 6613 6612
f 6611 6524 6525
f 6611 6525 6526
f 6611 6610 6608
f 6614 6613 6611
f 6614 6615 6613
f 6614 6611 6526
f 6614 6575 6615
f 6614 6529 6575
f 6614 6526 6527
f 6614 6527 6528
f 6614 6528 6529
f 6616 6531 6530
f 6616 6530 6535
f 6616 6535 6536
f 6617 6536 6538
f 6617 6538 6539
f 6617 6616 6536
f 6618 6539 6541
f 6618 6541 6542
f 6618 6617 6539
f 6619 6531 6616
f 6619 6616 6617
f 6620 6542 6544
f 6620 6544 6545
f 6620 6618 6542
f 6621 6619 6617
f 6622 6545 6547
f 6622 6547 6548
f 6622 6620 6545
f 6623 6617 6618
f 6623 6621 6617
f 6624 6531 6619
f 6624 6625 6531
f 6626 6548 6550
f 6626 6550 6551
f 6626 6622 6548
f 6627 6623 6618
f 6627 6618 6620
f 6627 6620 6622
f 6628 6624 6619
f 6628 6619 6621
f 6629 6551 6553
f 6629 6626 6551
f 6630 6627 6622
f 6631 6628 6621
f 6631 6621 6623
f 6632 6625 6624
f 6633 6629 6553
f 6633 6553 6555
f 6633 6555 6556
f 6634 6630 6622
f 6634 6622 6626
f 6635 6631 6623
f 6635 6623 6627
f 6636 6632 6624
f 6636 6624 6628
f 6637 6633 6556
f 6637 6556 6558
f 6637 6558 6559
f 6638 6626 6629
f 6638 6634 6626
f 6639 6627 6630
f 6639 6635 6627
f 6640 6636 6628
f 6640 6628 6631
f 6641 6642 6625
f 6641 6643 6642
f 6641 6644 6643
f 6641 6625 6632
f 6645 6559 6561
f 6645 6561 6562
f 6645 6637 6559
f 6646 6629 6633
f 6646 6638 6629
f 6647 6630 6634
f 6647 6639 6630
f 6648 6631 6635
f 6648 6635 6639
f 6648 6640 6631
f 6649 6650 6644
f 6649 6651 6650
f 6649 6636 6640
f 6649 6641 6632
f 6649 6644 6641
f 6649 6632 6636
f 6652 6562 6564
f 6652 6564 6565
f 6652 6645 6562
f 6653 6646 6633
f 6653 6633 6637
f 6654 6634 6638
f 6654 6647 6634
f 6655 6648 6639
f 6656 6657 6651
f 6656 6658 6657
f 6656 6651 6649
f 6656 6649 6640
f 6659 6652 6565
f 6659 6565 6567
f 6659 6567 6568
f 6660 6645 6652
f 6660 6653 6637
f 6660 6637 6645
f 6661 6646 6653
f 6661 6638 6646
f 6661 6654 6638
f 6662 6647 6654
f 6662 6655 6639
f 6662 6639 6647
f 6663 6664 6658
f 6663 6665 6664
f 6663 6656 6640
f 6663 6658 6656
f 6663 6640 6648
f 6663 6648 6655
f 6666 6568 6570
f 6666 6570 6571
f 6666 6659 6568
f 6667 6660 6652
f 6668 6661 6653
f 6669 6654 6661
f 6669 6662 6654
f 6670 6671 6665
f 6670 6672 6671
f 6670 6663 6655
f 6670 6665 6663
f 6673 6571 6573
f 6673 6573 6532
f 6673 6532 6533
f 6673 6666 6571
f 6674 6652 6659
f 6674 6667 6652
f 6675 6653 6660
f 6675 6668 6653
f 6676 6669 6661
f 6677 6672 6670
f 6677 6678 6672
f 6677 6679 6678
f 6677 6655 6662
f 6677 6670 6655
f 6680 6659 6666
f 6680 6674 6659
f 6681 6660 6667
f 6681 6675 6660
f 6682 6661 6668
f 6682 6676 6661
f 6683 6684 6679
f 6683 6662 6669
f 6683 6677 6662
f 6683 6679 6677
f 6685 6666 6673
f 6685 6673 6533
f 6685 6680 6666
f 6686 6667 6674
f 6686 6681 6667
f 6687 6682 6668
f 6687 6668 6675
f 6688 6689 6684
f 6688 6690 6689
f 6688 6684 6683
f 6688 6669 6676
f 6688 6683 6669
f 6688 6676 6682
f 6691 6686 6674
f 6691 6674 6680
f 6691 6680 6685
f 6692 6675 6681
f 6692 6687 6675
f 6693 6694 6690
f 6693 6695 6694
f 6693 6690 6688
f 6693 6688 6682
f 6696 6533 6697
f 6696 6685 6533
f 6696 6691 6685
f 6698 6681 6686
f 6698 6692 6681
f 6699 6700 6695
f 6699 6701 6700
f 6699 6695 6693
f 6699 6682 6687
f 6699 6693 6682
f 6702 6698 6686
f 6702 6686 6691
f 6703 6699 6687
f 6703 6704 6701
f 6703 6705 6704
f 6703 6687 6692
f 6703 6701 6699
f 6706 6691 6696
f 6706 6696 6697
f 6706 6702 6691
f 6707 6692 6698
f 6707 6708 6705
f 6707 6709 6708
f 6707 6698 6702
f 6707 6703 6692
f 6707 6705 6703
f 6710 6709 6707
f 6710 6702 6706
f 6710 6711 6709
f 6710 6712 6711
f 6710 6707 6702
f 6713 6706 6697
f 6713 6710 6706
f 6713 6712 6710
f 6713 6714 6712
f 6713 6715 6714
f 6713 6697 6715
f 6716 6533 6574
f 6716 6574 6577
f 6716 6577 6578
f 6717 6578 6580
f 6717 6580 6581
f 6717 6716 6578
f 6718 6581 6583
f 6718 6583 6584
f 6718 6717 6581
f 6719 6533 6716
f 6720 6584 6586
f 6720 6586 6587
f 6720 6718 6584
f 6721 6719 6716
f 6721 6716 6717
f 6722 6587 6589
f 6722 6589 6590
f 6722 6720 6587
f 6723 6717 6718
f 6723 6721 6717
f 6724 6533 6719
f 6724 6697 6533
f 6725 6590 6592
f 6725 6592 6593
f 6725 6722 6590
f 6726 6723 6718
f 6726 6718 6720
f 6727 6721 6723
f 6727 6724 6719
f 6727 6719 6721
f 6728 6593 6595
f 6728 6725 6593
f 6729 6726 6720
f 6729 6722 6725
f 6729 6720 6722
f 6730 6727 6723
f 6731 6697 6724
f 6732 6728 6595
f 6732 6595 6597
f 6732 6597 6598
f 6733 6725 6728
f 6733 6729 6725
f 6734 6723 6726
f 6734 6730 6723
f 6735 6731 6724
f 6735 6724 6727
f 6735 6727 6730
f 6736 6598 6600
f 6736 6600 6601
f 6736 6732 6598
f 6737 6733 6728
f 6738 6734 6726
f 6738 6729 6733
f 6738 6726 6729
f 6739 6735 6730
f 6740 6741 6697
f 6740 6742 6741
f 6740 6743 6742
f 6740 6697 6731
f 6744 6601 6603
f 6744 6603 6604
f 6744 6736 6601
f 6745 6728 6732
f 6745 6732 6736
f 6745 6737 6728
f 6746 6738 6733
f 6747 6730 6734
f 6747 6739 6730
f 6748 6749 6743
f 6748 6750 6749
f 6748 6743 6740
f 6748 6740 6731
f 6748 6731 6735
f 6751 6744 6604
f 6751 6604 6606
f 6751 6606 6607
f 6752 6745 6736
f 6753 6733 6737
f 6753 6746 6733
f 6754 6734 6738
f 6754 6747 6734
f 6755 6748 6735
f 6755 6756 6750
f 6755 6757 6756
f 6755 6750 6748
f 6755 6735 6739
f 6758 6751 6607
f 6758 6607 6609
f 6758 6609 6610
f 6759 6752 6736
f 6759 6736 6744
f 6760 6745 6752
f 6760 6753 6737
f 6760 6737 6745
f 6761 6746 6753
f 6761 6754 6738
f 6761 6738 6746
f 6762 6739 6747
f 6762 6763 6757
f 6762 6764 6763
f 6762 6757 6755
f 6762 6755 6739
f 6765 6610 6612
f 6765 6612 6613
f 6765 6758 6610
f 6766 6751 6758
f 6766 6759 6744
f 6766 6744 6751
f 6767 6760 6752
f 6768 6753 6760
f 6768 6761 6753
f 6769 6770 6764
f 6769 6771 6770
f 6769 6747 6754
f 6769 6762 6747
f 6769 6764 6762
f 6772 6765 6613
f 6772 6613 6615
f 6772 6615 6575
f 6772 6575 6531
f 6773 6766 6758
f 6774 6759 6766
f 6774 6767 6752
f 6774 6752 6759
f 6775 6768 6760
f 6776 6777 6771
f 6776 6769 6754
f 6776 6778 6777
f 6776 6771 6769
f 6776 6754 6761
f 6779 6758 6765
f 6779 6773 6758
f 6779 6765 6772
f 6780 6774 6766
f 6780 6766 6773
f 6781 6760 6767
f 6781 6775 6760
f 6782 6783 6778
f 6782 6761 6768
f 6782 6778 6776
f 6782 6776 6761
f 6784 6779 6772
f 6784 6772 6531
f 6785 6780 6773
f 6786 6774 6780
f 6786 6781 6767
f 6786 6767 6774
f 6787 6788 6783
f 6787 6789 6788
f 6787 6782 6768
f 6787 6783 6782
f 6787 6768 6775
f 6790 6773 6779
f 6790 6785 6773
f 6790 6779 6784
f 6791 6786 6780
f 6792 6793 6789
f 6792 6794 6793
f 6792 6789 6787
f 6792 6787 6775
f 6792 6775 6781
f 6795 6790 6784
f 6795 6531 6625
f 6795 6784 6531
f 6796 6780 6785
f 6796 6791 6780
f 6797 6798 6794
f 6797 6799 6798
f 6797 6794 6792
f 6797 6781 6786
f 6797 6792 6781
f 6797 6786 6791
f 6800 6796 6785
f 6800 6790 6795
f 6800 6785 6790
f 6801 6802 6799
f 6801 6803 6802
f 6801 6799 6797
f 6801 6797 6791
f 6804 6800 6795
f 6804 6795 6625
f 6805 6791 6796
f 6805 6806 6803
f 6805 6807 6806
f 6805 6801 6791
f 6805 6803 6801
f 6808 6805 6796
f 6808 6809 6807
f 6808 6810 6809
f 6808 6796 6800
f 6808 6807 6805
f 6811 6800 6804
f 6811 6804 6625
f 6811 6810 6808
f 6811 6812 6810
f 6811 6813 6812
f 6811 6625 6813
f 6811 6808 6800
f 6814 6694 6815
f 6815 6695 6816
f 6694 6695 6815
f 6817 6690 6814
f 6814 6690 6694
f 6816 6700 6818
f 6695 6700 6816
f 6819 6689 6817
f 6817 6689 6690
f 6818 6701 6820
f 6700 6701 6818
f 6821 6684 6819
f 6819 6684 6689
f 6820 6704 6822
f 6701 6704 6820
f 6823 6679 6821
f 6821 6679 6684
f 6822 6705 6824
f 6704 6705 6822
f 6825 6678 6823
f 6823 6678 6679
f 6824 6708 6826
f 6705 6708 6824
f 6827 6672 6825
f 6825 6672 6678
f 6826 6709 6828
f 6708 6709 6826
f 6829 6671 6827
f 6827 6671 6672
f 6828 6711 6830
f 6709 6711 6828
f 6831 6665 6829
f 6829 6665 6671
f 6830 6712 6832
f 6711 6712 6830
f 6831 6664 6665
f 6831 6833 6664
f 6832 6714 6834
f 6712 6714 6832
f 6833 6658 6664
f 6833 6835 6658
f 6834 6715 6836
f 6714 6715 6834
f 6835 6657 6658
f 6835 6837 6657
f 6836 6697 6838
f 6715 6697 6836
f 6837 6651 6657
f 6697 6741 6838
f 6838 6741 6839
f 6837 6840 6651
f 6840 6650 6651
f 6741 6742 6839
f 6839 6742 6841
f 6840 6842 6650
f 6842 6644 6650
f 6742 6743 6841
f 6743 6843 6841
f 6842 6844 6644
f 6644 6844 6643
f 6743 6749 6843
f 6749 6845 6843
f 6844 6846 6643
f 6643 6846 6642
f 6749 6750 6845
f 6750 6847 6845
f 6846 6848 6642
f 6642 6848 6625
f 6750 6756 6847
f 6756 6849 6847
f 6756 6757 6849
f 6848 6850 6625
f 6625 6850 6813
f 6757 6851 6849
f 6757 6763 6851
f 6850 6852 6813
f 6813 6852 6812
f 6763 6853 6851
f 6764 6853 6763
f 6852 6854 6812
f 6812 6854 6810
f 6770 6855 6764
f 6764 6855 6853
f 6810 6856 6809
f 6854 6856 6810
f 6771 6857 6770
f 6770 6857 6855
f 6856 6858 6809
f 6809 6858 6807
f 6777 6859 6771
f 6771 6859 6857
f 6858 6860 6807
f 6807 6860 6806
f 6777 6861 6859
f 6778 6861 6777
f 6860 6862 6806
f 6806 6862 6803
f 6778 6863 6861
f 6783 6863 6778
f 6862 6864 6803
f 6803 6864 6802
f 6788 6865 6783
f 6783 6865 6863
f 6864 6866 6802
f 6802 6866 6799
f 6788 6867 6865
f 6789 6867 6788
f 6866 6868 6799
f 6799 6868 6798
f 6789 6869 6867
f 6793 6869 6789
f 6868 6870 6798
f 6798 6870 6794
f 6793 6871 6869
f 6870 6871 6794
f 6794 6871 6793
f 6872 6873 6848
f 6872 6848 6846
f 6874 6846 6844
f 6874 6872 6846
f 6875 6844 6842
f 6875 6874 6844
f 6876 6842 6840
f 6876 6875 6842
f 6877 6840 6837
f 6877 6876 6840
f 6878 6837 6835
f 6878 6877 6837
f 6879 6835 6833
f 6879 6878 6835
f 6880 6833 6831
f 6880 6879 6833
f 6881 6880 6831
f 6881 6831 6829
f 6882 6881 6829
f 6882 6829 6827
f 6883 6882 6827
f 6883 6827 6825
f 6884 6883 6825
f 6884 6825 6823
f 6885 6884 6823
f 6885 6823 6821
f 6886 6885 6821
f 6886 6821 6819
f 6887 6886 6819
f 6887 6819 6817
f 6888 6887 6817
f 6888 6817 6814
f 6889 6888 6814
f 6889 6814 6815
f 6890 6889 6815
f 6890 6815 6816
f 6891 6890 6816
f 6891 6816 6818
f 6892 6891 6818
f 6892 6818 6820
f 6893 6892 6820
f 6893 6820 6822
f 6894 6893 6822
f 6894 6822 6824
f 6895 6824 6826
f 6895 6894 6824
f 6896 6826 6828
f 6896 6895 6826
f 6897 6828 6830
f 6897 6896 6828
f 6898 6830 6832
f 6898 6897 6830
f 6899 6832 6834
f 6899 6898 6832
f 6900 6834 6836
f 6900 6899 6834
f 6901 6900 6836
f 6901 6836 6838
f 6902 6901 6838
f 6902 6838 6839
f 6903 6839 6841
f 6903 6902 6839
f 6904 6841 6843
f 6904 6903 6841
f 6905 6843 6845
f 6905 6904 6843
f 6906 6845 6847
f 6906 6905 6845
f 6907 6847 6849
f 6907 6906 6847
f 6908 6849 6851
f 6908 6907 6849
f 6909 6851 6853
f 6909 6908 6851
f 6910 6853 6855
f 6910 6909 6853
f 6911 6910 6855
f 6911 6855 6857
f 6912 6911 6857
f 6912 6857 6859
f 6913 6912 6859
f 6913 6859 6861
f 6914 6913 6861
f 6914 6861 6863
f 6915 6914 6863
f 6915 6863 6865
f 6916 6915 6865
f 6916 6865 6867
f 6917 6916 6867
f 6917 6867 6869
f 6918 6917 6869
f 6918 6869 6871
f 6919 6918 6871
f 6919 6871 6870
f 6920 6919 6870
f 6920 6870 6868
f 6921 6920 6868
f 6921 6868 6866
f 6922 6921 6866
f 6922 6866 6864
f 6923 6922 6864
f 6923 6864 6862
f 6924 6923 6862
f 6924 6862 6860
f 6925 6860 6858
f 6925 6924 6860
f 6926 6858 6856
f 6926 6925 6858
f 6927 6856 6854
f 6927 6926 6856
f 6928 6854 6852
f 6928 6927 6854
f 6929 6852 6850
f 6929 6928 6852
f 6930 6850 6848
f 6930 6929 6850
f 6873 6930 6848
f 6931 6889 6932
f 6932 6890 6933
f 6889 6890 6932
f 6934 6888 6931
f 6931 6888 6889
f 6933 6891 6935
f 6890 6891 6933
f 6936 6887 6934
f 6934 6887 6888
f 6935 6892 6937
f 6891 6892 6935
f 6938 6886 6936
f 6936 6886 6887
f 6937 6893 6939
f 6892 6893 6937
f 6940 6885 6938
f 6938 6885 6886
f 6939 6894 6941
f 6893 6894 6939
f 6942 6884 6940
f 6940 6884 6885
f 6941 6895 6943
f 6894 6895 6941
f 6944 6883 6942
f 6942 6883 6884
f 6943 6896 6945
f 6895 6896 6943
f 6946 6882 6944
f 6944 6882 6883
f 6945 6897 6947
f 6896 6897 6945
f 6948 6881 6946
f 6946 6881 6882
f 6897 6898 6947
f 6898 6949 6947
f 6950 6880 6948
f 6948 6880 6881
f 6898 6899 6949
f 6951 6879 6950
f 6950 6879 6880
f 6899 6952 6949
f 6899 6900 6952
f 6953 6878 6951
f 6951 6878 6879
f 6900 6954 6952
f 6900 6901 6954
f 6955 6877 6953
f 6953 6877 6878
f 6901 6956 6954
f 6901 6902 6956
f 6955 6876 6877
f 6955 6957 6876
f 6902 6958 6956
f 6902 6903 6958
f 6957 6875 6876
f 6957 6959 6875
f 6903 6960 6958
f 6903 6904 6960
f 6959 6874 6875
f 6959 6961 6874
f 6904 6962 6960
f 6905 6962 6904
f 6961 6872 6874
f 6961 6963 6872
f 6905 6964 6962
f 6906 6964 6905
f 6963 6873 6872
f 6963 6965 6873
f 6965 6930 6873
f 6906 6966 6964
f 6907 6966 6906
f 6965 6967 6930
f 6930 6967 6929
f 6907 6968 6966
f 6908 6968 6907
f 6967 6969 6929
f 6929 6969 6928
f 6909 6970 6908
f 6908 6970 6968
f 6969 6971 6928
f 6928 6971 6927
f 6910 6972 6909
f 6909 6972 6970
f 6971 6973 6927
f 6927 6973 6926
f 6911 6974 6910
f 6910 6974 6972
f 6926 6975 6925
f 6973 6975 6926
f 6912 6976 6911
f 6913 6976 6912
f 6911 6976 6974
f 6975 6977 6925
f 6925 6977 6924
f 6913 6978 6976
f 6914 6978 6913
f 6977 6979 6924
f 6924 6979 6923
f 6914 6980 6978
f 6915 6980 6914
f 6979 6981 6923
f 6923 6981 6922
f 6915 6982 6980
f 6916 6982 6915
f 6981 6983 6922
f 6922 6983 6921
f 6916 6984 6982
f 6917 6984 6916
f 6983 6985 6921
f 6921 6985 6920
f 6917 6986 6984
f 6918 6986 6917
f 6985 6987 6920
f 6920 6987 6919
f 6918 6988 6986
f 6987 6988 6919
f 6919 6988 6918
f 6989 6990 6954
f 6954 6990 6952
f 6952 6991 6949
f 6990 6991 6952
f 6949 6992 6947
f 6991 6992 6949
f 6947 6993 6945
f 6992 6993 6947
f 6945 6994 6943
f 6993 6994 6945
f 6943 6995 6941
f 6994 6995 6943
f 6941 6996 6939
f 6995 6996 6941
f 6939 6997 6937
f 6996 6997 6939
f 6937 6998 6935
f 6997 6998 6937
f 6998 6999 6935
f 6935 6999 6933
f 6999 7000 6933
f 6933 7000 6932
f 7000 7001 6932
f 6932 7001 6931
f 7001 7002 6931
f 6931 7002 6934
f 7002 7003 6934
f 6934 7003 6936
f 7003 7004 6936
f 6936 7004 6938
f 7004 7005 6938
f 6938 7005 6940
f 7005 7006 6940
f 6940 7006 6942
f 7006 7007 6942
f 6942 7007 6944
f 7007 7008 6944
f 6944 7008 6946
f 7008 7009 6946
f 6946 7009 6948
f 7009 7010 6948
f 6948 7010 6950
f 7010 7011 6950
f 6950 7011 6951
f 6951 7012 6953
f 7011 7012 6951
f 6953 7013 6955
f 7012 7013 6953
f 6955 7014 6957
f 7013 7014 6955
f 6957 7015 6959
f 7014 7015 6957
f 6959 7016 6961
f 7015 7016 6959
f 6961 7017 6963
f 7016 7017 6961
f 6963 7018 6965
f 7017 7018 6963
f 7018 7019 6965
f 6965 7019 6967
f 6967 7020 6969
f 7019 7020 6967
f 6969 7021 6971
f 7020 7021 6969
f 6971 7022 6973
f 7021 7022 6971
f 6973 7023 6975
f 7022 7023 6973
f 6975 7024 6977
f 7023 7024 6975
f 6977 7025 6979
f 7024 7025 6977
f 6979 7026 6981
f 7025 7026 6979
f 6981 7027 6983
f 7026 7027 6981
f 7027 7028 6983
f 6983 7028 6985
f 7028 7029 6985
f 6985 7029 6987
f 7029 7030 6987
f 6987 7030 6988
f 7030 7031 6988
f 6988 7031 6986
f 7031 7032 6986
f 6986 7032 6984
f 7032 7033 6984
f 6984 7033 6982
f 7033 7034 6982
f 6982 7034 6980
f 7034 7035 6980
f 6980 7035 6978
f 7035 7036 6978
f 6978 7036 6976
f 7036 7037 6976
f 6976 7037 6974
f 7037 7038 6974
f 6974 7038 6972
f 7038 7039 6972
f 6972 7039 6970
f 7039 7040 6970
f 6970 7040 6968
f 6968 7041 6966
f 7040 7041 6968
f 6966 7042 6964
f 7041 7042 6966
f 6964 7043 6962
f 7042 7043 6964
f 6962 7044 6960
f 7043 7044 6962
f 6960 7045 6958
f 7044 7045 6960
f 6958 7046 6956
f 7045 7046 6958
f 6956 6989 6954
f 7046 6989 6956
f 7047 7001 7048
f 7049 7000 7050
f 7048 7000 7049
f 7001 7000 7048
f 7051 7002 7047
f 7047 7002 7001
f 7050 6999 7052
f 7000 6999 7050
f 7053 7003 7051
f 7051 7003 7002
f 7052 6998 7054
f 6999 6998 7052
f 7055 7004 7053
f 7053 7004 7003
f 7054 6997 7056
f 6998 6997 7054
f 7057 7005 7055
f 7055 7005 7004
f 7056 6996 7058
f 6997 6996 7056
f 7059 7006 7057
f 7057 7006 7005
f 7058 6995 7060
f 6996 6995 7058
f 7061 7007 7059
f 7059 7007 7006
f 7060 6994 7062
f 6995 6994 7060
f 7063 7008 7061
f 7061 7008 7007
f 7062 6993 7064
f 6994 6993 7062
f 7065 7009 7063
f 7063 7009 7008
f 7064 6992 7066
f 6993 6992 7064
f 7067 7010 7065
f 7065 7010 7009
f 7067 7068 7010
f 7066 6991 7069
f 6992 6991 7066
f 7068 7011 7010
f 7068 7070 7011
f 7069 6990 7071
f 6991 6990 7069
f 7070 7012 7011
f 7070 7072 7012
f 7071 6989 7073
f 6990 6989 7071
f 7072 7013 7012
f 6989 7074 7073
f 7072 7075 7013
f 6989 7046 7074
f 7075 7014 7013
f 7046 7076 7074
f 7075 7077 7014
f 7046 7045 7076
f 7077 7015 7014
f 7045 7078 7076
f 7077 7079 7015
f 7045 7044 7078
f 7079 7016 7015
f 7044 7080 7078
f 7079 7081 7016
f 7044 7043 7080
f 7081 7017 7016
f 7043 7082 7080
f 7081 7083 7017
f 7043 7042 7082
f 7083 7018 7017
f 7042 7084 7082
f 7083 7085 7018
f 7042 7041 7084
f 7041 7086 7084
f 7018 7087 7019
f 7085 7087 7018
f 7041 7040 7086
f 7040 7088 7086
f 7019 7089 7020
f 7087 7089 7019
f 7040 7039 7088
f 7039 7090 7088
f 7020 7091 7021
f 7089 7091 7020
f 7038 7092 7039
f 7039 7092 7090
f 7021 7093 7022
f 7091 7093 7021
f 7038 7094 7092
f 7037 7094 7038
f 7022 7095 7023
f 7093 7095 7022
f 7037 7096 7094
f 7036 7096 7037
f 7095 7097 7023
f 7023 7097 7024
f 7036 7098 7096
f 7035 7098 7036
f 7097 7099 7024
f 7024 7099 7025
f 7035 7100 7098
f 7034 7100 7035
f 7099 7101 7025
f 7025 7101 7026
f 7034 7102 7100
f 7033 7102 7034
f 7101 7103 7026
f 7026 7103 7027
f 7033 7104 7102
f 7032 7104 7033
f 7103 7105 7027
f 7027 7105 7028
f 7032 7106 7104
f 7031 7106 7032
f 7105 7107 7028
f 7028 7107 7029
f 7031 7108 7106
f 7030 7108 7031
f 7107 7109 7029
f 7030 7110 7108
f 7109 7110 7029
f 7029 7110 7030
f 7071 7073 7111
f 7071 7111 7112
f 7069 7112 7113
f 7069 7071 7112
f 7066 7113 7114
f 7066 7069 7113
f 7064 7114 7115
f 7064 7066 7114
f 7062 7115 7116
f 7062 7064 7115
f 7060 7116 7117
f 7060 7062 7116
f 7058 7117 7118
f 7058 7060 7117
f 7056 7118 7119
f 7056 7058 7118
f 7054 7056 7119
f 7054 7119 7120
f 7052 7054 7120
f 7052 7120 7121
f 7050 7052 7121
f 7050 7121 7122
f 7049 7050 7122
f 7048 7049 7122
f 7048 7122 7123
f 7047 7048 7123
f 7047 7123 7124
f 7051 7047 7124
f 7051 7124 7125
f 7053 7051 7125
f 7053 7125 7126
f 7055 7053 7126
f 7055 7126 7127
f 7057 7055 7127
f 7057 7127 7128
f 7059 7057 7128
f 7059 7128 7129
f 7061 7059 7129
f 7061 7129 7130
f 7063 7061 7130
f 7063 7130 7131
f 7065 7063 7131
f 7065 7131 7132
f 7067 7065 7132
f 7068 7132 7133
f 7068 7067 7132
f 7070 7133 7134
f 7070 7068 7133
f 7072 7134 7135
f 7072 7070 7134
f 7075 7135 7136
f 7075 7072 7135
f 7077 7136 7137
f 7077 7075 7136
f 7079 7137 7138
f 7079 7077 7137
f 7081 7138 7139
f 7081 7079 7138
f 7083 7139 7140
f 7083 7081 7139
f 7085 7083 7140
f 7087 7085 7140
f 7087 7140 7141
f 7089 7141 7142
f 7089 7087 7141
f 7091 7142 7143
f 7091 7089 7142
f 7093 7143 7144
f 7093 7091 7143
f 7095 7144 7145
f 7095 7093 7144
f 7097 7145 7146
f 7097 7095 7145
f 7099 7146 7147
f 7099 7097 7146
f 7101 7147 7148
f 7101 7099 7147
f 7103 7101 7148
f 7103 7148 7149
f 7105 7103 7149
f 7105 7149 7150
f 7107 7105 7150
f 7107 7150 7151
f 7109 7107 7151
f 7110 7109 7151
f 7110 7151 7152
f 7108 7110 7152
f 7108 7152 7153
f 7106 7108 7153
f 7106 7153 7154
f 7104 7106 7154
f 7104 7154 7155
f 7102 7104 7155
f 7102 7155 7156
f 7100 7102 7156
f 7100 7156 7157
f 7098 7100 7157
f 7098 7157 7158
f 7096 7098 7158
f 7096 7158 7159
f 7094 7096 7159
f 7094 7159 7160
f 7092 7094 7160
f 7092 7160 7161
f 7090 7092 7161
f 7088 7161 7162
f 7088 7090 7161
f 7086 7162 7163
f 7086 7088 7162
f 7084 7163 7164
f 7084 7086 7163
f 7082 7164 7165
f 7082 7084 7164
f 7080 7165 7166
f 7080 7082 7165
f 7078 7166 7167
f 7078 7080 7166
f 7076 7167 7168
f 7076 7078 7167
f 7074 7168 7111
f 7074 7076 7168
f 7073 7074 7111
f 7169 7112 7111
f 7170 7171 7140
f 7170 7140 7139
f 7172 7173 7171
f 7172 7171 7170
f 7174 7175 7173
f 7174 7173 7172
f 7176 7177 7175
f 7176 7175 7174
f 7178 7177 7176
f 7178 7179 7177
f 7180 7181 7179
f 7180 7179 7178
f 7182 7181 7180
f 7182 7183 7181
f 7184 7185 7183
f 7184 7183 7182
f 7186 7185 7184
f 7186 7187 7185
f 7188 7187 7186
f 7188 7189 7187
f 7190 7191 7189
f 7190 7189 7188
f 7192 7193 7191
f 7192 7191 7190
f 7194 7193 7192
f 7194 7195 7193
f 7196 7197 7198
f 7196 7195 7194
f 7196 7199 7195
f 7196 7198 7199
f 7200 7139 7138
f 7200 7170 7139
f 7201 7172 7170
f 7201 7170 7200
f 7202 7174 7172
f 7202 7172 7201
f 7203 7176 7174
f 7203 7174 7202
f 7204 7176 7203
f 7204 7178 7176
f 7205 7178 7204
f 7205 7180 7178
f 7206 7180 7205
f 7206 7182 7180
f 7207 7182 7206
f 7207 7184 7182
f 7208 7184 7207
f 7208 7186 7184
f 7209 7186 7208
f 7209 7188 7186
f 7210 7188 7209
f 7210 7190 7188
f 7211 7190 7210
f 7211 7192 7190
f 7212 7194 7192
f 7212 7192 7211
f 7213 7214 7197
f 7213 7194 7212
f 7213 7196 7194
f 7213 7197 7196
f 7215 7200 7138
f 7215 7138 7137
f 7216 7200 7215
f 7216 7201 7200
f 7217 7201 7216
f 7217 7202 7201
f 7218 7203 7202
f 7218 7202 7217
f 7219 7204 7203
f 7219 7203 7218
f 7220 7205 7204
f 7220 7204 7219
f 7221 7205 7220
f 7221 7206 7205
f 7222 7207 7206
f 7222 7206 7221
f 7223 7208 7207
f 7223 7207 7222
f 7224 7209 7208
f 7224 7208 7223
f 7225 7210 7209
f 7225 7209 7224
f 7226 7211 7210
f 7226 7210 7225
f 7227 7212 7211
f 7227 7211 7226
f 7228 7229 7214
f 7228 7213 7212
f 7228 7214 7213
f 7228 7212 7227
f 7230 7215 7137
f 7230 7137 7136
f 7230 7216 7215
f 7231 7216 7230
f 7232 7217 7216
f 7232 7218 7217
f 7232 7216 7231
f 7233 7218 7232
f 7234 7218 7233
f 7234 7219 7218
f 7235 7219 7234
f 7235 7220 7219
f 7235 7221 7220
f 7236 7221 7235
f 7237 7221 7236
f 7237 7222 7221
f 7237 7223 7222
f 7238 7223 7237
f 7238 7224 7223
f 7239 7224 7238
f 7240 7224 7239
f 7240 7225 7224
f 7241 7225 7240
f 7241 7226 7225
f 7241 7227 7226
f 7242 7227 7241
f 7243 7244 7229
f 7243 7227 7242
f 7243 7229 7228
f 7243 7228 7227
f 7245 7231 7230
f 7245 7230 7136
f 7245 7136 7135
f 7246 7231 7245
f 7247 7231 7246
f 7247 7232 7231
f 7248 7233 7232
f 7248 7232 7247
f 7249 7234 7233
f 7249 7233 7248
f 7250 7235 7234
f 7250 7234 7249
f 7251 7236 7235
f 7251 7235 7250
f 7252 7237 7236
f 7252 7238 7237
f 7252 7236 7251
f 7253 7238 7252
f 7254 7239 7238
f 7254 7240 7239
f 7254 7238 7253
f 7255 7240 7254
f 7256 7242 7241
f 7256 7240 7255
f 7256 7241 7240
f 7257 7242 7256
f 7258 7259 7244
f 7258 7244 7243
f 7258 7243 7242
f 7258 7242 7257
f 7260 7245 7135
f 7260 7135 7134
f 7261 7246 7245
f 7261 7245 7260
f 7262 7247 7246
f 7262 7246 7261
f 7263 7248 7247
f 7263 7249 7248
f 7263 7247 7262
f 7264 7249 7263
f 7265 7250 7249
f 7265 7249 7264
f 7266 7250 7265
f 7266 7251 7250
f 7267 7252 7251
f 7267 7251 7266
f 7268 7253 7252
f 7268 7252 7267
f 7269 7253 7268
f 7269 7254 7253
f 7270 7254 7269
f 7270 7255 7254
f 7271 7255 7270
f 7271 7256 7255
f 7272 7256 7271
f 7272 7257 7256
f 7273 7274 7259
f 7273 7257 7272
f 7273 7259 7258
f 7273 7258 7257
f 7275 7261 7260
f 7275 7134 7133
f 7275 7260 7134
f 7276 7262 7261
f 7276 7261 7275
f 7277 7262 7276
f 7278 7262 7277
f 7278 7263 7262
f 7279 7263 7278
f 7279 7264 7263
f 7280 7264 7279
f 7280 7265 7264
f 7281 7265 7280
f 7281 7266 7265
f 7282 7266 7281
f 7282 7267 7266
f 7283 7269 7268
f 7283 7268 7267
f 7283 7267 7282
f 7284 7269 7283
f 7285 7271 7270
f 7285 7269 7284
f 7285 7270 7269
f 7286 7271 7285
f 7287 7272 7271
f 7287 7271 7286
f 7288 7289 7274
f 7288 7290 7289
f 7288 7274 7273
f 7288 7273 7272
f 7288 7272 7287
f 7291 7133 7132
f 7291 7275 7133
f 7292 7275 7291
f 7292 7276 7275
f 7293 7277 7276
f 7293 7276 7292
f 7293 7278 7277
f 7294 7278 7293
f 7295 7279 7278
f 7295 7278 7294
f 7296 7280 7279
f 7296 7279 7295
f 7297 7280 7296
f 7297 7281 7280
f 7298 7282 7281
f 7298 7283 7282
f 7298 7281 7297
f 7299 7283 7298
f 7300 7284 7283
f 7300 7285 7284
f 7300 7283 7299
f 7301 7286 7285
f 7301 7285 7300
f 7302 7286 7301
f 7303 7287 7286
f 7303 7286 7302
f 7304 7290 7288
f 7304 7288 7287
f 7304 7287 7303
f 7305 7291 7132
f 7305 7132 7131
f 7306 7291 7305
f 7306 7292 7291
f 7307 7293 7292
f 7307 7292 7306
f 7308 7293 7307
f 7308 7294 7293
f 7309 7294 7308
f 7309 7295 7294
f 7310 7295 7309
f 7310 7297 7296
f 7310 7296 7295
f 7311 7297 7310
f 7312 7297 7311
f 7312 7298 7297
f 7313 7298 7312
f 7313 7299 7298
f 7314 7299 7313
f 7314 7300 7299
f 7315 7300 7314
f 7315 7301 7300
f 7316 7301 7315
f 7316 7302 7301
f 7317 7303 7302
f 7317 7302 7316
f 7318 7304 7303
f 7318 7319 7290
f 7318 7320 7319
f 7318 7303 7317
f 7318 7290 7304
f 7321 7131 7130
f 7321 7305 7131
f 7321 7306 7305
f 7322 7306 7321
f 7323 7307 7306
f 7323 7306 7322
f 7324 7308 7307
f 7324 7309 7308
f 7324 7307 7323
f 7325 7309 7324
f 7326 7310 7309
f 7326 7309 7325
f 7327 7312 7311
f 7327 7311 7310
f 7327 7310 7326
f 7328 7312 7327
f 7328 7313 7312
f 7329 7313 7328
f 7330 7315 7314
f 7330 7313 7329
f 7330 7314 7313
f 7331 7315 7330
f 7332 7315 7331
f 7332 7316 7315
f 7333 7317 7316
f 7333 7316 7332
f 7334 7320 7318
f 7334 7318 7317
f 7334 7317 7333
f 7335 7321 7130
f 7335 7130 7129
f 7336 7322 7321
f 7336 7321 7335
f 7337 7323 7322
f 7337 7322 7336
f 7338 7324 7323
f 7338 7323 7337
f 7339 7325 7324
f 7339 7324 7338
f 7340 7325 7339
f 7340 7326 7325
f 7341 7327 7326
f 7341 7326 7340
f 7342 7328 7327
f 7342 7327 7341
f 7343 7329 7328
f 7343 7328 7342
f 7344 7329 7343
f 7344 7330 7329
f 7345 7330 7344
f 7345 7332 7331
f 7345 7331 7330
f 7346 7332 7345
f 7347 7332 7346
f 7347 7333 7332
f 7347 7334 7333
f 7348 7349 7320
f 7348 7350 7349
f 7348 7334 7347
f 7348 7320 7334
f 7351 7129 7128
f 7351 7335 7129
f 7352 7335 7351
f 7352 7336 7335
f 7353 7336 7352
f 7353 7337 7336
f 7354 7337 7353
f 7354 7338 7337
f 7355 7339 7338
f 7355 7338 7354
f 7356 7340 7339
f 7356 7339 7355
f 7357 7341 7340
f 7357 7340 7356
f 7358 7342 7341
f 7358 7341 7357
f 7359 7343 7342
f 7359 7342 7358
f 7360 7344 7343
f 7360 7343 7359
f 7361 7345 7344
f 7361 7344 7360
f 7362 7347 7346
f 7362 7346 7345
f 7362 7345 7361
f 7363 7347 7362
f 7364 7365 7350
f 7364 7350 7348
f 7364 7348 7347
f 7364 7347 7363
f 7366 7128 7127
f 7366 7352 7351
f 7366 7351 7128
f 7367 7352 7366
f 7368 7352 7367
f 7368 7353 7352
f 7369 7353 7368
f 7369 7354 7353
f 7370 7355 7354
f 7370 7356 7355
f 7370 7354 7369
f 7371 7356 7370
f 7372 7356 7371
f 7372 7357 7356
f 7373 7357 7372
f 7373 7359 7358
f 7373 7358 7357
f 7374 7360 7359
f 7374 7359 7373
f 7375 7360 7374
f 7376 7361 7360
f 7376 7362 7361
f 7376 7360 7375
f 7377 7362 7376
f 7378 7362 7377
f 7378 7363 7362
f 7378 7364 7363
f 7379 7364 7378
f 7379 7365 7364
f 7380 7127 7126
f 7380 7366 7127
f 7381 7366 7380
f 7381 7367 7366
f 7382 7369 7368
f 7382 7367 7381
f 7382 7368 7367
f 7383 7369 7382
f 7384 7370 7369
f 7384 7369 7383
f 7385 7370 7384
f 7385 7371 7370
f 7386 7372 7371
f 7386 7371 7385
f 7387 7372 7386
f 7387 7373 7372
f 7388 7373 7387
f 7388 7374 7373
f 7389 7374 7388
f 7389 7375 7374
f 7390 7376 7375
f 7390 7375 7389
f 7391 7377 7376
f 7391 7376 7390
f 7392 7378 7377
f 7392 7377 7391
f 7393 7379 7378
f 7393 7365 7379
f 7393 7394 7365
f 7393 7378 7392
f 7395 7126 7125
f 7395 7380 7126
f 7396 7380 7395
f 7396 7381 7380
f 7397 7382 7381
f 7397 7383 7382
f 7397 7381 7396
f 7398 7383 7397
f 7399 7383 7398
f 7399 7384 7383
f 7400 7384 7399
f 7400 7385 7384
f 7400 7386 7385
f 7401 7386 7400
f 7402 7387 7386
f 7402 7386 7401
f 7403 7388 7387
f 7403 7387 7402
f 7404 7388 7403
f 7404 7389 7388
f 7404 7390 7389
f 7405 7390 7404
f 7406 7391 7390
f 7406 7390 7405
f 7407 7392 7391
f 7407 7391 7406
f 7408 7409 7394
f 7408 7394 7393
f 7408 7393 7392
f 7408 7392 7407
f 7410 7125 7124
f 7410 7395 7125
f 7411 7396 7395
f 7411 7395 7410
f 7412 7397 7396
f 7412 7396 7411
f 7413 7398 7397
f 7413 7397 7412
f 7414 7399 7398
f 7414 7398 7413
f 7415 7400 7399
f 7415 7399 7414
f 7416 7400 7415
f 7416 7401 7400
f 7417 7401 7416
f 7417 7402 7401
f 7418 7402 7417
f 7418 7404 7403
f 7418 7403 7402
f 7419 7404 7418
f 7419 7405 7404
f 7420 7405 7419
f 7421 7405 7420
f 7421 7406 7405
f 7422 7406 7421
f 7422 7407 7406
f 7423 7424 7409
f 7423 7407 7422
f 7423 7409 7408
f 7423 7408 7407
f 7425 7124 7123
f 7425 7410 7124
f 7426 7410 7425
f 7426 7411 7410
f 7427 7411 7426
f 7427 7412 7411
f 7428 7412 7427
f 7428 7413 7412
f 7429 7414 7413
f 7429 7413 7428
f 7430 7416 7415
f 7430 7415 7414
f 7430 7414 7429
f 7431 7416 7430
f 7432 7416 7431
f 7432 7417 7416
f 7433 7418 7417
f 7433 7417 7432
f 7434 7419 7418
f 7434 7418 7433
f 7435 7420 7419
f 7435 7421 7420
f 7435 7419 7434
f 7436 7421 7435
f 7437 7422 7421
f 7437 7421 7436
f 7438 7439 7424
f 7438 7424 7423
f 7438 7423 7422
f 7438 7422 7437
f 7440 7123 7122
f 7440 7425 7123
f 7441 7426 7425
f 7441 7425 7440
f 7442 7427 7426
f 7442 7426 7441
f 7443 7427 7442
f 7443 7428 7427
f 7444 7429 7428
f 7444 7428 7443
f 7445 7430 7429
f 7445 7429 7444
f 7446 7431 7430
f 7446 7430 7445
f 7447 7432 7431
f 7447 7431 7446
f 7448 7433 7432
f 7448 7432 7447
f 7449 7433 7448
f 7449 7434 7433
f 7450 7434 7449
f 7450 7435 7434
f 7451 7435 7450
f 7451 7436 7435
f 7452 7436 7451
f 7452 7437 7436
f 7453 7437 7452
f 7453 7454 7439
f 7453 7439 7438
f 7453 7438 7437
f 7455 7122 7121
f 7455 7440 7122
f 7456 7441 7440
f 7456 7440 7455
f 7457 7443 7442
f 7457 7442 7441
f 7457 7441 7456
f 7458 7443 7457
f 7459 7443 7458
f 7459 7444 7443
f 7460 7444 7459
f 7460 7446 7445
f 7460 7445 7444
f 7461 7446 7460
f 7462 7447 7446
f 7462 7446 7461
f 7463 7449 7448
f 7463 7448 7447
f 7463 7447 7462
f 7464 7449 7463
f 7465 7450 7449
f 7465 7451 7450
f 7465 7449 7464
f 7466 7451 7465
f 7467 7452 7451
f 7467 7451 7466
f 7468 7452 7467
f 7468 7453 7452
f 7468 7454 7453
f 7468 7469 7454
f 7470 7456 7455
f 7470 7121 7120
f 7470 7455 7121
f 7471 7456 7470
f 7471 7457 7456
f 7472 7457 7471
f 7473 7458 7457
f 7473 7457 7472
f 7473 7459 7458
f 7474 7459 7473
f 7475 7460 7459
f 7475 7461 7460
f 7475 7459 7474
f 7476 7461 7475
f 7477 7463 7462
f 7477 7462 7461
f 7477 7461 7476
f 7478 7463 7477
f 7479 7464 7463
f 7479 7465 7464
f 7479 7463 7478
f 7480 7465 7479
f 7481 7466 7465
f 7481 7465 7480
f 7482 7468 7467
f 7482 7467 7466
f 7482 7466 7481
f 7483 7484 7469
f 7483 7469 7468
f 7483 7468 7482
f 7485 7120 7119
f 7485 7470 7120
f 7485 7471 7470
f 7486 7471 7485
f 7487 7472 7471
f 7487 7471 7486
f 7488 7473 7472
f 7488 7472 7487
f 7489 7473 7488
f 7489 7474 7473
f 7490 7474 7489
f 7490 7475 7474
f 7491 7475 7490
f 7491 7476 7475
f 7492 7476 7491
f 7492 7477 7476
f 7493 7477 7492
f 7493 7478 7477
f 7494 7478 7493
f 7494 7479 7478
f 7495 7479 7494
f 7495 7480 7479
f 7495 7481 7480
f 7496 7481 7495
f 7497 7482 7481
f 7497 7481 7496
f 7498 7483 7482
f 7498 7499 7484
f 7498 7482 7497
f 7498 7484 7483
f 7500 7485 7119
f 7500 7119 7118
f 7501 7485 7500
f 7501 7486 7485
f 7502 7486 7501
f 7502 7487 7486
f 7503 7488 7487
f 7503 7489 7488
f 7503 7487 7502
f 7504 7489 7503
f 7505 7490 7489
f 7505 7491 7490
f 7505 7489 7504
f 7506 7491 7505
f 7507 7492 7491
f 7507 7491 7506
f 7508 7493 7492
f 7508 7492 7507
f 7509 7494 7493
f 7509 7493 7508
f 7509 7495 7494
f 7510 7496 7495
f 7510 7495 7509
f 7511 7496 7510
f 7512 7497 7496
f 7512 7498 7497
f 7512 7496 7511
f 7513 7499 7498
f 7513 7514 7499
f 7513 7498 7512
f 7515 7500 7118
f 7515 7118 7117
f 7516 7500 7515
f 7516 7501 7500
f 7517 7502 7501
f 7517 7501 7516
f 7518 7503 7502
f 7518 7502 7517
f 7519 7504 7503
f 7519 7505 7504
f 7519 7503 7518
f 7520 7506 7505
f 7520 7505 7519
f 7521 7506 7520
f 7522 7506 7521
f 7522 7507 7506
f 7522 7508 7507
f 7523 7508 7522
f 7524 7508 7523
f 7524 7509 7508
f 7525 7509 7524
f 7525 7510 7509
f 7526 7510 7525
f 7526 7511 7510
f 7527 7511 7526
f 7527 7512 7511
f 7527 7513 7512
f 7528 7529 7514
f 7528 7513 7527
f 7528 7514 7513
f 7530 7516 7515
f 7530 7515 7117
f 7530 7117 7116
f 7531 7516 7530
f 7532 7516 7531
f 7532 7517 7516
f 7533 7519 7518
f 7533 7517 7532
f 7533 7518 7517
f 7534 7519 7533
f 7535 7520 7519
f 7535 7519 7534
f 7536 7521 7520
f 7536 7520 7535
f 7537 7522 7521
f 7537 7521 7536
f 7538 7523 7522
f 7538 7522 7537
f 7539 7524 7523
f 7539 7525 7524
f 7539 7523 7538
f 7540 7526 7525
f 7540 7525 7539
f 7541 7526 7540
f 7542 7527 7526
f 7542 7526 7541
f 7543 7528 7527
f 7543 7544 7529
f 7543 7529 7528
f 7543 7527 7542
f 7545 7530 7116
f 7545 7116 7115
f 7546 7531 7530
f 7546 7530 7545
f 7547 7531 7546
f 7547 7532 7531
f 7548 7532 7547
f 7548 7533 7532
f 7549 7534 7533
f 7549 7535 7534
f 7549 7533 7548
f 7550 7535 7549
f 7551 7536 7535
f 7551 7535 7550
f 7552 7537 7536
f 7552 7536 7551
f 7553 7538 7537
f 7553 7537 7552
f 7554 7539 7538
f 7554 7538 7553
f 7555 7540 7539
f 7555 7541 7540
f 7555 7539 7554
f 7556 7541 7555
f 7557 7541 7556
f 7557 7542 7541
f 7557 7543 7542
f 7558 7543 7557
f 7558 7559 7544
f 7558 7544 7543
f 7560 7115 7114
f 7560 7545 7115
f 7560 7546 7545
f 7561 7546 7560
f 7562 7546 7561
f 7562 7547 7546
f 7563 7547 7562
f 7563 7548 7547
f 7564 7549 7548
f 7564 7548 7563
f 7565 7549 7564
f 7565 7550 7549
f 7565 7551 7550
f 7566 7551 7565
f 7567 7551 7566
f 7567 7552 7551
f 7567 7553 7552
f 7568 7553 7567
f 7569 7553 7568
f 7569 7554 7553
f 7570 7555 7554
f 7570 7554 7569
f 7571 7555 7570
f 7571 7556 7555
f 7572 7557 7556
f 7572 7556 7571
f 7573 7558 7557
f 7573 7559 7558
f 7573 7574 7559
f 7573 7557 7572
f 7575 7560 7114
f 7575 7114 7113
f 7575 7561 7560
f 7576 7561 7575
f 7577 7562 7561
f 7577 7561 7576
f 7578 7563 7562
f 7578 7562 7577
f 7578 7564 7563
f 7579 7564 7578
f 7580 7565 7564
f 7580 7564 7579
f 7581 7566 7565
f 7581 7565 7580
f 7582 7567 7566
f 7582 7566 7581
f 7583 7567 7582
f 7583 7568 7567
f 7584 7569 7568
f 7584 7570 7569
f 7584 7568 7583
f 7585 7570 7584
f 7586 7571 7570
f 7586 7570 7585
f 7587 7572 7571
f 7587 7571 7586
f 7588 7589 7574
f 7588 7574 7573
f 7588 7573 7572
f 7588 7572 7587
f 7590 7112 7169
f 7590 7113 7112
f 7590 7575 7113
f 7591 7575 7590
f 7591 7576 7575
f 7591 7590 7169
f 7591 7169 7592
f 7593 7591 7592
f 7593 7577 7576
f 7593 7592 7594
f 7593 7576 7591
f 7595 7579 7578
f 7595 7593 7594
f 7595 7578 7577
f 7595 7577 7593
f 7595 7594 7596
f 7595 7596 7597
f 7598 7595 7597
f 7598 7579 7595
f 7599 7598 7597
f 7599 7580 7579
f 7599 7581 7580
f 7599 7597 7600
f 7599 7579 7598
f 7601 7581 7599
f 7601 7599 7600
f 7601 7600 7602
f 7603 7601 7602
f 7603 7581 7601
f 7603 7582 7581
f 7603 7602 7604
f 7605 7582 7603
f 7605 7603 7604
f 7605 7583 7582
f 7605 7584 7583
f 7605 7604 7606
f 7607 7584 7605
f 7607 7605 7606
f 7607 7606 7608
f 7607 7608 7609
f 7610 7584 7607
f 7610 7607 7609
f 7610 7586 7585
f 7610 7585 7584
f 7611 7586 7610
f 7611 7610 7609
f 7611 7609 7612
f 7611 7612 7613
f 7614 7586 7611
f 7614 7611 7613
f 7614 7613 7615
f 7614 7587 7586
f 7616 7617 7589
f 7616 7618 7617
f 7616 7614 7615
f 7616 7587 7614
f 7616 7615 7618
f 7616 7589 7588
f 7616 7588 7587
f 7171 7141 7140
f 7619 7169 7111
f 7619 7111 7168
f 7620 7592 7169
f 7620 7169 7619
f 7621 7594 7592
f 7621 7592 7620
f 7622 7596 7594
f 7622 7594 7621
f 7623 7596 7622
f 7623 7597 7596
f 7624 7600 7597
f 7624 7597 7623
f 7625 7600 7624
f 7625 7602 7600
f 7626 7604 7602
f 7626 7602 7625
f 7627 7604 7626
f 7627 7606 7604
f 7628 7606 7627
f 7628 7608 7606
f 7629 7609 7608
f 7629 7608 7628
f 7630 7612 7609
f 7630 7609 7629
f 7631 7612 7630
f 7631 7613 7612
f 7632 7633 7618
f 7632 7613 7631
f 7632 7615 7613
f 7632 7618 7615
f 7634 7168 7167
f 7634 7619 7168
f 7635 7620 7619
f 7635 7619 7634
f 7636 7621 7620
f 7636 7620 7635
f 7637 7622 7621
f 7637 7621 7636
f 7638 7622 7637
f 7638 7623 7622
f 7639 7623 7638
f 7639 7624 7623
f 7640 7624 7639
f 7640 7625 7624
f 7641 7625 7640
f 7641 7626 7625
f 7642 7626 7641
f 7642 7627 7626
f 7643 7627 7642
f 7643 7628 7627
f 7644 7628 7643
f 7644 7629 7628
f 7645 7629 7644
f 7645 7630 7629
f 7646 7631 7630
f 7646 7630 7645
f 7647 7648 7633
f 7647 7631 7646
f 7647 7632 7631
f 7647 7633 7632
f 7649 7634 7167
f 7649 7167 7166
f 7650 7634 7649
f 7650 7635 7634
f 7651 7635 7650
f 7651 7636 7635
f 7652 7637 7636
f 7652 7636 7651
f 7653 7638 7637
f 7653 7637 7652
f 7654 7639 7638
f 7654 7638 7653
f 7655 7639 7654
f 7655 7640 7639
f 7656 7641 7640
f 7656 7642 7641
f 7656 7640 7655
f 7657 7642 7656
f 7658 7643 7642
f 7658 7644 7643
f 7658 7642 7657
f 7659 7644 7658
f 7660 7645 7644
f 7660 7644 7659
f 7661 7646 7645
f 7661 7645 7660
f 7662 7663 7648
f 7662 7647 7646
f 7662 7648 7647
f 7662 7646 7661
f 7664 7649 7166
f 7664 7166 7165
f 7664 7650 7649
f 7665 7650 7664
f 7666 7651 7650
f 7666 7650 7665
f 7667 7651 7666
f 7667 7652 7651
f 7668 7653 7652
f 7668 7652 7667
f 7669 7653 7668
f 7669 7654 7653
f 7670 7654 7669
f 7670 7655 7654
f 7670 7656 7655
f 7671 7656 7670
f 7672 7656 7671
f 7672 7657 7656
f 7673 7657 7672
f 7673 7658 7657
f 7674 7658 7673
f 7674 7659 7658
f 7675 7659 7674
f 7675 7660 7659
f 7676 7660 7675
f 7676 7661 7660
f 7676 7662 7661
f 7677 7678 7663
f 7677 7662 7676
f 7677 7663 7662
f 7679 7664 7165
f 7679 7165 7164
f 7680 7665 7664
f 7680 7664 7679
f 7681 7665 7680
f 7681 7666 7665
f 7682 7667 7666
f 7682 7668 7667
f 7682 7666 7681
f 7683 7668 7682
f 7684 7669 7668
f 7684 7668 7683
f 7685 7670 7669
f 7685 7669 7684
f 7686 7671 7670
f 7686 7672 7671
f 7686 7670 7685
f 7687 7672 7686
f 7688 7673 7672
f 7688 7672 7687
f 7689 7674 7673
f 7689 7673 7688
f 7690 7674 7689
f 7690 7675 7674
f 7691 7676 7675
f 7691 7675 7690
f 7692 7693 7678
f 7692 7678 7677
f 7692 7677 7676
f 7692 7676 7691
f 7694 7679 7164
f 7694 7164 7163
f 7695 7680 7679
f 7695 7679 7694
f 7696 7681 7680
f 7696 7680 7695
f 7697 7682 7681
f 7697 7681 7696
f 7698 7683 7682
f 7698 7682 7697
f 7699 7683 7698
f 7699 7684 7683
f 7700 7685 7684
f 7700 7684 7699
f 7701 7687 7686
f 7701 7686 7685
f 7701 7685 7700
f 7702 7687 7701
f 7703 7687 7702
f 7703 7688 7687
f 7704 7688 7703
f 7704 7689 7688
f 7705 7689 7704
f 7705 7690 7689
f 7706 7690 7705
f 7706 7691 7690
f 7707 7708 7693
f 7707 7709 7708
f 7707 7691 7706
f 7707 7693 7692
f 7707 7692 7691
f 7710 7163 7162
f 7710 7694 7163
f 7711 7694 7710
f 7711 7695 7694
f 7711 7696 7695
f 7712 7696 7711
f 7712 7697 7696
f 7713 7697 7712
f 7714 7697 7713
f 7714 7698 7697
f 7715 7698 7714
f 7715 7699 7698
f 7715 7700 7699
f 7716 7700 7715
f 7717 7701 7700
f 7717 7700 7716
f 7718 7702 7701
f 7718 7701 7717
f 7719 7703 7702
f 7719 7702 7718
f 7720 7704 7703
f 7720 7703 7719
f 7720 7705 7704
f 7721 7705 7720
f 7722 7706 7705
f 7722 7705 7721
f 7723 7724 7709
f 7723 7707 7706
f 7723 7709 7707
f 7723 7706 7722
f 7725 7711 7710
f 7725 7710 7162
f 7725 7162 7161
f 7726 7711 7725
f 7727 7712 7711
f 7727 7711 7726
f 7728 7712 7727
f 7728 7713 7712
f 7729 7713 7728
f 7729 7714 7713
f 7730 7715 7714
f 7730 7714 7729
f 7731 7715 7730
f 7731 7716 7715
f 7731 7717 7716
f 7732 7717 7731
f 7733 7718 7717
f 7733 7719 7718
f 7733 7717 7732
f 7734 7720 7719
f 7734 7719 7733
f 7735 7720 7734
f 7736 7721 7720
f 7736 7720 7735
f 7737 7722 7721
f 7737 7723 7722
f 7737 7721 7736
f 7738 7724 7723
f 7738 7723 7737
f 7739 7161 7160
f 7739 7725 7161
f 7740 7725 7739
f 7740 7726 7725
f 7741 7727 7726
f 7741 7726 7740
f 7742 7729 7728
f 7742 7728 7727
f 7742 7727 7741
f 7743 7729 7742
f 7744 7729 7743
f 7744 7730 7729
f 7745 7730 7744
f 7745 7731 7730
f 7745 7732 7731
f 7746 7732 7745
f 7747 7732 7746
f 7747 7734 7733
f 7747 7733 7732
f 7748 7734 7747
f 7748 7735 7734
f 7749 7735 7748
f 7750 7735 7749
f 7750 7736 7735
f 7751 7737 7736
f 7751 7738 7737
f 7751 7736 7750
f 7752 7724 7738
f 7752 7753 7724
f 7752 7754 7753
f 7752 7738 7751
f 7755 7160 7159
f 7755 7739 7160
f 7755 7740 7739
f 7756 7740 7755
f 7757 7741 7740
f 7757 7740 7756
f 7758 7741 7757
f 7758 7742 7741
f 7759 7743 7742
f 7759 7742 7758
f 7760 7744 7743
f 7760 7743 7759
f 7761 7745 7744
f 7761 7744 7760
f 7762 7746 7745
f 7762 7745 7761
f 7763 7747 7746
f 7763 7748 7747
f 7763 7746 7762
f 7764 7749 7748
f 7764 7748 7763
f 7765 7749 7764
f 7765 7750 7749
f 7766 7750 7765
f 7767 7751 7750
f 7767 7752 7751
f 7767 7750 7766
f 7768 7769 7754
f 7768 7754 7752
f 7768 7752 7767
f 7770 7755 7159
f 7770 7159 7158
f 7771 7755 7770
f 7771 7756 7755
f 7772 7756 7771
f 7772 7757 7756
f 7773 7758 7757
f 7773 7757 7772
f 7774 7759 7758
f 7774 7758 7773
f 7775 7760 7759
f 7775 7759 7774
f 7776 7760 7775
f 7776 7761 7760
f 7777 7761 7776
f 7777 7762 7761
f 7778 7762 7777
f 7778 7763 7762
f 7779 7763 7778
f 7779 7764 7763
f 7780 7765 7764
f 7780 7764 7779
f 7781 7765 7780
f 7781 7766 7765
f 7781 7767 7766
f 7782 7767 7781
f 7783 7767 7782
f 7783 7769 7768
f 7783 7768 7767
f 7784 7771 7770
f 7784 7158 7157
f 7784 7770 7158
f 7785 7771 7784
f 7786 7771 7785
f 7786 7772 7771
f 7787 7772 7786
f 7787 7773 7772
f 7787 7774 7773
f 7788 7774 7787
f 7789 7774 7788
f 7789 7775 7774
f 7790 7776 7775
f 7790 7775 7789
f 7791 7777 7776
f 7791 7778 7777
f 7791 7776 7790
f 7792 7778 7791
f 7793 7779 7778
f 7793 7778 7792
f 7794 7780 7779
f 7794 7779 7793
f 7795 7781 7780
f 7795 7780 7794
f 7796 7782 7781
f 7796 7781 7795
f 7797 7798 7769
f 7797 7799 7798
f 7797 7769 7783
f 7797 7783 7782
f 7797 7782 7796
f 7800 7785 7784
f 7800 7157 7156
f 7800 7784 7157
f 7801 7785 7800
f 7802 7786 7785
f 7802 7785 7801
f 7803 7786 7802
f 7803 7787 7786
f 7803 7788 7787
f 7804 7789 7788
f 7804 7788 7803
f 7805 7790 7789
f 7805 7789 7804
f 7806 7790 7805
f 7807 7790 7806
f 7807 7791 7790
f 7808 7792 7791
f 7808 7791 7807
f 7809 7793 7792
f 7809 7792 7808
f 7810 7793 7809
f 7810 7794 7793
f 7811 7794 7810
f 7811 7795 7794
f 7811 7796 7795
f 7812 7796 7811
f 7813 7796 7812
f 7813 7799 7797
f 7813 7797 7796
f 7814 7156 7155
f 7814 7800 7156
f 7815 7800 7814
f 7815 7801 7800
f 7816 7803 7802
f 7816 7802 7801
f 7816 7801 7815
f 7817 7803 7816
f 7818 7803 7817
f 7818 7804 7803
f 7819 7804 7818
f 7819 7805 7804
f 7820 7806 7805
f 7820 7805 7819
f 7821 7806 7820
f 7821 7807 7806
f 7821 7808 7807
f 7822 7808 7821
f 7823 7809 7808
f 7823 7808 7822
f 7823 7810 7809
f 7824 7811 7810
f 7824 7810 7823
f 7825 7811 7824
f 7826 7811 7825
f 7826 7812 7811
f 7827 7813 7812
f 7827 7799 7813
f 7827 7828 7799
f 7827 7812 7826
f 7829 7155 7154
f 7829 7814 7155
f 7830 7814 7829
f 7830 7815 7814
f 7831 7817 7816
f 7831 7816 7815
f 7831 7815 7830
f 7832 7817 7831
f 7833 7818 7817
f 7833 7817 7832
f 7834 7820 7819
f 7834 7818 7833
f 7834 7819 7818
f 7835 7820 7834
f 7836 7821 7820
f 7836 7820 7835
f 7837 7821 7836
f 7837 7822 7821
f 7837 7823 7822
f 7838 7823 7837
f 7839 7824 7823
f 7839 7823 7838
f 7840 7825 7824
f 7840 7824 7839
f 7841 7826 7825
f 7841 7825 7840
f 7842 7843 7828
f 7842 7828 7827
f 7842 7827 7826
f 7842 7826 7841
f 7844 7154 7153
f 7844 7829 7154
f 7845 7830 7829
f 7845 7829 7844
f 7846 7831 7830
f 7846 7830 7845
f 7847 7831 7846
f 7847 7832 7831
f 7848 7832 7847
f 7848 7834 7833
f 7848 7833 7832
f 7849 7834 7848
f 7850 7834 7849
f 7850 7835 7834
f 7851 7836 7835
f 7851 7837 7836
f 7851 7835 7850
f 7852 7837 7851
f 7852 7838 7837
f 7853 7838 7852
f 7854 7839 7838
f 7854 7838 7853
f 7855 7839 7854
f 7855 7840 7839
f 7856 7840 7855
f 7856 7841 7840
f 7857 7858 7843
f 7857 7841 7856
f 7857 7843 7842
f 7857 7842 7841
f 7859 7153 7152
f 7859 7844 7153
f 7860 7844 7859
f 7860 7845 7844
f 7861 7846 7845
f 7861 7845 7860
f 7861 7847 7846
f 7862 7847 7861
f 7863 7847 7862
f 7863 7848 7847
f 7864 7849 7848
f 7864 7848 7863
f 7864 7850 7849
f 7865 7850 7864
f 7866 7851 7850
f 7866 7852 7851
f 7866 7850 7865
f 7867 7853 7852
f 7867 7852 7866
f 7868 7853 7867
f 7869 7854 7853
f 7869 7853 7868
f 7869 7855 7854
f 7870 7855 7869
f 7871 7856 7855
f 7871 7855 7870
f 7872 7873 7858
f 7872 7858 7857
f 7872 7857 7856
f 7872 7856 7871
f 7874 7152 7151
f 7874 7859 7152
f 7875 7860 7859
f 7875 7859 7874
f 7876 7861 7860
f 7876 7862 7861
f 7876 7860 7875
f 7877 7862 7876
f 7878 7863 7862
f 7878 7862 7877
f 7879 7864 7863
f 7879 7863 7878
f 7880 7865 7864
f 7880 7864 7879
f 7881 7865 7880
f 7881 7866 7865
f 7882 7867 7866
f 7882 7866 7881
f 7883 7868 7867
f 7883 7867 7882
f 7884 7868 7883
f 7884 7869 7868
f 7885 7869 7884
f 7885 7870 7869
f 7886 7870 7885
f 7886 7871 7870
f 7887 7871 7886
f 7887 7888 7873
f 7887 7873 7872
f 7887 7872 7871
f 7889 7151 7150
f 7889 7874 7151
f 7890 7875 7874
f 7890 7874 7889
f 7891 7877 7876
f 7891 7876 7875
f 7891 7875 7890
f 7892 7877 7891
f 7892 7878 7877
f 7893 7878 7892
f 7894 7880 7879
f 7894 7878 7893
f 7894 7879 7878
f 7895 7880 7894
f 7896 7880 7895
f 7896 7881 7880
f 7897 7883 7882
f 7897 7881 7896
f 7897 7882 7881
f 7898 7883 7897
f 7899 7884 7883
f 7899 7885 7884
f 7899 7883 7898
f 7900 7885 7899
f 7901 7886 7885
f 7901 7885 7900
f 7902 7887 7886
f 7902 7888 7887
f 7902 7903 7888
f 7902 7904 7903
f 7902 7886 7901
f 7905 7150 7149
f 7905 7889 7150
f 7906 7890 7889
f 7906 7889 7905
f 7907 7890 7906
f 7907 7891 7890
f 7908 7891 7907
f 7908 7892 7891
f 7909 7892 7908
f 7909 7893 7892
f 7910 7894 7893
f 7910 7893 7909
f 7911 7895 7894
f 7911 7894 7910
f 7912 7896 7895
f 7912 7895 7911
f 7913 7897 7896
f 7913 7896 7912
f 7914 7898 7897
f 7914 7899 7898
f 7914 7897 7913
f 7915 7899 7914
f 7916 7900 7899
f 7916 7899 7915
f 7917 7900 7916
f 7917 7901 7900
f 7918 7904 7902
f 7918 7902 7901
f 7918 7901 7917
f 7919 7906 7905
f 7919 7149 7148
f 7919 7905 7149
f 7920 7906 7919
f 7920 7907 7906
f 7921 7907 7920
f 7922 7908 7907
f 7922 7907 7921
f 7923 7908 7922
f 7923 7909 7908
f 7923 7910 7909
f 7924 7910 7923
f 7924 7911 7910
f 7925 7911 7924
f 7926 7911 7925
f 7926 7912 7911
f 7926 7913 7912
f 7927 7913 7926
f 7928 7913 7927
f 7928 7914 7913
f 7928 7915 7914
f 7929 7915 7928
f 7929 7916 7915
f 7930 7916 7929
f 7931 7918 7917
f 7931 7916 7930
f 7931 7917 7916
f 7932 7933 7904
f 7932 7918 7931
f 7932 7904 7918
f 7934 7919 7148
f 7934 7148 7147
f 7934 7920 7919
f 7935 7920 7934
f 7936 7921 7920
f 7936 7920 7935
f 7936 7922 7921
f 7937 7922 7936
f 7938 7924 7923
f 7938 7922 7937
f 7938 7923 7922
f 7939 7924 7938
f 7940 7924 7939
f 7940 7925 7924
f 7941 7926 7925
f 7941 7925 7940
f 7942 7927 7926
f 7942 7926 7941
f 7943 7929 7928
f 7943 7928 7927
f 7943 7927 7942
f 7944 7930 7929
f 7944 7929 7943
f 7945 7930 7944
f 7946 7931 7930
f 7946 7932 7931
f 7946 7930 7945
f 7947 7948 7933
f 7947 7949 7948
f 7947 7933 7932
f 7947 7932 7946
f 7950 7934 7147
f 7950 7147 7146
f 7951 7935 7934
f 7951 7934 7950
f 7952 7936 7935
f 7952 7935 7951
f 7953 7937 7936
f 7953 7936 7952
f 7954 7937 7953
f 7954 7938 7937
f 7955 7938 7954
f 7955 7939 7938
f 7956 7940 7939
f 7956 7939 7955
f 7957 7941 7940
f 7957 7940 7956
f 7958 7941 7957
f 7958 7942 7941
f 7959 7942 7958
f 7959 7943 7942
f 7960 7943 7959
f 7960 7944 7943
f 7961 7944 7960
f 7961 7945 7944
f 7962 7945 7961
f 7962 7946 7945
f 7962 7947 7946
f 7963 7947 7962
f 7963 7949 7947
f 7964 7950 7146
f 7964 7146 7145
f 7965 7951 7950
f 7965 7950 7964
f 7966 7951 7965
f 7966 7952 7951
f 7967 7952 7966
f 7967 7953 7952
f 7967 7954 7953
f 7968 7954 7967
f 7969 7954 7968
f 7969 7955 7954
f 7970 7956 7955
f 7970 7955 7969
f 7971 7957 7956
f 7971 7958 7957
f 7971 7956 7970
f 7972 7958 7971
f 7973 7959 7958
f 7973 7958 7972
f 7974 7960 7959
f 7974 7961 7960
f 7974 7959 7973
f 7975 7961 7974
f 7976 7962 7961
f 7976 7961 7975
f 7977 7963 7962
f 7977 7978 7949
f 7977 7949 7963
f 7977 7962 7976
f 7979 7964 7145
f 7979 7965 7964
f 7979 7145 7144
f 7980 7965 7979
f 7981 7966 7965
f 7981 7965 7980
f 7982 7968 7967
f 7982 7966 7981
f 7982 7967 7966
f 7983 7968 7982
f 7984 7970 7969
f 7984 7968 7983
f 7984 7969 7968
f 7985 7970 7984
f 7986 7971 7970
f 7986 7970 7985
f 7987 7972 7971
f 7987 7971 7986
f 7988 7973 7972
f 7988 7974 7973
f 7988 7972 7987
f 7989 7974 7988
f 7989 7975 7974
f 7990 7975 7989
f 7991 7975 7990
f 7991 7976 7975
f 7991 7977 7976
f 7992 7977 7991
f 7992 7993 7978
f 7992 7978 7977
f 7994 7144 7143
f 7994 7979 7144
f 7995 7979 7994
f 7995 7980 7979
f 7996 7980 7995
f 7996 7981 7980
f 7997 7981 7996
f 7997 7982 7981
f 7998 7982 7997
f 7998 7983 7982
f 7999 7983 7998
f 7999 7984 7983
f 8000 7984 7999
f 8000 7985 7984
f 8001 7985 8000
f 8001 7986 7985
f 8001 7987 7986
f 8002 7987 8001
f 8003 7987 8002
f 8003 7988 7987
f 8004 7989 7988
f 8004 7988 8003
f 8005 7989 8004
f 8005 7990 7989
f 8006 7991 7990
f 8006 7990 8005
f 8007 7992 7991
f 8007 7993 7992
f 8007 8008 7993
f 8007 8009 8008
f 8007 7991 8006
f 8010 7995 7994
f 8010 7143 7142
f 8010 7994 7143
f 8011 7995 8010
f 8012 7997 7996
f 8012 7995 8011
f 8012 7996 7995
f 8013 7997 8012
f 8014 7998 7997
f 8014 7997 8013
f 8015 7998 8014
f 8015 7999 7998
f 8016 8000 7999
f 8016 8001 8000
f 8016 7999 8015
f 8017 8001 8016
f 8018 8002 8001
f 8018 8003 8002
f 8018 8001 8017
f 8019 8003 8018
f 8020 8004 8003
f 8020 8003 8019
f 8021 8005 8004
f 8021 8004 8020
f 8022 8005 8021
f 8022 8006 8005
f 8023 8009 8007
f 8023 8007 8006
f 8023 8006 8022
f 8024 7141 7171
f 8024 7142 7141
f 8024 8010 7142
f 8025 8011 8010
f 8025 8010 8024
f 8025 8024 7171
f 8025 7171 7173
f 8026 8011 8025
f 8026 8012 8011
f 8026 7173 7175
f 8026 8025 7173
f 8027 8013 8012
f 8027 8012 8026
f 8027 7175 7177
f 8027 8026 7175
f 8028 8027 7177
f 8028 8013 8027
f 8028 8014 8013
f 8028 7177 7179
f 8029 8028 7179
f 8029 8014 8028
f 8029 8015 8014
f 8029 7179 7181
f 8030 8029 7181
f 8030 8016 8015
f 8030 7181 7183
f 8030 8015 8029
f 8031 8030 7183
f 8031 8017 8016
f 8031 7183 7185
f 8031 8016 8030
f 8032 8017 8031
f 8032 8031 7185
f 8032 8018 8017
f 8032 7185 7187
f 8033 8032 7187
f 8033 8018 8032
f 8033 8019 8018
f 8033 7187 7189
f 8034 8033 7189
f 8034 8019 8033
f 8034 7189 7191
f 8034 8020 8019
f 8035 8020 8034
f 8035 8034 7191
f 8035 7191 7193
f 8035 8021 8020
f 8036 8021 8035
f 8036 8035 7193
f 8036 7193 7195
f 8036 7195 7199
f 8036 8022 8021
f 8037 8036 7199
f 8037 8038 8009
f 8037 7198 8038
f 8037 8022 8036
f 8037 8009 8023
f 8037 7199 7198
f 8037 8023 8022
f 5734 5736 5735
f 5724 5723 5725
f 5734 5737 5736
f 5725 5722 5726
f 5723 5722 5725
f 5733 5738 5734
f 5734 5738 5737
f 5732 8039 5733
f 5733 8039 5738
f 5732 8040 8039
f 5720 5719 5721
f 5732 8041 8040
f 5731 8041 5732
f 5721 5718 5722
f 5719 5718 5721
f 5731 8042 8041
f 5726 5717 5727
f 5718 5717 5722
f 5722 5717 5726
f 5731 8043 8042
f 5717 5716 5727
f 5727 5716 5728
f 5731 8044 8043
f 5728 5715 5729
f 5716 5715 5728
f 5731 8045 8044
f 5715 5714 5729
f 5729 5714 5730
f 5731 8046 8045
f 5714 5713 5730
f 5731 8047 8046
f 5730 8047 5731
f 5730 8048 8047
f 5730 8049 8048
f 5730 8050 8049
f 5730 8051 8050
f 5708 5707 5709
f 5709 5707 5710
f 5730 8052 8051
f 5707 5706 5710
f 5710 5706 5711
f 5713 8053 5730
f 5730 8053 8052
f 5711 8054 5712
f 5706 8054 5711
f 5713 8055 8053
f 8054 8056 5712
f 5713 8057 8055
f 8056 8058 5712
f 5713 8059 8057
f 8058 8060 5712
f 5713 8061 8059
f 5712 8062 5713
f 8060 8062 5712
f 5713 8063 8061
f 8062 8064 5713
f 5713 8065 8063
f 8064 8066 5713
f 5713 8066 8065
f 5619 5738 5664
f 5664 8039 5705
f 5738 8039 5664
f 5705 8040 5703
f 8039 8040 5705
f 5703 8041 5702
f 8040 8041 5703
f 5702 8042 5700
f 8041 8042 5702
f 5700 8043 5699
f 8042 8043 5700
f 5699 8044 5697
f 8043 8044 5699
f 5697 8045 5696
f 8044 8045 5697
f 5696 8046 5694
f 8045 8046 5696
f 5694 8047 5693
f 8046 8047 5694
f 8047 8048 5693
f 5693 8048 5691
f 8048 8049 5691
f 5691 8049 5690
f 8049 8050 5690
f 5690 8050 5688
f 8050 8051 5688
f 5688 8051 5687
f 8051 8052 5687
f 5687 8052 5685
f 8052 8053 5685
f 5685 8053 5684
f 8053 8055 5684
f 5684 8055 5682
f 8055 8057 5682
f 5682 8057 5681
f 8057 8059 5681
f 5681 8059 5679
f 8059 8061 5679
f 5679 8061 5678
f 8061 8063 5678
f 5678 8063 5676
f 8063 8065 5676
f 5676 8065 5675
f 5675 8066 5673
f 8065 8066 5675
f 5673 8064 5672
f 8066 8064 5673
f 5672 8062 5670
f 8064 8062 5672
f 5670 8060 5669
f 8062 8060 5670
f 5669 8058 5667
f 8060 8058 5669
f 5667 8056 5666
f 8058 8056 5667
f 5666 8054 5663
f 8056 8054 5666
f 5663 5706 5622
f 8054 5706 5663
f 5559 5499 5498
f 8067 661 1245
f 8067 76 661
f 8068 1245 1812
f 8068 8067 1245
f 8069 1812 1791
f 8069 8068 1812
f 8070 1791 1770
f 8070 8069 1791
f 8071 1770 1749
f 8071 8070 1770
f 8072 1749 1728
f 8072 8071 1749
f 8073 1728 1707
f 8073 8072 1728
f 8074 1707 1686
f 8074 8073 1707
f 8075 1686 1665
f 8075 8074 1686
f 8076 1665 1644
f 8076 8075 1665
f 8077 8076 1644
f 8077 1644 1623
f 8078 8077 1623
f 8078 1623 1602
f 8079 1602 1581
f 8079 8078 1602
f 8080 1581 1560
f 8080 8079 1581
f 8081 1560 1539
f 8081 8080 1560
f 8082 1539 1518
f 8082 8081 1539
f 8083 1518 1497
f 8083 8082 1518
f 8084 1497 1476
f 8084 8083 1497
f 8085 1476 1455
f 8085 8084 1476
f 8086 1455 1434
f 8086 8085 1455
f 8087 1434 1413
f 8087 8086 1434
f 8088 1413 1392
f 8088 8087 1413
f 8089 1392 1371
f 8089 8088 1392
f 8090 1371 1350
f 8090 8089 1371
f 8091 1350 1329
f 8091 8090 1350
f 8092 1329 1308
f 8092 8091 1329
f 8093 1308 1287
f 8093 8092 1308
f 8094 1287 1265
f 8094 8093 1287
f 613 1265 619
f 613 8094 1265
f 8095 8096 8097
f 8098 7198 7197
f 8098 8099 7198
f 8100 8099 8098
f 8100 8101 8099
f 8102 8101 8100
f 8102 8103 8101
f 8104 8103 8102
f 8104 8105 8103
f 8106 8105 8104
f 8106 8107 8105
f 8108 8109 8107
f 8108 8107 8106
f 8110 8109 8108
f 8110 8111 8109
f 8112 8111 8110
f 8112 8113 8111
f 8114 8113 8112
f 8114 8115 8113
f 8116 8115 8114
f 8116 8117 8115
f 8118 8117 8116
f 8118 8119 8117
f 8120 8121 8119
f 8120 8119 8118
f 8122 8121 8120
f 8122 8123 8121
f 8124 8125 8126
f 8124 8123 8122
f 8124 8127 8123
f 8124 8126 8127
f 8128 7197 7214
f 8128 8098 7197
f 8129 8100 8098
f 8129 8098 8128
f 8130 8100 8129
f 8130 8102 8100
f 8131 8102 8130
f 8131 8104 8102
f 8132 8104 8131
f 8132 8106 8104
f 8133 8108 8106
f 8133 8106 8132
f 8134 8108 8133
f 8134 8110 8108
f 8135 8112 8110
f 8135 8110 8134
f 8136 8112 8135
f 8136 8114 8112
f 8137 8116 8114
f 8137 8114 8136
f 8138 8116 8137
f 8138 8118 8116
f 8139 8120 8118
f 8139 8118 8138
f 8140 8120 8139
f 8140 8122 8120
f 8141 8142 8125
f 8141 8125 8124
f 8141 8124 8122
f 8141 8122 8140
f 8143 7214 7229
f 8143 8128 7214
f 8144 8129 8128
f 8144 8128 8143
f 8145 8129 8144
f 8145 8130 8129
f 8145 8131 8130
f 8146 8131 8145
f 8147 8133 8132
f 8147 8132 8131
f 8147 8131 8146
f 8148 8133 8147
f 8149 8133 8148
f 8149 8134 8133
f 8150 8135 8134
f 8150 8134 8149
f 8151 8136 8135
f 8151 8135 8150
f 8152 8137 8136
f 8152 8136 8151
f 8153 8138 8137
f 8153 8137 8152
f 8154 8139 8138
f 8154 8138 8153
f 8155 8139 8154
f 8155 8140 8139
f 8156 8157 8142
f 8156 8141 8140
f 8156 8140 8155
f 8156 8142 8141
f 8158 7229 7244
f 8158 8143 7229
f 8159 8144 8143
f 8159 8143 8158
f 8160 8144 8159
f 8160 8145 8144
f 8161 8146 8145
f 8161 8145 8160
f 8161 8147 8146
f 8162 8147 8161
f 8163 8147 8162
f 8163 8148 8147
f 8164 8148 8163
f 8164 8149 8148
f 8165 8149 8164
f 8165 8150 8149
f 8166 8150 8165
f 8166 8151 8150
f 8167 8151 8166
f 8167 8152 8151
f 8168 8152 8167
f 8168 8153 8152
f 8169 8153 8168
f 8169 8155 8154
f 8169 8154 8153
f 8170 8155 8169
f 8171 8155 8170
f 8171 8172 8157
f 8171 8157 8156
f 8171 8156 8155
f 8173 7244 7259
f 8173 8158 7244
f 8174 8160 8159
f 8174 8158 8173
f 8174 8159 8158
f 8175 8160 8174
f 8176 8160 8175
f 8176 8161 8160
f 8177 8161 8176
f 8177 8162 8161
f 8178 8163 8162
f 8178 8164 8163
f 8178 8162 8177
f 8179 8165 8164
f 8179 8164 8178
f 8180 8165 8179
f 8181 8166 8165
f 8181 8167 8166
f 8181 8165 8180
f 8182 8167 8181
f 8183 8167 8182
f 8183 8168 8167
f 8184 8168 8183
f 8184 8169 8168
f 8185 8170 8169
f 8185 8169 8184
f 8186 8171 8170
f 8186 8187 8172
f 8186 8170 8185
f 8186 8172 8171
f 8188 7259 7274
f 8188 8173 7259
f 8189 8174 8173
f 8189 8173 8188
f 8190 8175 8174
f 8190 8174 8189
f 8191 8176 8175
f 8191 8175 8190
f 8192 8177 8176
f 8192 8176 8191
f 8193 8178 8177
f 8193 8177 8192
f 8194 8179 8178
f 8194 8178 8193
f 8195 8180 8179
f 8195 8179 8194
f 8196 8181 8180
f 8196 8180 8195
f 8197 8181 8196
f 8197 8182 8181
f 8198 8183 8182
f 8198 8182 8197
f 8199 8183 8198
f 8199 8184 8183
f 8199 8185 8184
f 8200 8185 8199
f 8201 8185 8200
f 8201 8187 8186
f 8201 8202 8187
f 8201 8186 8185
f 8203 7274 7289
f 8203 7289 7290
f 8203 8188 7274
f 8204 8189 8188
f 8204 8188 8203
f 8205 8190 8189
f 8205 8189 8204
f 8206 8190 8205
f 8206 8191 8190
f 8207 8191 8206
f 8207 8192 8191
f 8208 8192 8207
f 8208 8193 8192
f 8209 8194 8193
f 8209 8193 8208
f 8210 8195 8194
f 8210 8194 8209
f 8211 8196 8195
f 8211 8195 8210
f 8212 8196 8211
f 8212 8197 8196
f 8213 8197 8212
f 8213 8198 8197
f 8214 8199 8198
f 8214 8198 8213
f 8215 8200 8199
f 8215 8199 8214
f 8216 8201 8200
f 8216 8202 8201
f 8216 8217 8202
f 8216 8200 8215
f 8218 8203 7290
f 8219 8203 8218
f 8219 8204 8203
f 8220 8205 8204
f 8220 8204 8219
f 8221 8205 8220
f 8221 8207 8206
f 8221 8206 8205
f 8222 8208 8207
f 8222 8207 8221
f 8223 8208 8222
f 8224 8209 8208
f 8224 8210 8209
f 8224 8208 8223
f 8225 8210 8224
f 8226 8211 8210
f 8226 8210 8225
f 8227 8213 8212
f 8227 8212 8211
f 8227 8211 8226
f 8228 8213 8227
f 8229 8214 8213
f 8229 8215 8214
f 8229 8213 8228
f 8230 8215 8229
f 8231 8215 8230
f 8231 8232 8217
f 8231 8217 8216
f 8231 8216 8215
f 8233 7290 7319
f 8233 7319 7320
f 8233 8218 7290
f 8234 8219 8218
f 8234 8218 8233
f 8235 8219 8234
f 8235 8220 8219
f 8236 8220 8235
f 8236 8221 8220
f 8236 8222 8221
f 8237 8223 8222
f 8237 8222 8236
f 8238 8223 8237
f 8239 8223 8238
f 8239 8225 8224
f 8239 8224 8223
f 8240 8225 8239
f 8241 8225 8240
f 8241 8226 8225
f 8241 8227 8226
f 8242 8227 8241
f 8243 8227 8242
f 8243 8228 8227
f 8244 8228 8243
f 8244 8229 8228
f 8245 8230 8229
f 8245 8229 8244
f 8246 8247 8232
f 8246 8231 8230
f 8246 8232 8231
f 8246 8230 8245
f 8248 8233 7320
f 8249 8233 8248
f 8249 8234 8233
f 8250 8235 8234
f 8250 8234 8249
f 8251 8236 8235
f 8251 8237 8236
f 8251 8235 8250
f 8252 8238 8237
f 8252 8237 8251
f 8253 8238 8252
f 8254 8239 8238
f 8254 8240 8239
f 8254 8238 8253
f 8255 8240 8254
f 8256 8241 8240
f 8256 8240 8255
f 8257 8243 8242
f 8257 8241 8256
f 8257 8242 8241
f 8258 8243 8257
f 8259 8244 8243
f 8259 8245 8244
f 8259 8243 8258
f 8260 8245 8259
f 8261 8247 8246
f 8261 8246 8245
f 8261 8262 8247
f 8261 8245 8260
f 8263 7320 7349
f 8263 7349 7350
f 8263 8248 7320
f 8264 8249 8248
f 8264 8248 8263
f 8265 8250 8249
f 8265 8249 8264
f 8266 8251 8250
f 8266 8250 8265
f 8267 8252 8251
f 8267 8251 8266
f 8268 8253 8252
f 8268 8252 8267
f 8269 8253 8268
f 8269 8254 8253
f 8270 8254 8269
f 8270 8255 8254
f 8271 8255 8270
f 8271 8256 8255
f 8272 8256 8271
f 8272 8257 8256
f 8273 8258 8257
f 8273 8257 8272
f 8274 8258 8273
f 8274 8259 8258
f 8275 8259 8274
f 8275 8260 8259
f 8276 8260 8275
f 8276 8277 8262
f 8276 8262 8261
f 8276 8261 8260
f 8278 7350 7365
f 8278 8263 7350
f 8279 8264 8263
f 8279 8263 8278
f 8279 8265 8264
f 8280 8265 8279
f 8280 8266 8265
f 8281 8267 8266
f 8281 8266 8280
f 8282 8267 8281
f 8283 8267 8282
f 8283 8269 8268
f 8283 8268 8267
f 8284 8269 8283
f 8285 8271 8270
f 8285 8269 8284
f 8285 8270 8269
f 8286 8271 8285
f 8287 8272 8271
f 8287 8271 8286
f 8288 8273 8272
f 8288 8272 8287
f 8289 8273 8288
f 8289 8274 8273
f 8290 8274 8289
f 8290 8275 8274
f 8291 8275 8290
f 8291 8276 8275
f 8291 8277 8276
f 8291 8292 8277
f 8293 8278 7365
f 8294 8279 8278
f 8294 8280 8279
f 8294 8278 8293
f 8295 8280 8294
f 8296 8281 8280
f 8296 8282 8281
f 8296 8280 8295
f 8297 8282 8296
f 8298 8282 8297
f 8298 8283 8282
f 8298 8284 8283
f 8299 8284 8298
f 8300 8285 8284
f 8300 8286 8285
f 8300 8284 8299
f 8301 8286 8300
f 8302 8286 8301
f 8302 8287 8286
f 8303 8289 8288
f 8303 8288 8287
f 8303 8287 8302
f 8304 8289 8303
f 8305 8289 8304
f 8305 8290 8289
f 8305 8291 8290
f 8306 8291 8305
f 8306 8307 8292
f 8306 8292 8291
f 8308 7365 7394
f 8308 8293 7365
f 8309 8294 8293
f 8309 8293 8308
f 8310 8294 8309
f 8310 8295 8294
f 8311 8295 8310
f 8311 8296 8295
f 8312 8296 8311
f 8312 8297 8296
f 8313 8297 8312
f 8313 8298 8297
f 8314 8298 8313
f 8314 8299 8298
f 8315 8299 8314
f 8315 8300 8299
f 8316 8300 8315
f 8316 8301 8300
f 8317 8301 8316
f 8317 8302 8301
f 8318 8302 8317
f 8318 8303 8302
f 8319 8304 8303
f 8319 8303 8318
f 8320 8305 8304
f 8320 8304 8319
f 8321 8307 8306
f 8321 8305 8320
f 8321 8322 8307
f 8321 8306 8305
f 8323 7394 7409
f 8323 8309 8308
f 8323 8308 7394
f 8324 8309 8323
f 8325 8311 8310
f 8325 8309 8324
f 8325 8310 8309
f 8326 8311 8325
f 8327 8311 8326
f 8327 8313 8312
f 8327 8312 8311
f 8328 8314 8313
f 8328 8313 8327
f 8329 8314 8328
f 8330 8315 8314
f 8330 8316 8315
f 8330 8314 8329
f 8331 8316 8330
f 8332 8317 8316
f 8332 8316 8331
f 8333 8318 8317
f 8333 8319 8318
f 8333 8317 8332
f 8334 8319 8333
f 8335 8320 8319
f 8335 8319 8334
f 8336 8321 8320
f 8336 8322 8321
f 8336 8337 8322
f 8336 8320 8335
f 8338 7409 7424
f 8338 8323 7409
f 8339 8324 8323
f 8339 8323 8338
f 8340 8326 8325
f 8340 8325 8324
f 8340 8324 8339
f 8341 8326 8340
f 8342 8326 8341
f 8342 8327 8326
f 8343 8328 8327
f 8343 8327 8342
f 8344 8329 8328
f 8344 8330 8329
f 8344 8328 8343
f 8345 8330 8344
f 8346 8330 8345
f 8346 8331 8330
f 8347 8331 8346
f 8347 8332 8331
f 8348 8332 8347
f 8348 8333 8332
f 8349 8333 8348
f 8349 8334 8333
f 8350 8334 8349
f 8350 8335 8334
f 8351 8335 8350
f 8351 8352 8337
f 8351 8337 8336
f 8351 8336 8335
f 8353 7424 7439
f 8353 8338 7424
f 8353 8339 8338
f 8354 8339 8353
f 8355 8340 8339
f 8355 8339 8354
f 8356 8341 8340
f 8356 8340 8355
f 8357 8342 8341
f 8357 8343 8342
f 8357 8341 8356
f 8358 8343 8357
f 8359 8344 8343
f 8359 8343 8358
f 8360 8345 8344
f 8360 8344 8359
f 8361 8345 8360
f 8361 8346 8345
f 8362 8347 8346
f 8362 8346 8361
f 8363 8348 8347
f 8363 8347 8362
f 8364 8349 8348
f 8364 8348 8363
f 8365 8350 8349
f 8365 8349 8364
f 8366 8350 8365
f 8366 8351 8350
f 8366 8352 8351
f 8366 8367 8352
f 8368 7439 7454
f 8368 8353 7439
f 8369 8354 8353
f 8369 8353 8368
f 8370 8354 8369
f 8370 8355 8354
f 8371 8356 8355
f 8371 8355 8370
f 8372 8357 8356
f 8372 8356 8371
f 8373 8358 8357
f 8373 8357 8372
f 8374 8359 8358
f 8374 8358 8373
f 8375 8360 8359
f 8375 8359 8374
f 8376 8361 8360
f 8376 8360 8375
f 8377 8362 8361
f 8377 8363 8362
f 8377 8361 8376
f 8378 8363 8377
f 8379 8363 8378
f 8379 8364 8363
f 8379 8365 8364
f 8380 8365 8379
f 8381 8365 8380
f 8381 8382 8367
f 8381 8366 8365
f 8381 8367 8366
f 8383 7454 7469
f 8383 8368 7454
f 8383 8369 8368
f 8384 8369 8383
f 8385 8369 8384
f 8385 8370 8369
f 8385 8371 8370
f 8386 8371 8385
f 8387 8371 8386
f 8387 8372 8371
f 8387 8373 8372
f 8388 8373 8387
f 8389 8375 8374
f 8389 8373 8388
f 8389 8374 8373
f 8390 8376 8375
f 8390 8375 8389
f 8391 8376 8390
f 8392 8377 8376
f 8392 8376 8391
f 8393 8378 8377
f 8393 8377 8392
f 8394 8378 8393
f 8394 8379 8378
f 8394 8380 8379
f 8395 8380 8394
f 8396 8381 8380
f 8396 8382 8381
f 8396 8380 8395
f 8396 8397 8382
f 8398 7469 7484
f 8398 8384 8383
f 8398 8383 7469
f 8399 8385 8384
f 8399 8384 8398
f 8400 8385 8399
f 8401 8385 8400
f 8401 8386 8385
f 8401 8387 8386
f 8402 8388 8387
f 8402 8387 8401
f 8403 8388 8402
f 8404 8389 8388
f 8404 8390 8389
f 8404 8388 8403
f 8405 8390 8404
f 8406 8392 8391
f 8406 8391 8390
f 8406 8390 8405
f 8407 8392 8406
f 8408 8393 8392
f 8408 8392 8407
f 8409 8394 8393
f 8409 8393 8408
f 8410 8395 8394
f 8410 8396 8395
f 8410 8394 8409
f 8411 8397 8396
f 8411 8412 8397
f 8411 8396 8410
f 8413 7484 7499
f 8413 8398 7484
f 8414 8399 8398
f 8414 8398 8413
f 8415 8399 8414
f 8415 8400 8399
f 8416 8400 8415
f 8416 8401 8400
f 8417 8402 8401
f 8417 8401 8416
f 8418 8402 8417
f 8418 8403 8402
f 8419 8404 8403
f 8419 8403 8418
f 8420 8404 8419
f 8420 8405 8404
f 8421 8405 8420
f 8421 8406 8405
f 8422 8406 8421
f 8422 8407 8406
f 8423 8407 8422
f 8423 8408 8407
f 8424 8408 8423
f 8424 8409 8408
f 8425 8410 8409
f 8425 8409 8424
f 8426 8412 8411
f 8426 8411 8410
f 8426 8410 8425
f 8426 8427 8412
f 8428 7499 7514
f 8428 7514 7529
f 8428 8413 7499
f 8429 8414 8413
f 8429 8413 8428
f 8430 8415 8414
f 8430 8414 8429
f 8431 8415 8430
f 8431 8416 8415
f 8432 8417 8416
f 8432 8416 8431
f 8433 8418 8417
f 8433 8417 8432
f 8434 8418 8433
f 8434 8419 8418
f 8435 8419 8434
f 8435 8420 8419
f 8436 8420 8435
f 8436 8421 8420
f 8437 8423 8422
f 8437 8422 8421
f 8437 8421 8436
f 8438 8423 8437
f 8439 8424 8423
f 8439 8423 8438
f 8440 8425 8424
f 8440 8424 8439
f 8441 8426 8425
f 8441 8427 8426
f 8441 8442 8427
f 8441 8425 8440
f 8443 8428 7529
f 8444 8429 8428
f 8444 8430 8429
f 8444 8428 8443
f 8445 8430 8444
f 8446 8431 8430
f 8446 8432 8431
f 8446 8430 8445
f 8447 8432 8446
f 8448 8434 8433
f 8448 8433 8432
f 8448 8432 8447
f 8449 8435 8434
f 8449 8434 8448
f 8450 8435 8449
f 8451 8435 8450
f 8451 8436 8435
f 8451 8437 8436
f 8452 8437 8451
f 8453 8437 8452
f 8453 8438 8437
f 8454 8438 8453
f 8454 8439 8438
f 8454 8440 8439
f 8455 8440 8454
f 8455 8441 8440
f 8456 8441 8455
f 8456 8457 8442
f 8456 8442 8441
f 8458 7529 7544
f 8458 8443 7529
f 8459 8444 8443
f 8459 8443 8458
f 8460 8444 8459
f 8460 8445 8444
f 8461 8445 8460
f 8461 8446 8445
f 8462 8447 8446
f 8462 8448 8447
f 8462 8446 8461
f 8463 8448 8462
f 8464 8449 8448
f 8464 8448 8463
f 8465 8450 8449
f 8465 8449 8464
f 8466 8451 8450
f 8466 8452 8451
f 8466 8450 8465
f 8467 8452 8466
f 8467 8453 8452
f 8468 8453 8467
f 8469 8454 8453
f 8469 8453 8468
f 8470 8455 8454
f 8470 8454 8469
f 8471 8457 8456
f 8471 8455 8470
f 8471 8472 8457
f 8471 8456 8455
f 8473 7544 7559
f 8473 8458 7544
f 8474 8459 8458
f 8474 8460 8459
f 8474 8458 8473
f 8475 8460 8474
f 8476 8460 8475
f 8476 8462 8461
f 8476 8461 8460
f 8477 8462 8476
f 8478 8463 8462
f 8478 8464 8463
f 8478 8462 8477
f 8479 8464 8478
f 8479 8465 8464
f 8480 8465 8479
f 8481 8467 8466
f 8481 8466 8465
f 8481 8465 8480
f 8482 8467 8481
f 8483 8468 8467
f 8483 8467 8482
f 8484 8469 8468
f 8484 8468 8483
f 8485 8470 8469
f 8485 8471 8470
f 8485 8469 8484
f 8486 8471 8485
f 8486 8487 8472
f 8486 8472 8471
f 8488 7559 7574
f 8488 8473 7559
f 8489 8474 8473
f 8489 8475 8474
f 8489 8473 8488
f 8490 8475 8489
f 8491 8476 8475
f 8491 8477 8476
f 8491 8475 8490
f 8492 8477 8491
f 8493 8477 8492
f 8493 8478 8477
f 8494 8478 8493
f 8494 8479 8478
f 8495 8479 8494
f 8495 8480 8479
f 8496 8480 8495
f 8496 8481 8480
f 8496 8482 8481
f 8497 8483 8482
f 8497 8482 8496
f 8498 8483 8497
f 8499 8484 8483
f 8499 8483 8498
f 8500 8485 8484
f 8500 8484 8499
f 8500 8486 8485
f 8501 8487 8486
f 8501 8486 8500
f 8501 8502 8487
f 8503 7574 7589
f 8503 8488 7574
f 8504 8488 8503
f 8504 8489 8488
f 8505 8490 8489
f 8505 8489 8504
f 8506 8491 8490
f 8506 8490 8505
f 8507 8492 8491
f 8507 8491 8506
f 8508 8492 8507
f 8508 8494 8493
f 8508 8493 8492
f 8509 8494 8508
f 8510 8495 8494
f 8510 8494 8509
f 8511 8496 8495
f 8511 8495 8510
f 8512 8497 8496
f 8512 8498 8497
f 8512 8496 8511
f 8513 8498 8512
f 8514 8499 8498
f 8514 8500 8499
f 8514 8498 8513
f 8515 8500 8514
f 8516 8501 8500
f 8516 8502 8501
f 8516 8517 8502
f 8516 8500 8515
f 8518 7589 7617
f 8518 7617 7618
f 8518 7618 8519
f 8518 8503 7589
f 8520 8503 8518
f 8520 8504 8503
f 8520 8519 8521
f 8520 8518 8519
f 8522 8521 8523
f 8522 8520 8521
f 8522 8505 8504
f 8522 8504 8520
f 8524 8523 8525
f 8524 8505 8522
f 8524 8506 8505
f 8524 8522 8523
f 8526 8524 8525
f 8526 8525 8527
f 8526 8507 8506
f 8526 8506 8524
f 8528 8526 8527
f 8528 8527 8529
f 8528 8507 8526
f 8528 8508 8507
f 8530 8528 8529
f 8530 8529 8531
f 8530 8509 8508
f 8530 8508 8528
f 8532 8531 8533
f 8532 8509 8530
f 8532 8510 8509
f 8532 8530 8531
f 8534 8510 8532
f 8534 8533 8535
f 8534 8532 8533
f 8534 8511 8510
f 8536 8534 8535
f 8536 8511 8534
f 8536 8535 8537
f 8536 8513 8512
f 8536 8512 8511
f 8538 8513 8536
f 8538 8537 8539
f 8538 8536 8537
f 8540 8538 8539
f 8540 8513 8538
f 8540 8539 8541
f 8540 8514 8513
f 8542 8514 8540
f 8542 8541 8543
f 8542 8515 8514
f 8542 8540 8541
f 8544 8542 8543
f 8544 8515 8542
f 8544 8543 8097
f 8544 8097 8096
f 8544 8096 8517
f 8544 8517 8516
f 8544 8516 8515
f 8545 8095 8097
f 8099 8038 7198
f 8546 7618 7633
f 8546 8519 7618
f 8547 8519 8546
f 8547 8521 8519
f 8548 8521 8547
f 8548 8523 8521
f 8549 8523 8548
f 8549 8525 8523
f 8550 8525 8549
f 8550 8527 8525
f 8551 8527 8550
f 8551 8529 8527
f 8552 8529 8551
f 8552 8531 8529
f 8553 8533 8531
f 8553 8531 8552
f 8554 8533 8553
f 8554 8535 8533
f 8555 8537 8535
f 8555 8535 8554
f 8556 8537 8555
f 8556 8539 8537
f 8557 8539 8556
f 8557 8541 8539
f 8558 8541 8557
f 8558 8543 8541
f 8559 8543 8558
f 8559 8545 8097
f 8559 8097 8543
f 8560 7633 7648
f 8560 8546 7633
f 8561 8546 8560
f 8561 8547 8546
f 8562 8548 8547
f 8562 8547 8561
f 8563 8548 8562
f 8563 8549 8548
f 8564 8549 8563
f 8564 8550 8549
f 8565 8551 8550
f 8565 8550 8564
f 8566 8552 8551
f 8566 8551 8565
f 8567 8553 8552
f 8567 8552 8566
f 8568 8554 8553
f 8568 8553 8567
f 8569 8555 8554
f 8569 8554 8568
f 8570 8555 8569
f 8570 8556 8555
f 8571 8557 8556
f 8571 8556 8570
f 8572 8557 8571
f 8572 8558 8557
f 8573 8558 8572
f 8573 8559 8558
f 8573 8574 8545
f 8573 8545 8559
f 8575 7648 7663
f 8575 8561 8560
f 8575 8560 7648
f 8576 8561 8575
f 8577 8563 8562
f 8577 8562 8561
f 8577 8561 8576
f 8578 8563 8577
f 8579 8563 8578
f 8579 8565 8564
f 8579 8564 8563
f 8580 8565 8579
f 8581 8566 8565
f 8581 8567 8566
f 8581 8565 8580
f 8582 8567 8581
f 8583 8568 8567
f 8583 8567 8582
f 8584 8569 8568
f 8584 8568 8583
f 8585 8570 8569
f 8585 8569 8584
f 8586 8571 8570
f 8586 8572 8571
f 8586 8570 8585
f 8587 8572 8586
f 8588 8574 8573
f 8588 8589 8574
f 8588 8573 8572
f 8588 8572 8587
f 8590 7663 7678
f 8590 8575 7663
f 8591 8576 8575
f 8591 8575 8590
f 8592 8577 8576
f 8592 8576 8591
f 8593 8577 8592
f 8593 8578 8577
f 8594 8578 8593
f 8594 8579 8578
f 8594 8580 8579
f 8595 8580 8594
f 8596 8580 8595
f 8596 8581 8580
f 8597 8581 8596
f 8597 8582 8581
f 8598 8582 8597
f 8598 8583 8582
f 8599 8583 8598
f 8599 8584 8583
f 8600 8585 8584
f 8600 8584 8599
f 8601 8585 8600
f 8601 8586 8585
f 8602 8586 8601
f 8602 8587 8586
f 8603 8589 8588
f 8603 8587 8602
f 8603 8604 8589
f 8603 8588 8587
f 8605 7678 7693
f 8605 8591 8590
f 8605 8590 7678
f 8606 8591 8605
f 8607 8592 8591
f 8607 8591 8606
f 8607 8593 8592
f 8608 8593 8607
f 8609 8593 8608
f 8609 8594 8593
f 8610 8595 8594
f 8610 8596 8595
f 8610 8594 8609
f 8611 8596 8610
f 8612 8597 8596
f 8612 8598 8597
f 8612 8596 8611
f 8613 8598 8612
f 8614 8599 8598
f 8614 8600 8599
f 8614 8598 8613
f 8615 8601 8600
f 8615 8600 8614
f 8616 8601 8615
f 8617 8601 8616
f 8617 8602 8601
f 8617 8603 8602
f 8618 8604 8603
f 8618 8619 8604
f 8618 8603 8617
f 8620 7693 7708
f 8620 8605 7693
f 8621 8605 8620
f 8621 8606 8605
f 8622 8607 8606
f 8622 8606 8621
f 8623 8608 8607
f 8623 8607 8622
f 8624 8609 8608
f 8624 8608 8623
f 8625 8610 8609
f 8625 8609 8624
f 8626 8611 8610
f 8626 8612 8611
f 8626 8610 8625
f 8627 8612 8626
f 8628 8613 8612
f 8628 8612 8627
f 8629 8614 8613
f 8629 8613 8628
f 8630 8614 8629
f 8630 8615 8614
f 8631 8615 8630
f 8631 8616 8615
f 8632 8616 8631
f 8632 8617 8616
f 8633 8617 8632
f 8633 8634 8619
f 8633 8619 8618
f 8633 8618 8617
f 8635 7708 7709
f 8635 8620 7708
f 8636 8620 8635
f 8636 8621 8620
f 8637 8621 8636
f 8637 8622 8621
f 8638 8623 8622
f 8638 8622 8637
f 8639 8623 8638
f 8639 8624 8623
f 8640 8624 8639
f 8640 8625 8624
f 8641 8626 8625
f 8641 8625 8640
f 8642 8627 8626
f 8642 8626 8641
f 8643 8628 8627
f 8643 8627 8642
f 8644 8629 8628
f 8644 8628 8643
f 8645 8630 8629
f 8645 8629 8644
f 8646 8631 8630
f 8646 8630 8645
f 8647 8632 8631
f 8647 8631 8646
f 8648 8632 8647
f 8648 8633 8632
f 8648 8634 8633
f 8648 8649 8634
f 8648 8650 8649
f 8651 7709 7724
f 8651 8635 7709
f 8652 8637 8636
f 8652 8636 8635
f 8652 8635 8651
f 8653 8637 8652
f 8654 8639 8638
f 8654 8638 8637
f 8654 8637 8653
f 8655 8639 8654
f 8656 8640 8639
f 8656 8639 8655
f 8657 8641 8640
f 8657 8642 8641
f 8657 8640 8656
f 8658 8642 8657
f 8659 8643 8642
f 8659 8642 8658
f 8660 8644 8643
f 8660 8643 8659
f 8661 8645 8644
f 8661 8644 8660
f 8662 8646 8645
f 8662 8645 8661
f 8663 8647 8646
f 8663 8646 8662
f 8664 8648 8647
f 8664 8650 8648
f 8664 8647 8663
f 8665 7724 7753
f 8665 8651 7724
f 8666 8652 8651
f 8666 8651 8665
f 8667 8652 8666
f 8667 8653 8652
f 8668 8654 8653
f 8668 8653 8667
f 8669 8654 8668
f 8669 8655 8654
f 8669 8656 8655
f 8670 8656 8669
f 8671 8656 8670
f 8671 8657 8656
f 8672 8657 8671
f 8672 8658 8657
f 8673 8658 8672
f 8673 8659 8658
f 8674 8659 8673
f 8674 8660 8659
f 8675 8660 8674
f 8675 8661 8660
f 8675 8662 8661
f 8676 8662 8675
f 8677 8663 8662
f 8677 8662 8676
f 8678 8664 8663
f 8678 8663 8677
f 8678 8679 8650
f 8678 8680 8679
f 8678 8650 8664
f 8681 7753 7754
f 8681 8665 7753
f 8682 8667 8666
f 8682 8665 8681
f 8682 8666 8665
f 8683 8667 8682
f 8684 8668 8667
f 8684 8669 8668
f 8684 8667 8683
f 8685 8669 8684
f 8686 8670 8669
f 8686 8669 8685
f 8686 8671 8670
f 8687 8671 8686
f 8687 8672 8671
f 8688 8673 8672
f 8688 8672 8687
f 8689 8674 8673
f 8689 8673 8688
f 8690 8674 8689
f 8691 8675 8674
f 8691 8674 8690
f 8692 8676 8675
f 8692 8675 8691
f 8693 8677 8676
f 8693 8676 8692
f 8693 8678 8677
f 8694 8680 8678
f 8694 8678 8693
f 8695 7754 7769
f 8695 8681 7754
f 8696 8681 8695
f 8696 8682 8681
f 8697 8683 8682
f 8697 8682 8696
f 8698 8684 8683
f 8698 8683 8697
f 8699 8686 8685
f 8699 8685 8684
f 8699 8684 8698
f 8700 8686 8699
f 8701 8686 8700
f 8701 8688 8687
f 8701 8687 8686
f 8702 8688 8701
f 8702 8689 8688
f 8703 8689 8702
f 8704 8689 8703
f 8704 8690 8689
f 8704 8691 8690
f 8705 8691 8704
f 8706 8691 8705
f 8706 8692 8691
f 8706 8693 8692
f 8707 8693 8706
f 8708 8693 8707
f 8708 8680 8694
f 8708 8709 8680
f 8708 8710 8709
f 8708 8694 8693
f 8711 7769 7798
f 8711 8695 7769
f 8711 8696 8695
f 8712 8696 8711
f 8713 8696 8712
f 8713 8697 8696
f 8713 8698 8697
f 8714 8698 8713
f 8715 8698 8714
f 8715 8699 8698
f 8716 8699 8715
f 8716 8700 8699
f 8717 8701 8700
f 8717 8700 8716
f 8718 8701 8717
f 8718 8702 8701
f 8719 8703 8702
f 8719 8702 8718
f 8720 8704 8703
f 8720 8703 8719
f 8721 8705 8704
f 8721 8704 8720
f 8722 8706 8705
f 8722 8705 8721
f 8723 8707 8706
f 8723 8706 8722
f 8724 8707 8723
f 8724 8710 8708
f 8724 8708 8707
f 8724 8725 8710
f 8726 7798 7799
f 8726 8712 8711
f 8726 8711 7798
f 8727 8712 8726
f 8728 8713 8712
f 8728 8712 8727
f 8728 8714 8713
f 8729 8714 8728
f 8730 8715 8714
f 8730 8716 8715
f 8730 8714 8729
f 8731 8717 8716
f 8731 8716 8730
f 8732 8718 8717
f 8732 8717 8731
f 8733 8719 8718
f 8733 8718 8732
f 8734 8719 8733
f 8735 8720 8719
f 8735 8721 8720
f 8735 8719 8734
f 8736 8721 8735
f 8737 8721 8736
f 8737 8722 8721
f 8737 8723 8722
f 8738 8723 8737
f 8739 8723 8738
f 8739 8724 8723
f 8739 8725 8724
f 8740 7799 7828
f 8740 8726 7799
f 8741 8727 8726
f 8741 8726 8740
f 8742 8727 8741
f 8742 8728 8727
f 8743 8728 8742
f 8743 8729 8728
f 8744 8729 8743
f 8744 8730 8729
f 8745 8730 8744
f 8745 8731 8730
f 8746 8731 8745
f 8746 8732 8731
f 8747 8732 8746
f 8747 8733 8732
f 8748 8733 8747
f 8748 8734 8733
f 8749 8734 8748
f 8749 8735 8734
f 8750 8736 8735
f 8750 8735 8749
f 8751 8737 8736
f 8751 8736 8750
f 8752 8739 8738
f 8752 8737 8751
f 8752 8738 8737
f 8753 8725 8739
f 8753 8739 8752
f 8753 8754 8725
f 8755 7828 7843
f 8755 8740 7828
f 8756 8741 8740
f 8756 8742 8741
f 8756 8740 8755
f 8757 8742 8756
f 8758 8742 8757
f 8758 8743 8742
f 8759 8745 8744
f 8759 8744 8743
f 8759 8743 8758
f 8760 8745 8759
f 8761 8747 8746
f 8761 8745 8760
f 8761 8746 8745
f 8762 8748 8747
f 8762 8747 8761
f 8763 8748 8762
f 8764 8749 8748
f 8764 8748 8763
f 8765 8750 8749
f 8765 8751 8750
f 8765 8749 8764
f 8766 8751 8765
f 8766 8752 8751
f 8767 8752 8766
f 8768 8753 8752
f 8768 8754 8753
f 8768 8769 8754
f 8768 8752 8767
f 8770 7843 7858
f 8770 8755 7843
f 8771 8757 8756
f 8771 8755 8770
f 8771 8756 8755
f 8772 8757 8771
f 8773 8757 8772
f 8773 8758 8757
f 8774 8758 8773
f 8774 8759 8758
f 8775 8760 8759
f 8775 8759 8774
f 8776 8760 8775
f 8776 8761 8760
f 8777 8761 8776
f 8777 8762 8761
f 8777 8763 8762
f 8778 8763 8777
f 8779 8763 8778
f 8779 8764 8763
f 8780 8764 8779
f 8780 8765 8764
f 8781 8765 8780
f 8781 8766 8765
f 8782 8766 8781
f 8782 8767 8766
f 8783 8767 8782
f 8783 8784 8769
f 8783 8785 8784
f 8783 8769 8768
f 8783 8768 8767
f 8786 7858 7873
f 8786 8770 7858
f 8787 8770 8786
f 8787 8771 8770
f 8787 8772 8771
f 8788 8772 8787
f 8789 8772 8788
f 8789 8773 8772
f 8790 8774 8773
f 8790 8773 8789
f 8790 8775 8774
f 8791 8775 8790
f 8792 8777 8776
f 8792 8775 8791
f 8792 8776 8775
f 8793 8778 8777
f 8793 8777 8792
f 8794 8778 8793
f 8795 8779 8778
f 8795 8778 8794
f 8796 8780 8779
f 8796 8781 8780
f 8796 8779 8795
f 8797 8782 8781
f 8797 8781 8796
f 8798 8782 8797
f 8799 8785 8783
f 8799 8783 8782
f 8799 8782 8798
f 8800 7873 7888
f 8800 8786 7873
f 8801 8787 8786
f 8801 8786 8800
f 8802 8788 8787
f 8802 8787 8801
f 8803 8789 8788
f 8803 8788 8802
f 8804 8790 8789
f 8804 8789 8803
f 8805 8791 8790
f 8805 8790 8804
f 8806 8792 8791
f 8806 8791 8805
f 8807 8793 8792
f 8807 8792 8806
f 8808 8794 8793
f 8808 8793 8807
f 8809 8794 8808
f 8809 8795 8794
f 8810 8796 8795
f 8810 8795 8809
f 8811 8797 8796
f 8811 8796 8810
f 8812 8798 8797
f 8812 8797 8811
f 8813 8798 8812
f 8813 8785 8799
f 8813 8814 8785
f 8813 8815 8814
f 8813 8799 8798
f 8816 8800 7888
f 8816 7888 7903
f 8817 8801 8800
f 8817 8802 8801
f 8817 8800 8816
f 8818 8802 8817
f 8819 8802 8818
f 8819 8803 8802
f 8820 8803 8819
f 8820 8805 8804
f 8820 8804 8803
f 8821 8805 8820
f 8822 8807 8806
f 8822 8805 8821
f 8822 8806 8805
f 8823 8808 8807
f 8823 8807 8822
f 8824 8808 8823
f 8825 8809 8808
f 8825 8808 8824
f 8826 8809 8825
f 8826 8810 8809
f 8826 8811 8810
f 8827 8811 8826
f 8828 8812 8811
f 8828 8813 8812
f 8828 8811 8827
f 8829 8815 8813
f 8829 8813 8828
f 8830 7903 7904
f 8830 8816 7903
f 8831 8817 8816
f 8831 8816 8830
f 8832 8817 8831
f 8832 8818 8817
f 8833 8819 8818
f 8833 8818 8832
f 8834 8820 8819
f 8834 8819 8833
f 8835 8821 8820
f 8835 8820 8834
f 8836 8822 8821
f 8836 8821 8835
f 8837 8822 8836
f 8837 8823 8822
f 8838 8824 8823
f 8838 8823 8837
f 8839 8825 8824
f 8839 8824 8838
f 8840 8826 8825
f 8840 8825 8839
f 8841 8827 8826
f 8841 8828 8827
f 8841 8826 8840
f 8842 8828 8841
f 8843 8815 8829
f 8843 8829 8828
f 8843 8844 8815
f 8843 8845 8844
f 8843 8828 8842
f 8846 7904 7933
f 8846 8830 7904
f 8847 8831 8830
f 8847 8832 8831
f 8847 8830 8846
f 8848 8832 8847
f 8848 8833 8832
f 8849 8833 8848
f 8850 8833 8849
f 8850 8834 8833
f 8851 8834 8850
f 8851 8835 8834
f 8852 8835 8851
f 8852 8836 8835
f 8852 8837 8836
f 8853 8837 8852
f 8854 8837 8853
f 8854 8838 8837
f 8855 8838 8854
f 8855 8839 8838
f 8855 8840 8839
f 8856 8840 8855
f 8857 8840 8856
f 8857 8841 8840
f 8858 8841 8857
f 8858 8842 8841
f 8859 8842 8858
f 8859 8845 8843
f 8859 8843 8842
f 8860 7933 7948
f 8860 8846 7933
f 8861 8846 8860
f 8861 8847 8846
f 8862 8848 8847
f 8862 8847 8861
f 8863 8849 8848
f 8863 8848 8862
f 8864 8850 8849
f 8864 8849 8863
f 8865 8850 8864
f 8865 8851 8850
f 8866 8852 8851
f 8866 8851 8865
f 8867 8853 8852
f 8867 8852 8866
f 8868 8854 8853
f 8868 8853 8867
f 8869 8855 8854
f 8869 8854 8868
f 8870 8856 8855
f 8870 8855 8869
f 8871 8857 8856
f 8871 8856 8870
f 8872 8858 8857
f 8872 8857 8871
f 8873 8858 8872
f 8873 8859 8858
f 8873 8845 8859
f 8873 8874 8845
f 8875 7948 7949
f 8875 8860 7948
f 8876 8861 8860
f 8876 8860 8875
f 8877 8861 8876
f 8877 8862 8861
f 8878 8862 8877
f 8878 8863 8862
f 8879 8864 8863
f 8879 8863 8878
f 8880 8865 8864
f 8880 8864 8879
f 8881 8866 8865
f 8881 8865 8880
f 8882 8866 8881
f 8882 8867 8866
f 8883 8868 8867
f 8883 8869 8868
f 8883 8867 8882
f 8884 8869 8883
f 8884 8870 8869
f 8885 8870 8884
f 8885 8871 8870
f 8886 8871 8885
f 8886 8872 8871
f 8887 8872 8886
f 8888 8872 8887
f 8888 8889 8874
f 8888 8890 8889
f 8888 8873 8872
f 8888 8874 8873
f 8891 8875 7949
f 8891 7949 7978
f 8891 8876 8875
f 8892 8876 8891
f 8892 8877 8876
f 8893 8878 8877
f 8893 8877 8892
f 8894 8878 8893
f 8895 8879 8878
f 8895 8878 8894
f 8896 8880 8879
f 8896 8879 8895
f 8897 8881 8880
f 8897 8880 8896
f 8898 8882 8881
f 8898 8881 8897
f 8899 8883 8882
f 8899 8882 8898
f 8900 8884 8883
f 8900 8883 8899
f 8901 8885 8884
f 8901 8884 8900
f 8902 8885 8901
f 8902 8886 8885
f 8903 8886 8902
f 8903 8887 8886
f 8904 8887 8903
f 8904 8890 8888
f 8904 8888 8887
f 8905 7978 7993
f 8905 8891 7978
f 8906 8892 8891
f 8906 8891 8905
f 8907 8893 8892
f 8907 8892 8906
f 8908 8894 8893
f 8908 8893 8907
f 8909 8895 8894
f 8909 8894 8908
f 8910 8896 8895
f 8910 8895 8909
f 8911 8896 8910
f 8911 8897 8896
f 8911 8898 8897
f 8912 8898 8911
f 8913 8898 8912
f 8913 8899 8898
f 8913 8900 8899
f 8914 8901 8900
f 8914 8900 8913
f 8915 8902 8901
f 8915 8901 8914
f 8916 8903 8902
f 8916 8902 8915
f 8917 8903 8916
f 8918 8903 8917
f 8918 8904 8903
f 8918 8890 8904
f 8918 8919 8890
f 8918 8920 8919
f 8921 7993 8008
f 8921 8905 7993
f 8922 8906 8905
f 8922 8905 8921
f 8922 8907 8906
f 8923 8907 8922
f 8924 8907 8923
f 8924 8908 8907
f 8925 8909 8908
f 8925 8908 8924
f 8926 8910 8909
f 8926 8909 8925
f 8927 8910 8926
f 8927 8911 8910
f 8928 8911 8927
f 8928 8912 8911
f 8929 8912 8928
f 8929 8913 8912
f 8930 8913 8929
f 8930 8914 8913
f 8931 8915 8914
f 8931 8914 8930
f 8932 8916 8915
f 8932 8915 8931
f 8933 8917 8916
f 8933 8916 8932
f 8934 8918 8917
f 8934 8917 8933
f 8934 8920 8918
f 8934 8935 8920
f 8936 8008 8009
f 8936 8921 8008
f 8937 8922 8921
f 8937 8921 8936
f 8938 8923 8922
f 8938 8922 8937
f 8939 8924 8923
f 8939 8923 8938
f 8940 8924 8939
f 8940 8925 8924
f 8941 8926 8925
f 8941 8925 8940
f 8942 8927 8926
f 8942 8926 8941
f 8943 8928 8927
f 8943 8927 8942
f 8944 8929 8928
f 8944 8928 8943
f 8945 8930 8929
f 8945 8931 8930
f 8945 8929 8944
f 8946 8932 8931
f 8946 8931 8945
f 8947 8932 8946
f 8948 8933 8932
f 8948 8932 8947
f 8949 8934 8933
f 8949 8935 8934
f 8949 8933 8948
f 8950 8009 8038
f 8950 8099 8101
f 8950 8038 8099
f 8950 8936 8009
f 8951 8938 8937
f 8951 8936 8950
f 8951 8937 8936
f 8951 8950 8101
f 8952 8101 8103
f 8952 8103 8105
f 8952 8951 8101
f 8952 8939 8938
f 8952 8938 8951
f 8953 8105 8107
f 8953 8939 8952
f 8953 8952 8105
f 8954 8953 8107
f 8954 8941 8940
f 8954 8940 8939
f 8954 8939 8953
f 8955 8954 8107
f 8955 8107 8109
f 8955 8109 8111
f 8955 8941 8954
f 8956 8955 8111
f 8956 8941 8955
f 8956 8942 8941
f 8957 8956 8111
f 8957 8942 8956
f 8957 8111 8113
f 8957 8113 8115
f 8957 8943 8942
f 8957 8944 8943
f 8958 8944 8957
f 8958 8957 8115
f 8958 8945 8944
f 8959 8958 8115
f 8959 8945 8958
f 8959 8115 8117
f 8959 8117 8119
f 8960 8945 8959
f 8960 8959 8119
f 8960 8119 8121
f 8960 8946 8945
f 8960 8947 8946
f 8961 8947 8960
f 8961 8960 8121
f 8961 8948 8947
f 8962 8948 8961
f 8962 8121 8123
f 8962 8123 8127
f 8962 8961 8121
f 8963 8948 8962
f 8963 8962 8127
f 8963 8127 8126
f 8963 8964 8935
f 8963 8126 8964
f 8963 8935 8949
f 8963 8949 8948
f 614 619 618
f 614 613 619
f 592 618 1188
f 592 614 618
f 550 1188 1187
f 550 592 1188
f 532 1187 1146
f 532 550 1187
f 531 1146 1145
f 531 532 1146
f 496 1145 1104
f 496 531 1145
f 495 1104 1083
f 495 496 1104
f 477 1083 1062
f 477 495 1083
f 459 1062 1061
f 459 477 1062
f 441 1061 1020
f 441 459 1061
f 406 441 1020
f 406 1020 1019
f 405 406 1019
f 405 1019 978
f 387 978 957
f 387 405 978
f 369 957 956
f 369 387 957
f 351 956 935
f 351 369 956
f 333 935 914
f 333 351 935
f 315 914 893
f 315 333 914
f 297 893 852
f 297 315 893
f 279 852 851
f 279 297 852
f 261 851 810
f 261 279 851
f 226 810 809
f 226 261 810
f 225 809 788
f 225 226 809
f 207 788 767
f 207 225 788
f 189 767 746
f 189 207 767
f 154 746 725
f 154 189 746
f 153 725 704
f 153 154 725
f 118 704 682
f 118 153 704
f 75 682 659
f 75 118 682
f 76 659 661
f 76 75 659
f 79 8965 3
f 76 8067 77
f 8966 572 70
f 8966 70 8967
f 8968 572 8966
f 8968 575 572
f 8969 576 575
f 8969 575 8968
f 8970 581 576
f 8970 576 8969
f 8971 584 581
f 8971 581 8970
f 8972 585 584
f 8972 584 8971
f 8973 590 585
f 8973 585 8972
f 8974 594 590
f 8974 590 8973
f 8975 595 594
f 8975 594 8974
f 8976 595 8975
f 8976 598 595
f 8977 8967 8978
f 8977 8978 8979
f 8977 8966 8967
f 8980 598 8976
f 8980 600 598
f 8981 8966 8977
f 8981 8968 8966
f 8982 600 8980
f 8982 601 600
f 8983 8969 8968
f 8983 8968 8981
f 8984 601 8982
f 8984 604 601
f 8985 8969 8983
f 8985 8970 8969
f 8986 604 8984
f 8986 606 604
f 8987 8970 8985
f 8987 8971 8970
f 8988 606 8986
f 8988 608 606
f 8989 8971 8987
f 8989 8972 8971
f 8990 608 8988
f 8990 609 608
f 8990 612 609
f 8991 8973 8972
f 8991 8972 8989
f 8992 612 8990
f 8992 8094 613
f 8992 613 612
f 8993 8974 8973
f 8993 8973 8991
f 8994 8974 8993
f 8994 8975 8974
f 8995 8976 8975
f 8995 8975 8994
f 8996 8977 8979
f 8997 8980 8976
f 8997 8976 8995
f 8998 8981 8977
f 8998 8983 8981
f 8998 8977 8996
f 8999 8980 8997
f 8999 8982 8980
f 9000 8983 8998
f 9001 8984 8982
f 9001 8982 8999
f 9002 8987 8985
f 9002 8983 9000
f 9002 8985 8983
f 9003 8986 8984
f 9003 8984 9001
f 9004 8987 9002
f 9005 8986 9003
f 9005 8988 8986
f 9006 8989 8987
f 9006 8987 9004
f 9007 8988 9005
f 9007 8990 8988
f 9008 8991 8989
f 9008 8993 8991
f 9008 8989 9006
f 9009 8094 8992
f 9009 8992 8990
f 9009 8093 8094
f 9009 8990 9007
f 9010 8993 9008
f 9011 8994 8993
f 9011 8993 9010
f 9012 8994 9011
f 9012 8995 8994
f 9013 8996 8979
f 9013 8979 9014
f 9015 8997 8995
f 9015 8995 9012
f 9016 8998 8996
f 9016 8996 9013
f 9017 8999 8997
f 9017 8997 9015
f 9018 9000 8998
f 9018 8998 9016
f 9019 9001 8999
f 9019 8999 9017
f 9020 9000 9018
f 9020 9002 9000
f 9021 9001 9019
f 9021 9003 9001
f 9022 9004 9002
f 9022 9002 9020
f 9022 9006 9004
f 9023 9005 9003
f 9023 9003 9021
f 9024 9006 9022
f 9025 9005 9023
f 9025 9007 9005
f 9026 9006 9024
f 9026 9008 9006
f 9027 8093 9009
f 9027 9009 9007
f 9027 9007 9025
f 9027 8092 8093
f 9028 9010 9008
f 9028 9008 9026
f 9029 9012 9011
f 9029 9011 9010
f 9029 9010 9028
f 9030 9012 9029
f 9031 9014 9032
f 9031 9016 9013
f 9031 9013 9014
f 9033 9015 9012
f 9033 9012 9030
f 9034 9016 9031
f 9035 9017 9015
f 9035 9015 9033
f 9035 9019 9017
f 9036 9018 9016
f 9036 9016 9034
f 9037 9019 9035
f 9038 9022 9020
f 9038 9018 9036
f 9038 9020 9018
f 9039 9021 9019
f 9039 9019 9037
f 9040 9022 9038
f 9041 9023 9021
f 9041 9021 9039
f 9042 9024 9022
f 9042 9022 9040
f 9043 9025 9023
f 9043 9027 9025
f 9043 9023 9041
f 9044 9026 9024
f 9044 9024 9042
f 9045 8092 9027
f 9045 9027 9043
f 9045 8091 8092
f 9046 9026 9044
f 9046 9028 9026
f 9046 9029 9028
f 9047 9029 9046
f 9048 9033 9030
f 9048 9029 9047
f 9048 9030 9029
f 9049 9032 9050
f 9049 9031 9032
f 9051 9033 9048
f 9052 9034 9031
f 9052 9031 9049
f 9053 9033 9051
f 9053 9035 9033
f 9054 9034 9052
f 9054 9036 9034
f 9054 9038 9036
f 9055 9035 9053
f 9055 9037 9035
f 9056 9038 9054
f 9056 9040 9038
f 9057 9037 9055
f 9057 9039 9037
f 9058 9040 9056
f 9059 9039 9057
f 9059 9041 9039
f 9060 9044 9042
f 9060 9040 9058
f 9060 9042 9040
f 9061 9043 9041
f 9061 9041 9059
f 9062 9044 9060
f 9062 9046 9044
f 9063 9045 9043
f 9063 8091 9045
f 9063 8090 8091
f 9063 9043 9061
f 9064 9046 9062
f 9065 9047 9046
f 9065 9046 9064
f 9066 9048 9047
f 9066 9047 9065
f 9067 9049 9050
f 9067 9050 9068
f 9067 9052 9049
f 9069 9051 9048
f 9069 9053 9051
f 9069 9048 9066
f 9070 9052 9067
f 9071 9053 9069
f 9072 9054 9052
f 9072 9052 9070
f 9073 9053 9071
f 9073 9055 9053
f 9074 9056 9054
f 9074 9054 9072
f 9075 9055 9073
f 9075 9057 9055
f 9076 9058 9056
f 9076 9056 9074
f 9077 9059 9057
f 9077 9057 9075
f 9078 9060 9058
f 9078 9058 9076
f 9079 9061 9059
f 9079 9059 9077
f 9080 9062 9060
f 9080 9060 9078
f 9081 9063 9061
f 9081 8090 9063
f 9081 8089 8090
f 9081 9061 9079
f 9082 9064 9062
f 9082 9062 9080
f 9083 9064 9082
f 9083 9065 9064
f 9084 9066 9065
f 9084 9065 9083
f 9085 9068 9086
f 9085 9086 9087
f 9085 9067 9068
f 9088 9066 9084
f 9088 9069 9066
f 9089 9067 9085
f 9089 9070 9067
f 9090 9069 9088
f 9090 9071 9069
f 9090 9073 9071
f 9091 9070 9089
f 9091 9072 9070
f 9092 9073 9090
f 9093 9072 9091
f 9093 9074 9072
f 9094 9075 9073
f 9094 9073 9092
f 9095 9074 9093
f 9095 9076 9074
f 9096 9075 9094
f 9096 9077 9075
f 9097 9076 9095
f 9097 9078 9076
f 9098 9079 9077
f 9098 9077 9096
f 9099 9078 9097
f 9099 9080 9078
f 9100 9079 9098
f 9100 8089 9081
f 9100 8088 8089
f 9100 9081 9079
f 9101 9083 9082
f 9101 9082 9080
f 9101 9080 9099
f 9102 9084 9083
f 9102 9083 9101
f 9103 9084 9102
f 9103 9088 9084
f 9104 9085 9087
f 9105 9090 9088
f 9105 9088 9103
f 9106 9085 9104
f 9106 9089 9085
f 9107 9090 9105
f 9108 9089 9106
f 9108 9091 9089
f 9109 9094 9092
f 9109 9090 9107
f 9109 9092 9090
f 9110 9093 9091
f 9110 9091 9108
f 9111 9094 9109
f 9112 9093 9110
f 9112 9095 9093
f 9113 9096 9094
f 9113 9094 9111
f 9114 9097 9095
f 9114 9095 9112
f 9115 9100 9098
f 9115 9098 9096
f 9115 9096 9113
f 9116 9099 9097
f 9116 9097 9114
f 9117 8088 9100
f 9117 8087 8088
f 9117 9100 9115
f 9118 9102 9101
f 9118 9101 9099
f 9118 9099 9116
f 9119 9102 9118
f 9120 9102 9119
f 9120 9103 9102
f 9121 9087 9122
f 9121 9104 9087
f 9123 9105 9103
f 9123 9103 9120
f 9124 9106 9104
f 9124 9104 9121
f 9125 9105 9123
f 9125 9107 9105
f 9126 9106 9124
f 9126 9108 9106
f 9127 9107 9125
f 9127 9109 9107
f 9128 9108 9126
f 9128 9110 9108
f 9129 9109 9127
f 9129 9111 9109
f 9130 9110 9128
f 9130 9112 9110
f 9131 9111 9129
f 9131 9113 9111
f 9132 9112 9130
f 9132 9114 9112
f 9133 9115 9113
f 9133 9113 9131
f 9134 9116 9114
f 9134 9114 9132
f 9135 9117 9115
f 9135 8087 9117
f 9135 9115 9133
f 9135 8086 8087
f 9136 9119 9118
f 9136 9118 9116
f 9136 9116 9134
f 9137 9119 9136
f 9138 9120 9119
f 9138 9119 9137
f 9139 9122 9140
f 9139 9121 9122
f 9141 9123 9120
f 9141 9120 9138
f 9142 9121 9139
f 9142 9124 9121
f 9143 9125 9123
f 9143 9123 9141
f 9144 9124 9142
f 9144 9126 9124
f 9145 9125 9143
f 9145 9127 9125
f 9146 9128 9126
f 9146 9130 9128
f 9146 9126 9144
f 9147 9129 9127
f 9147 9127 9145
f 9148 9130 9146
f 9149 9131 9129
f 9149 9129 9147
f 9150 9134 9132
f 9150 9132 9130
f 9150 9130 9148
f 9151 9133 9131
f 9151 9135 9133
f 9151 9131 9149
f 9152 9134 9150
f 9153 9135 9151
f 9153 8086 9135
f 9153 8085 8086
f 9154 9136 9134
f 9154 9134 9152
f 9155 9136 9154
f 9155 9137 9136
f 9155 9138 9137
f 9156 9138 9155
f 9156 9141 9138
f 9157 9140 9158
f 9157 9139 9140
f 9159 9141 9156
f 9160 9142 9139
f 9160 9144 9142
f 9160 9139 9157
f 9161 9141 9159
f 9161 9143 9141
f 9161 9145 9143
f 9162 9144 9160
f 9162 9146 9144
f 9163 9145 9161
f 9163 9147 9145
f 9164 9146 9162
f 9165 9147 9163
f 9166 9148 9146
f 9166 9146 9164
f 9167 9151 9149
f 9167 9147 9165
f 9167 9149 9147
f 9168 9150 9148
f 9168 9148 9166
f 9169 9151 9167
f 9170 9150 9168
f 9170 9152 9150
f 9171 9153 9151
f 9171 8085 9153
f 9171 9151 9169
f 9171 8084 8085
f 9172 9154 9152
f 9172 9152 9170
f 9173 9155 9154
f 9173 9154 9172
f 9174 9156 9155
f 9174 9155 9173
f 9175 9158 9176
f 9175 9157 9158
f 9177 9159 9156
f 9177 9156 9174
f 9178 9157 9175
f 9178 9160 9157
f 9178 9162 9160
f 9179 9161 9159
f 9179 9159 9177
f 9180 9164 9162
f 9180 9162 9178
f 9181 9161 9179
f 9181 9163 9161
f 9182 9164 9180
f 9183 9165 9163
f 9183 9163 9181
f 9184 9166 9164
f 9184 9164 9182
f 9185 9167 9165
f 9185 9165 9183
f 9186 9168 9166
f 9186 9166 9184
f 9187 9169 9167
f 9187 9171 9169
f 9187 9167 9185
f 9188 9170 9168
f 9188 9168 9186
f 9189 9171 9187
f 9189 8084 9171
f 9189 8083 8084
f 9190 9172 9170
f 9190 9170 9188
f 9191 9173 9172
f 9191 9172 9190
f 9192 9174 9173
f 9192 9177 9174
f 9192 9173 9191
f 9193 9175 9176
f 9193 9176 9194
f 9193 9178 9175
f 9195 9177 9192
f 9196 9178 9193
f 9197 9177 9195
f 9197 9179 9177
f 9197 9181 9179
f 9198 9178 9196
f 9198 9180 9178
f 9199 9181 9197
f 9199 9183 9181
f 9200 9180 9198
f 9200 9182 9180
f 9200 9184 9182
f 9201 9183 9199
f 9202 9184 9200
f 9202 9186 9184
f 9203 9183 9201
f 9203 9185 9183
f 9204 9186 9202
f 9205 9187 9185
f 9205 9185 9203
f 9206 9188 9186
f 9206 9186 9204
f 9206 9190 9188
f 9207 9189 9187
f 9207 8083 9189
f 9207 9187 9205
f 9207 8082 8083
f 9208 9190 9206
f 9209 9191 9190
f 9209 9190 9208
f 9210 9192 9191
f 9210 9191 9209
f 9211 9194 9212
f 9211 9193 9194
f 9213 9195 9192
f 9213 9192 9210
f 9214 9193 9211
f 9214 9196 9193
f 9215 9197 9195
f 9215 9195 9213
f 9216 9198 9196
f 9216 9196 9214
f 9217 9199 9197
f 9217 9197 9215
f 9218 9200 9198
f 9218 9198 9216
f 9219 9201 9199
f 9219 9203 9201
f 9219 9199 9217
f 9220 9200 9218
f 9220 9202 9200
f 9221 9203 9219
f 9222 9204 9202
f 9222 9202 9220
f 9223 9205 9203
f 9223 9203 9221
f 9224 9206 9204
f 9224 9204 9222
f 9225 9207 9205
f 9225 8082 9207
f 9225 8081 8082
f 9225 9205 9223
f 9226 9208 9206
f 9226 9206 9224
f 9227 9208 9226
f 9227 9209 9208
f 9228 9209 9227
f 9228 9210 9209
f 9229 9212 9230
f 9229 9211 9212
f 9231 9213 9210
f 9231 9210 9228
f 9232 9211 9229
f 9232 9214 9211
f 9233 9213 9231
f 9233 9215 9213
f 9234 9214 9232
f 9234 9216 9214
f 9235 9215 9233
f 9235 9217 9215
f 9236 9218 9216
f 9236 9216 9234
f 9236 9220 9218
f 9237 9217 9235
f 9237 9219 9217
f 9238 9222 9220
f 9238 9220 9236
f 9239 9219 9237
f 9239 9221 9219
f 9240 9222 9238
f 9241 9223 9221
f 9241 9221 9239
f 9242 9224 9222
f 9242 9222 9240
f 9243 9225 9223
f 9243 8081 9225
f 9243 9223 9241
f 9243 8080 8081
f 9244 9227 9226
f 9244 9224 9242
f 9244 9226 9224
f 9245 9227 9244
f 9246 9228 9227
f 9246 9227 9245
f 9247 9230 9248
f 9247 9248 9249
f 9247 9229 9230
f 9250 9231 9228
f 9250 9228 9246
f 9250 9233 9231
f 9251 9234 9232
f 9251 9229 9247
f 9251 9232 9229
f 9252 9233 9250
f 9252 9235 9233
f 9253 9234 9251
f 9254 9235 9252
f 9255 9236 9234
f 9255 9234 9253
f 9256 9237 9235
f 9256 9239 9237
f 9256 9235 9254
f 9257 9238 9236
f 9257 9236 9255
f 9258 9239 9256
f 9259 9240 9238
f 9259 9238 9257
f 9260 9241 9239
f 9260 9243 9241
f 9260 9239 9258
f 9261 9242 9240
f 9261 9240 9259
f 9262 9243 9260
f 9262 8080 9243
f 9262 8079 8080
f 9263 9242 9261
f 9263 9244 9242
f 9264 9245 9244
f 9264 9244 9263
f 9265 9245 9264
f 9265 9246 9245
f 9266 9251 9247
f 9266 9247 9249
f 9267 9246 9265
f 9267 9250 9246
f 9268 9251 9266
f 9268 9253 9251
f 9269 9252 9250
f 9269 9250 9267
f 9270 9253 9268
f 9271 9252 9269
f 9271 9254 9252
f 9272 9253 9270
f 9272 9255 9253
f 9272 9257 9255
f 9273 9254 9271
f 9273 9256 9254
f 9274 9259 9257
f 9274 9257 9272
f 9275 9256 9273
f 9275 9258 9256
f 9276 9259 9274
f 9277 9258 9275
f 9277 9260 9258
f 9278 9261 9259
f 9278 9259 9276
f 9279 8079 9262
f 9279 9260 9277
f 9279 9262 9260
f 9279 8078 8079
f 9280 9263 9261
f 9280 9261 9278
f 9281 9264 9263
f 9281 9265 9264
f 9281 9263 9280
f 9282 9265 9281
f 9283 9268 9266
f 9283 9249 9284
f 9283 9266 9249
f 9285 9267 9265
f 9285 9265 9282
f 9286 9268 9283
f 9286 9270 9268
f 9287 9269 9267
f 9287 9267 9285
f 9288 9270 9286
f 9289 9269 9287
f 9289 9271 9269
f 9289 9273 9271
f 9290 9272 9270
f 9290 9270 9288
f 9291 9273 9289
f 9292 9272 9290
f 9292 9274 9272
f 9293 9275 9273
f 9293 9273 9291
f 9294 9276 9274
f 9294 9274 9292
f 9295 9279 9277
f 9295 9277 9275
f 9295 9275 9293
f 9296 9280 9278
f 9296 9278 9276
f 9296 9276 9294
f 9297 9279 9295
f 9297 8078 9279
f 9297 8077 8078
f 9298 9280 9296
f 9299 9280 9298
f 9299 9281 9280
f 9300 9282 9281
f 9300 9281 9299
f 9301 9283 9284
f 9301 9284 9302
f 9303 9282 9300
f 9303 9285 9282
f 9304 9283 9301
f 9304 9286 9283
f 9305 9285 9303
f 9305 9287 9285
f 9306 9286 9304
f 9306 9288 9286
f 9307 9287 9305
f 9307 9289 9287
f 9308 9288 9306
f 9308 9290 9288
f 9309 9289 9307
f 9309 9291 9289
f 9310 9292 9290
f 9310 9290 9308
f 9311 9293 9291
f 9311 9291 9309
f 9312 9294 9292
f 9312 9292 9310
f 9313 9293 9311
f 9313 9295 9293
f 9314 9296 9294
f 9314 9294 9312
f 9315 8077 9297
f 9315 9295 9313
f 9315 9297 9295
f 9315 8076 8077
f 9316 9298 9296
f 9316 9296 9314
f 9317 9299 9298
f 9317 9298 9316
f 9318 9300 9299
f 9318 9299 9317
f 9319 9301 9302
f 9319 9302 9320
f 9319 9320 9321
f 9322 9303 9300
f 9322 9300 9318
f 9323 9301 9319
f 9323 9304 9301
f 9324 9305 9303
f 9324 9303 9322
f 9325 9306 9304
f 9325 9304 9323
f 9326 9307 9305
f 9326 9305 9324
f 9327 9306 9325
f 9327 9308 9306
f 9328 9309 9307
f 9328 9307 9326
f 9329 9310 9308
f 9329 9308 9327
f 9330 9311 9309
f 9330 9309 9328
f 9331 9310 9329
f 9331 9312 9310
f 9332 9315 9313
f 9332 9313 9311
f 9332 9311 9330
f 9333 9314 9312
f 9333 9312 9331
f 9334 8076 9315
f 9334 8075 8076
f 9334 9315 9332
f 9335 9314 9333
f 9335 9316 9314
f 9336 9317 9316
f 9336 9318 9317
f 9336 9316 9335
f 9337 9318 9336
f 9338 9323 9319
f 9338 9319 9321
f 9338 9321 9339
f 9340 9318 9337
f 9340 9322 9318
f 9341 9323 9338
f 9341 9325 9323
f 9342 9322 9340
f 9342 9324 9322
f 9343 9325 9341
f 9344 9324 9342
f 9344 9326 9324
f 9344 9328 9326
f 9345 9325 9343
f 9345 9327 9325
f 9345 9329 9327
f 9346 9330 9328
f 9346 9328 9344
f 9347 9329 9345
f 9348 9330 9346
f 9349 9331 9329
f 9349 9329 9347
f 9350 9332 9330
f 9350 9334 9332
f 9350 9330 9348
f 9351 9333 9331
f 9351 9331 9349
f 9352 8075 9334
f 9352 9334 9350
f 9352 8074 8075
f 9353 9335 9333
f 9353 9333 9351
f 9354 9335 9353
f 9354 9336 9335
f 9355 9336 9354
f 9355 9337 9336
f 9356 9338 9339
f 9357 9340 9337
f 9357 9337 9355
f 9358 9341 9338
f 9358 9338 9356
f 9358 9343 9341
f 9359 9342 9340
f 9359 9340 9357
f 9360 9343 9358
f 9361 9344 9342
f 9361 9342 9359
f 9362 9345 9343
f 9362 9347 9345
f 9362 9343 9360
f 9363 9346 9344
f 9363 9344 9361
f 9364 9347 9362
f 9365 9348 9346
f 9365 9346 9363
f 9366 9347 9364
f 9366 9349 9347
f 9367 9350 9348
f 9367 9348 9365
f 9368 9351 9349
f 9368 9353 9351
f 9368 9349 9366
f 9369 9350 9367
f 9369 9352 9350
f 9369 8073 8074
f 9369 8074 9352
f 9370 9353 9368
f 9370 9354 9353
f 9371 9355 9354
f 9371 9354 9370
f 9372 9355 9371
f 9373 9339 9374
f 9373 9374 9375
f 9373 9358 9356
f 9373 9356 9339
f 9376 9355 9372
f 9376 9357 9355
f 9377 9358 9373
f 9378 9357 9376
f 9378 9359 9357
f 9379 9358 9377
f 9379 9360 9358
f 9380 9359 9378
f 9380 9361 9359
f 9380 9363 9361
f 9381 9360 9379
f 9381 9364 9362
f 9381 9362 9360
f 9382 9363 9380
f 9383 9364 9381
f 9384 9365 9363
f 9384 9363 9382
f 9385 9364 9383
f 9385 9366 9364
f 9386 9367 9365
f 9386 9369 9367
f 9386 9365 9384
f 9387 9370 9368
f 9387 9368 9366
f 9387 9366 9385
f 9388 8073 9369
f 9388 9369 9386
f 9388 8072 8073
f 9389 9371 9370
f 9389 9370 9387
f 9390 9371 9389
f 9391 9372 9371
f 9391 9371 9390
f 9392 9373 9375
f 9392 9375 9393
f 9392 9377 9373
f 9394 9378 9376
f 9394 9372 9391
f 9394 9376 9372
f 9395 9377 9392
f 9396 9378 9394
f 9397 9377 9395
f 9397 9379 9377
f 9398 9380 9378
f 9398 9382 9380
f 9398 9378 9396
f 9399 9381 9379
f 9399 9379 9397
f 9400 9382 9398
f 9400 9384 9382
f 9401 9383 9381
f 9401 9385 9383
f 9401 9381 9399
f 9402 9384 9400
f 9403 9385 9401
f 9403 9387 9385
f 9404 9386 9384
f 9404 9384 9402
f 9405 9387 9403
f 9406 9386 9404
f 9406 8071 8072
f 9406 9388 9386
f 9406 8072 9388
f 9407 9387 9405
f 9407 9389 9387
f 9407 9390 9389
f 9408 9390 9407
f 9409 9390 9408
f 9409 9391 9390
f 9410 9392 9393
f 9411 9391 9409
f 9411 9394 9391
f 9412 9392 9410
f 9412 9395 9392
f 9413 9394 9411
f 9413 9396 9394
f 9414 9395 9412
f 9414 9397 9395
f 9415 9396 9413
f 9415 9400 9398
f 9415 9398 9396
f 9416 9397 9414
f 9416 9399 9397
f 9416 9401 9399
f 9417 9400 9415
f 9418 9403 9401
f 9418 9401 9416
f 9419 9400 9417
f 9419 9402 9400
f 9420 9403 9418
f 9420 9405 9403
f 9421 9404 9402
f 9421 9406 9404
f 9421 9402 9419
f 9422 9405 9420
f 9423 8071 9406
f 9423 9406 9421
f 9423 8070 8071
f 9424 9405 9422
f 9424 9407 9405
f 9425 9408 9407
f 9425 9409 9408
f 9425 9407 9424
f 9426 9409 9425
f 9427 9393 9428
f 9427 9410 9393
f 9429 9411 9409
f 9429 9409 9426
f 9430 9410 9427
f 9430 9412 9410
f 9431 9411 9429
f 9431 9413 9411
f 9432 9412 9430
f 9432 9414 9412
f 9433 9417 9415
f 9433 9415 9413
f 9433 9413 9431
f 9434 9416 9414
f 9434 9414 9432
f 9435 9419 9417
f 9435 9417 9433
f 9436 9418 9416
f 9436 9416 9434
f 9437 9419 9435
f 9438 9420 9418
f 9438 9418 9436
f 9439 9419 9437
f 9439 9421 9419
f 9439 9423 9421
f 9440 9422 9420
f 9440 9420 9438
f 9441 9423 9439
f 9441 8069 8070
f 9441 8070 9423
f 9442 9425 9424
f 9442 9424 9422
f 9442 9422 9440
f 9443 9425 9442
f 9444 9426 9425
f 9444 9429 9426
f 9444 9425 9443
f 9445 9428 8965
f 9445 9427 9428
f 9445 8965 79
f 9446 9429 9444
f 9447 79 81
f 9447 9430 9427
f 9447 9427 9445
f 9447 9445 79
f 9448 9431 9429
f 9448 9429 9446
f 9449 81 83
f 9449 83 85
f 9449 9430 9447
f 9449 9432 9430
f 9449 9434 9432
f 9449 9447 81
f 9450 9431 9448
f 9450 9433 9431
f 9451 9436 9434
f 9451 9434 9449
f 9451 9449 85
f 9452 9433 9450
f 9452 9435 9433
f 9453 85 87
f 9453 9436 9451
f 9453 9451 85
f 9454 9437 9435
f 9454 9435 9452
f 9454 9439 9437
f 9455 9438 9436
f 9455 87 89
f 9455 9436 9453
f 9455 9453 87
f 9456 9439 9454
f 9457 9440 9438
f 9457 9455 89
f 9457 9438 9455
f 9457 89 91
f 9458 8069 9441
f 9458 8068 8069
f 9458 9439 9456
f 9458 9441 9439
f 9459 9442 9440
f 9459 9443 9442
f 9459 91 93
f 9459 9440 9457
f 9459 9457 91
f 9460 93 95
f 9460 9459 93
f 9460 9443 9459
f 9461 9444 9443
f 9461 95 97
f 9461 9460 95
f 9461 9443 9460
f 9462 9446 9444
f 9462 97 100
f 9462 9461 97
f 9462 9444 9461
f 9463 9448 9446
f 9463 9446 9462
f 9463 100 103
f 9463 9462 100
f 9464 9452 9450
f 9464 9450 9448
f 9464 103 106
f 9464 9463 103
f 9464 9448 9463
f 9465 106 109
f 9465 109 112
f 9465 9464 106
f 9465 9452 9464
f 9466 9454 9452
f 9466 9465 112
f 9466 9452 9465
f 9467 9466 112
f 9467 112 115
f 9467 9456 9454
f 9467 9454 9466
f 9468 115 77
f 9468 8067 8068
f 9468 8068 9458
f 9468 9458 9456
f 9468 9467 115
f 9468 77 8067
f 9468 9456 9467
f 42 8367 46
f 46 8382 47
f 8367 8382 46
f 41 8352 42
f 42 8352 8367
f 47 8397 51
f 8382 8397 47
f 41 8337 8352
f 41 37 8337
f 51 8412 52
f 8397 8412 51
f 37 8322 8337
f 37 34 8322
f 52 8427 56
f 8412 8427 52
f 34 8307 8322
f 34 33 8307
f 56 8442 57
f 8427 8442 56
f 33 8292 8307
f 33 29 8292
f 57 8457 61
f 8442 8457 57
f 29 8277 8292
f 29 28 8277
f 61 8472 62
f 8457 8472 61
f 28 8262 8277
f 62 8487 66
f 8472 8487 62
f 28 24 8262
f 24 8247 8262
f 66 8502 67
f 8487 8502 66
f 24 23 8247
f 23 8232 8247
f 67 8517 73
f 8502 8517 67
f 23 19 8232
f 19 8217 8232
f 73 8096 74
f 8517 8096 73
f 19 18 8217
f 18 8202 8217
f 8096 8095 74
f 74 8095 69
f 18 14 8202
f 14 8187 8202
f 8095 8545 69
f 69 8545 9469
f 14 13 8187
f 13 8172 8187
f 8545 9470 9469
f 8545 8574 9470
f 13 9 8172
f 9 8157 8172
f 8574 9471 9470
f 8589 9471 8574
f 9 8 8157
f 8157 8 8142
f 8589 9472 9471
f 8604 9472 8589
f 8 7 8142
f 8142 7 8125
f 8604 9473 9472
f 8619 9473 8604
f 7 6 8125
f 8125 6 8126
f 8619 9474 9473
f 8634 9474 8619
f 6 9475 8126
f 8126 9475 8964
f 8634 9476 9474
f 8649 9476 8634
f 9475 9477 8964
f 8964 9477 8935
f 8650 9478 8649
f 8649 9478 9476
f 9477 9479 8935
f 8935 9479 8920
f 8679 9480 8650
f 8650 9480 9478
f 9479 9481 8920
f 8920 9481 8919
f 8679 9482 9480
f 8680 9482 8679
f 8919 9483 8890
f 9481 9483 8919
f 8709 9484 8680
f 8680 9484 9482
f 8890 9485 8889
f 9483 9485 8890
f 8709 9486 9484
f 8710 9486 8709
f 9485 9487 8889
f 8889 9487 8874
f 8710 9488 9486
f 8725 9488 8710
f 9487 9489 8874
f 8874 9489 8845
f 8725 9490 9488
f 8754 9490 8725
f 8845 9491 8844
f 9489 9491 8845
f 8754 9492 9490
f 8769 9492 8754
f 9491 9493 8844
f 8844 9493 8815
f 8769 9494 9492
f 8784 9494 8769
f 8785 9494 8784
f 9493 9495 8815
f 8815 9495 8814
f 8785 9496 9494
f 9495 9496 8814
f 8814 9496 8785
f 9497 8967 70
f 9497 8978 8967
f 9497 8979 8978
f 9497 70 69
f 9497 69 9469
f 9497 9469 9470
f 9497 9470 9471
f 9498 9014 8979
f 9498 9497 9471
f 9498 9032 9014
f 9498 9471 9472
f 9498 9472 9473
f 9498 8979 9497
f 9499 9050 9032
f 9499 9068 9050
f 9499 9032 9498
f 9499 9498 9473
f 9499 9473 9474
f 9499 9474 9476
f 9500 9086 9068
f 9500 9087 9086
f 9500 9476 9478
f 9500 9478 9480
f 9500 9068 9499
f 9500 9499 9476
f 9501 9122 9087
f 9501 9140 9122
f 9501 9480 9482
f 9501 9482 9484
f 9501 9500 9480
f 9501 9087 9500
f 9502 9158 9140
f 9502 9176 9158
f 9502 9484 9486
f 9502 9486 9488
f 9502 9140 9501
f 9502 9501 9484
f 9503 9194 9176
f 9503 9176 9502
f 9503 9502 9488
f 9503 9488 9490
f 9504 9212 9194
f 9504 9230 9212
f 9504 9194 9503
f 9504 9490 9492
f 9504 9492 9494
f 9504 9503 9490
f 9505 9248 9230
f 9505 9249 9248
f 9505 9494 9496
f 9505 9496 9495
f 9505 9504 9494
f 9505 9230 9504
f 9506 9284 9249
f 9506 9302 9284
f 9506 9495 9493
f 9506 9493 9491
f 9506 9505 9495
f 9506 9249 9505
f 9507 9320 9302
f 9507 9321 9320
f 9507 9506 9491
f 9507 9491 9489
f 9507 9489 9487
f 9507 9302 9506
f 9508 9321 9507
f 9508 9507 9487
f 9508 9339 9321
f 9508 9374 9339
f 9508 9487 9485
f 9508 9485 9483
f 9509 9374 9508
f 9509 9508 9483
f 9509 9375 9374
f 9509 9393 9375
f 9509 9483 9481
f 9509 9481 9479
f 9510 6 3
f 9510 9509 9479
f 9510 9393 9509
f 9510 9428 9393
f 9510 8965 9428
f 9510 3 8965
f 9510 9479 9477
f 9510 9477 9475
f 9510 9475 6
